<?xml version="1.0" encoding="utf-8"?>
<openerp>
    <data>
        <template id="report_prakruti_gst_purchase_order">
           
            
            <t t-name="report.external_layout_header">
                <div class="header" style=" width: 235mm; border:1px solid black; ">
                    <div class="row">
                        <div align="center"> <strong>Purchase Order</strong> </div>
                        <div class="col-xs-3">
                            <img src='/prakruti/static/src/img/logo.png' />
                        </div>
                        <div class="col-xs-9 text-center" style="margin-top:0px;">
                            <span t-field="o.company_address.rml_header1" /><br />
                            <address>
                                <strong>Address: </strong><span class="inline" t-field="o.company_address.name"/><br/>
                                        <span class="inline" t-field="o.company_address.street"/> <br/>
                                        <span class="inline" t-field="o.company_address.street2"/> <br/>
                                        <span class="inline" t-field="o.company_address.city"/>,
                                        <span class="inline" t-field="o.company_address.zip"/><br/>
                                        <span class="inline" t-field="o.company_address.state_id"/><br/>
                                        <strong> Phone No:</strong><span class="inline" t-field="o.company_address.phone"/>
                            </address>
                        </div>
                    </div>
                
                </div>
            </t>
            
            
            
            
            
            
            <t t-name="prakruti.report_prakruti_gst_purchase_order">
                
                <div class="page" style="width: 235mm; border:2px solid black; ">
                    
                     
                    <table border="1" style="width: 235mm; border:1px solid black;">
  
                            <tr>
                                <td style="border: 1px solid #000000;">Your GSTIN NUMBER :</td>
                                <td style="border: 1px solid #000000;">Transportation Mode : (Apply for Supply of Goods only)</td>
                                
                            </tr>
                            <tr>
                                <td style="border: 1px solid #000000;">TAX is Payable On Reverse Charge : (Yes/No)</td>
                                <td style="border: 1px solid #000000;">Veh.No :</td>
                            </tr>
                            <tr>
                                <td style="border: 1px solid #000000;">Your Invoice Serial Number :</td>
                                <td style="border: 1px solid #000000;">Date &amp; Time of Supply :</td>
                            </tr>
                            <tr>
                                <td style="border: 1px solid #000000;">Your Invoice Date :</td>
                                <td style="border: 1px solid #000000;">Place Of Supply :</td>
                            </tr>
                        
                    </table>
                    
                    
                    <table border="1" style="width: 235mm; border:1px solid black;">
                            <tr>
                                <th class="text-center" style="border: 1px solid #000000;">Details Of Receiver (Billed to)</th>
                                <th class="text-center" style="border: 1px solid #000000;">Details Of Consignee (Shipped to)</th>
                                
                            </tr>
                            <tr>
                                <td style="border: 1px solid #000000;">Name :</td>
                                <td style="border: 1px solid #000000;">Name :</td>
                            </tr>
                            <tr>
                                <td style="border: 1px solid #000000;">Address :</td>
                                <td style="border: 1px solid #000000;">Address :</td>
                            </tr>
                            <tr>
                                <td style="border: 1px solid #000000;">State :</td>
                                <td style="border: 1px solid #000000;">State :</td>
                            </tr>
                            <tr>
                                <td style="border: 1px solid #000000;">State Code :</td>
                                <td style="border: 1px solid #000000;">State Code :</td>
                            </tr>
                            <tr>
                                <td style="border: 1px solid #000000;">GSTIN Number :</td>
                                <td style="border: 1px solid #000000;">GSTIN Number :</td>
                            </tr>
                    </table>
                    
                    <table border="1" style="width: 235mm; border:1px solid black;">
                      <tr>
                           <th rowspan="2" style="border: 1px solid #000000;" class="text-center">
                               Sl.No
                           </th>
                           <th rowspan="2" style="border: 1px solid #000000;" class="text-center">
                               Description Of Goods
                            </th>
                            <th rowspan="2" style="border: 1px solid #000000;" class="text-center">
                              HSN Code(GST)
                            </th>
                            <th rowspan="2" style="border: 1px solid #000000;" class="text-center">
                              Qty
                            </th>
                            <th rowspan="2" style="border: 1px solid #000000;" class="text-center">
                              UOM
                            </th>
                            <th rowspan="2" style="border: 1px solid #000000;" class="text-center">
                              Rate
                            </th>
                            <th rowspan="2" style="border: 1px solid #000000;" class="text-center">
                              Total
                            </th>
                            <th rowspan="2" style="border: 1px solid #000000;" class="text-center">
                              Discount
                            </th>
                            <th rowspan="2" style="border: 1px solid #000000;" class="text-center">
                              Taxable Value
                            </th>
                            
                           <th colspan="2" style="border: 1px solid #000000;" class="text-center">CGST</th>
                           <th colspan="2" style="border: 1px solid #000000;" class="text-center">SGST</th>
                           <th colspan="2" style="border: 1px solid #000000;" class="text-center">IGST</th>
                      </tr>
                     <tr>
                           <th style="border: 1px solid #000000;" class="text-center">Rate</th>
                           <th style="border: 1px solid #000000;" class="text-center">Amount</th>
                           <th style="border: 1px solid #000000;" class="text-center">Rate</th>
                           <th style="border: 1px solid #000000;" class="text-center">Amount</th>
                           <th style="border: 1px solid #000000;" class="text-center">Rate</th>
                           <th style="border: 1px solid #000000;" class="text-center">Amount</th>
                     </tr>
                    
                      <tr t-foreach="o.order_line" t-as="line">
                            <td class="col-xs-1" style="border: 1px solid #000000;">
                                <span t-esc="line_index+1"/>
                            </td>
                            <td  style="border: 1px solid #000000;">
                              <span t-field="line.product_id"/>
                           </td>
                           <td  style="border: 1px solid #000000;">
                              <span t-field="line.hsn_code"/>
                           </td> 
                          <td   class="text-right" style="border: 1px solid #000000;">
                             <span t-field="line.quantity" t-esc="'%.3f'% line.quantity"/>
                          </td>
                         <td  style="border: 1px solid #000000;">
                             <span t-field="line.uom_id"/>
                         </td>
                         <td  class="text-right" style="border: 1px solid #000000;">
                            <span t-field="line.unit_price" t-esc="'%.3f'% line.unit_price"/>
                         </td>
                         <td  class="text-right" style="border: 1px solid #000000;">
                            <span t-field="line.total" t-esc="'%.3f'% line.total"/>
                         </td>
                         <td  class="text-right" style="border: 1px solid #000000;">
                            <span t-field="line.discount_value" t-esc="'%.3f'% line.discount_value"/>
                         </td>
                         <td  class="text-right" style="border: 1px solid #000000;">
                            <span t-field="line.taxable_value" t-esc="'%.3f'% line.taxable_value"/>
                         </td> 
                         
                         <!--cgst -->
                          <td  class="text-right" style="border: 1px solid #000000;">
                            <span t-field="line.cgst_rate" t-esc="'%.3f'% line.cgst_rate"/>
                         </td> 
                         <td  class="text-right" style="border: 1px solid #000000;">
                            <span t-field="line.cgst_value" t-esc="'%.3f'% line.cgst_value"/>
                         </td> 
                         <!--sgst -->
                          <td  class="text-right" style="border: 1px solid #000000;">
                            <span t-field="line.sgst_rate" t-esc="'%.3f'% line.sgst_rate"/>
                         </td> 
                         <td  class="text-right" style="border: 1px solid #000000;">
                            <span t-field="line.sgst_value" t-esc="'%.3f'% line.sgst_value"/>
                         </td> 
                         <!--igst -->
                          <td  class="text-right" style="border: 1px solid #000000;">
                            <span t-field="line.igst_rate" t-esc="'%.3f'% line.igst_rate"/>
                         </td> 
                         <td  class="text-right" style="border: 1px solid #000000;">
                            <span t-field="line.igst_value" t-esc="'%.3f'% line.igst_value"/>
                         </td> 
                         
                         
                      </tr>
                      
                       <tr>
                          <td style="border: 1px solid #000000;"> </td> 
                          <td style="border: 1px solid #000000;"> </td> 
                          <td style="border: 1px solid #000000;"> </td> 
                          <td style="border: 1px solid #000000;"> </td> 
                          <td style="border: 1px solid #000000;"> </td> 
                          <td style="border: 1px solid #000000;"> </td> 
                          <td style="border: 1px solid #000000;"> </td> 
                          <td style="border: 1px solid #000000;"> </td> 
                          <td style="border: 1px solid #000000;" class="text-right"> Taxable Value total </td> 
                          <td style="border: 1px solid #000000;"></td> 
                          <td style="border: 1px solid #000000;" class="text-right">CGST total</td> 
                          <td style="border: 1px solid #000000;"> </td> 
                          <td style="border: 1px solid #000000;" class="text-right">SGST total</td> 
                          <td style="border: 1px solid #000000;"> </td> 
                          <td style="border: 1px solid #000000;" class="text-right">IGST total</td> 
                      </tr>
                      
                      <tr>
                        <th colspan="9" style="border: 1px solid #000000;" class="text-center">Invoice Value (In Words) </th>
                        <th colspan="5" style="border: 1px solid #000000;" class="text-right">Total</th>
                        <td style="border: 1px solid #000000;" class="text-right">610.88</td>
                     </tr>
                    
                    <tr>
                        <th rowspan="5" colspan="9" style="border: 1px solid #000000;"> Invoice Value Text </th>
                        <th  colspan="5" style="border: 1px solid #000000;" class="text-right">Freight Charges</th>
                        <td style="border: 1px solid #000000;" class="text-right">200</td>
                        </tr>
                        <tr>
                        <th  colspan="5" style="border: 1px solid #000000;" class="text-right">Loading and Packing Charges</th>
                        <td style="border: 1px solid #000000;" class="text-right">100</td>
                        </tr>
                        <tr>
                        <th colspan="5" style="border: 1px solid #000000;" class="text-right">Insurance Charges</th>
                        <td style="border: 1px solid #000000;" class="text-right">50</td>
                        </tr>
                        <tr>
                        <th  colspan="5" style="border: 1px solid #000000;" class="text-right">Other Charges</th>
                        <td style="border: 1px solid #000000;" class="text-right">25</td>
                        </tr>
                        <tr>
                        <th  colspan="5" style="border: 1px solid #000000;" class="text-right">Invoice Total</th>
                        <td style="border: 1px solid #000000;" class="text-right">375</td>
                    </tr>
                    
                   <tr>
                          <th colspan="9" style="border: 1px solid #000000;">Amount of Tax Subject to Reverse Charge</th>
                         <!-- <td style="border: 1px solid #000000;"> </td> 
                          <td style="border: 1px solid #000000;"> </td> 
                          <td style="border: 1px solid #000000;"> </td> 
                          <td style="border: 1px solid #000000;"> </td> 
                          <td style="border: 1px solid #000000;"> </td> 
                          <td style="border: 1px solid #000000;"> </td> 
                          <td style="border: 1px solid #000000;"> </td> 
                          <td style="border: 1px solid #000000;"> </td> -->
                         <!-- <td style="border: 1px solid #000000;"> Taxable Value total </td> -->
                          <td style="border: 1px solid #000000;"></td> 
                          <td style="border: 1px solid #000000;" class="text-right">CGST total</td> 
                          <td style="border: 1px solid #000000;"> </td> 
                          <td style="border: 1px solid #000000;" class="text-right">SGST total</td> 
                          <td style="border: 1px solid #000000;"> </td> 
                          <td style="border: 1px solid #000000;" class="text-right">IGST total</td> 
                      </tr>
                      
             </table>
                    
              
             
             <!-- <table border="1" style="width: 235mm; border:1px solid black;">
              <tr>
                          <td style="border: 1px solid #000000;">. </td> 
                          <td style="border: 1px solid #000000;">. </td> 
                          <td style="border: 1px solid #000000;">. </td> 
                          <td style="border: 1px solid #000000;">. </td> 
                          <td style="border: 1px solid #000000;">. </td> 
                          <td style="border: 1px solid #000000;">. </td> 
                          <td style="border: 1px solid #000000;">. </td> 
                          <td style="border: 1px solid #000000;">. </td> 
                          <td style="border: 1px solid #000000;"> Taxable Value total </td> 
                          <td style="border: 1px solid #000000;"></td> 
                          <td style="border: 1px solid #000000;">CGST total</td> 
                          <td style="border: 1px solid #000000;">.</td> 
                          <td style="border: 1px solid #000000;">SGST total</td> 
                          <td style="border: 1px solid #000000;">.</td> 
                          <td style="border: 1px solid #000000;">IGST total</td> 
             </tr>
             
             </table>-->
             
             <!-- <table border="1" style="width: 235mm; border:1px solid black;">
                <tr>
                <th colspan="3" style="border: 1px solid #000000;">Invoice Value (In Words) </th>
                <td style="border: 1px solid #000000;">Total</td>
                <td style="border: 1px solid #000000;">610.88</td>
                </tr>
            </table>-->
            
            
           <!-- <table border="1" style="width: 235mm; border:1px solid black;">
                <tr>
                <th rowspan="5" colspan="3" style="border: 1px solid #000000;"> Invoice Value Text </th>
                <th style="border: 1px solid #000000;">Freight Charges</th>
                <td style="border: 1px solid #000000;">200</td>
                </tr>
                <tr>
                <th style="border: 1px solid #000000;">Loading and Packing Charges</th>
                <td style="border: 1px solid #000000;">100</td>
                </tr>
                <tr>
                <th style="border: 1px solid #000000;">Insurance Charges</th>
                <td style="border: 1px solid #000000;">50</td>
                </tr>
                <tr>
                <th style="border: 1px solid #000000;">Other Charges</th>
                <td style="border: 1px solid #000000;">25</td>
                </tr>
                <tr>
                <th style="border: 1px solid #000000;">Invoice Total</th>
                <td style="border: 1px solid #000000;">375</td>
                </tr>
            
            </table>-->
            
           <!--  <table border="1" style="width: 235mm; border:1px solid black;">
                <tr>
                    <th colspan="6" style="border: 1px solid #000000;">Amount of Tax Subject to Reverse Charge</th>
                    <td style="border: 1px solid #000000;"> </td>
                    <td style="border: 1px solid #000000;">610.88</td>
                    <td style="border: 1px solid #000000;"> .</td>
                    <td style="border: 1px solid #000000;">610.88</td>
                    <td style="border: 1px solid #000000;"> </td>
                    <td style="border: 1px solid #000000;">610.88</td>
                </tr>
            </table>-->


            <table border="1" style="width: 235mm; border:1px solid black;">
                <tr>
                    
                    <td style="border: 1px solid #000000;" class="text-center"><br/>Certified that the Particulars given above are true and correct</td>
                    <td style="border: 1px solid #000000;" class="text-center"><br/>Electonic Reference Number :</td>
                    
                </tr>
                <tr>
                    <td style="border: 1px solid #000000;"><p><u>Declaration</u><br/>This SI/DN/CN is issued in adjustment to Original Invoice NO:...............<br/>Original Invoice Dated :...........................</p></td>
                    <td style="border: 1px solid #000000;">B</td>
                </tr>
            </table>
            
             <table border="1" style="width: 235mm; border:1px solid black;">
                <tr>
                    <th style="border: 1px solid #000000;" class="text-center">TERMS &amp; CONDITION OF SALE </th>
                    <th style="border: 1px solid #000000;" class="text-center"><span class="inline" t-field="o.company_address.name"/></th>
                </tr>
                <tr>
                    <th rowspan="5" style="border: 1px solid #000000;"></th>
                    <tr>
                      <td style="border: 1px solid #000000;"><br/>Signature :......................</td>
                    </tr>
                     <tr>
                      <th style="border: 1px solid #000000;">Authorised Signatory</th>
                    </tr>
                     <tr>
                      <td style="border: 1px solid #000000;">Name :</td>
                    </tr>
                     <tr>
                      <td style="border: 1px solid #000000;">Designation :<br/></td>
                    </tr>
                </tr>
            </table>
            
            
            
            
            
            
                    
                    
                    
            </div>              
            
        </t>
                
                
                
                
            </template>
        
        
        <template id="report_prakruti_gst_purchase_order_template">
            <t t-call="report.html_container">
                <t t-foreach="docs" t-as="o">
                    <t t-call="prakruti.report_prakruti_gst_purchase_order" t-lang="o.prepared_by.lang"/>                    
                </t>
            </t>
        </template>  

        
    </data>
</openerp>