id,name,model_id:id,group_id:id,perm_read,perm_write,perm_create,perm_unlink
access_product_product_account_user,product.product.account.user,product.model_product_product,group_account_user,1,0,0,0
access_account_payment_term,account.payment.term,model_account_payment_term,account.group_account_user,1,0,0,0
access_account_payment_term_line,account.payment.term.line,model_account_payment_term_line,account.group_account_user,1,0,0,0
access_account_account_type_manager,account.account.type,model_account_account_type,account.group_account_manager,1,1,1,1
access_account_account_type,account.account.type,model_account_account_type,account.group_account_user,1,0,0,0
access_account_tax_internal_user,account.tax internal user,model_account_tax,base.group_user,1,0,0,0
access_account_account_manager,account.account,model_account_account,account.group_account_manager,1,1,1,1
access_account_account,account.account,model_account_account,account.group_account_user,1,0,0,0
access_account_account_user,account.account user,model_account_account,base.group_user,1,0,0,0
access_account_account_partner_manager,account.account partner manager,model_account_account,base.group_partner_manager,1,0,0,0
access_account_tax,account.tax,model_account_tax,account.group_account_invoice,1,0,0,0
access_account_account_template,account.account.template,model_account_account_template,account.group_account_manager,1,1,1,1
access_account_chart_template,account.chart.template,model_account_chart_template,account.group_account_manager,1,1,1,1
access_account_tax_template,account.tax.template,model_account_tax_template,account.group_account_manager,1,1,1,1
access_account_bank_statement_group_invoice,account.bank.statement.group.invoice,model_account_bank_statement,account.group_account_invoice,1,0,0,0
access_account_bank_statement_line_group_invoice,account.bank.statement.line.group.invoice,model_account_bank_statement_line,account.group_account_invoice,1,0,0,0
access_account_bank_statement,account.bank.statement,model_account_bank_statement,account.group_account_user,1,1,1,1
access_account_bank_statement_line,account.bank.statement.line,model_account_bank_statement_line,account.group_account_user,1,1,1,1
access_account_analytic_line_manager,account.analytic.line manager,model_account_analytic_line,account.group_account_manager,1,0,0,0
access_account_analytic_account,account.analytic.account,analytic.model_account_analytic_account,base.group_user,1,0,0,0
access_account_invoice_uinvoice,account.invoice,model_account_invoice,account.group_account_invoice,1,1,1,1
access_account_invoice_line_uinvoice,account.invoice.line,model_account_invoice_line,account.group_account_invoice,1,1,1,1
access_account_invoice_tax_uinvoice,account.invoice.tax,model_account_invoice_tax,account.group_account_invoice,1,1,1,1
access_account_move_uinvoice,account.move,model_account_move,account.group_account_invoice,1,1,1,1
access_account_move_line_uinvoice,account.move.line invoice,model_account_move_line,account.group_account_invoice,1,1,1,1
access_account_payment_term_manager,account.payment.term,model_account_payment_term,account.group_account_manager,1,1,1,1
access_account_payment_term_line_manager,account.payment.term.line,model_account_payment_term_line,account.group_account_manager,1,1,1,1
access_account_tax_manager,account.tax,model_account_tax,account.group_account_manager,1,1,1,1
access_account_journal_manager,account.journal,model_account_journal,account.group_account_manager,1,1,1,1
access_account_journal_user,account.journal,model_account_journal,account.group_account_user,1,0,0,0
access_account_journal_invoice,account.journal invoice,model_account_journal,account.group_account_invoice,1,0,0,0
access_account_invoice_group_invoice,account.invoice group invoice,model_account_invoice,account.group_account_invoice,1,1,1,1
access_res_currency_account_manager,res.currency account manager,base.model_res_currency,group_account_manager,1,1,1,1
access_res_currency_rate_account_manager,res.currency.rate account manager,base.model_res_currency_rate,group_account_manager,1,1,1,1
access_account_invoice_user,account.invoice user,model_account_invoice,base.group_user,1,0,0,0
access_account_invoice_user,account.invoice.line user,model_account_invoice_line,base.group_user,1,0,0,0
access_account_payment_term_partner_manager,account.payment.term partner manager,model_account_payment_term,base.group_user,1,0,0,0
access_account_payment_term_line_partner_manager,account.payment.term.line partner manager,model_account_payment_term_line,base.group_user,1,0,0,0
access_account_account_sale_manager,account.account sale manager,model_account_account,base.group_sale_manager,1,0,0,0
access_account_fiscal_position_product_manager,account.fiscal.position account.manager,model_account_fiscal_position,account.group_account_manager,1,1,1,1
access_account_fiscal_position_tax_product_manager,account.fiscal.position.tax account.manager,model_account_fiscal_position_tax,account.group_account_manager,1,1,1,1
access_account_fiscal_position_account_product_manager,account.fiscal.position account.manager,model_account_fiscal_position_account,account.group_account_manager,1,1,1,1
access_account_fiscal_position,account.fiscal.position all,model_account_fiscal_position,base.group_user,1,0,0,0
access_account_fiscal_position_tax,account.fiscal.position.tax all,model_account_fiscal_position_tax,base.group_user,1,0,0,0
access_account_fiscal_position_account,account.fiscal.position all,model_account_fiscal_position_account,base.group_user,1,0,0,0
access_account_fiscal_position_template,account.fiscal.position.template,model_account_fiscal_position_template,account.group_account_manager,1,1,1,1
access_account_fiscal_position_tax_template,account.fiscal.position.tax.template,model_account_fiscal_position_tax_template,account.group_account_manager,1,1,1,1
access_account_fiscal_position_account_template,account.fiscal.position.account.template,model_account_fiscal_position_account_template,account.group_account_manager,1,1,1,1
access_account_invoice_report_user,account.invoice.report_user,model_account_invoice_report,account.group_account_user,1,0,0,0
access_account_invoice_report,account.invoice.report,model_account_invoice_report,account.group_account_manager,1,1,1,1
access_res_partner_group_account_manager,res_partner group_account_manager,model_res_partner,account.group_account_manager,1,0,0,0
access_account_invoice_accountant,account.invoice accountant,model_account_invoice,account.group_account_user,1,0,0,0
access_account_move_line_manager,account.move.line manager,model_account_move_line,account.group_account_manager,1,0,0,0
access_account_move_manager,account.move manager,model_account_move,account.group_account_manager,1,0,0,0
access_account_invoice_tax_accountant,account.invoice.tax accountant,model_account_invoice_tax,account.group_account_user,1,0,0,0
access_account_analytic_line_invoice,account.analytic.line invoice,model_account_analytic_line,account.group_account_invoice,1,1,1,1
access_account_invoice_line_accountant,account.invoice.line accountant,model_account_invoice_line,account.group_account_user,1,0,0,0
access_account_account_invoice,account.account invoice,model_account_account,account.group_account_invoice,1,0,0,0
access_account_analytic_accountant,account.analytic.account accountant,analytic.model_account_analytic_account,account.group_account_user,1,1,1,1
access_account_account_type_invoice,account.account.type invoice,model_account_account_type,account.group_account_invoice,1,0,0,0
access_account_tax_sale_manager,account.tax sale manager,model_account_tax,base.group_sale_salesman,1,0,0,0
access_account_journal_sale_manager,account.journal sale manager,model_account_journal,base.group_sale_salesman,1,0,0,0
access_account_invoice_tax_sale_manager,account.invoice.tax  sale manager,model_account_invoice_tax,base.group_sale_salesman,1,0,0,0
access_account_financial_report,account.financial.report,model_account_financial_report,account.group_account_user,1,1,1,1
access_account_financial_report_invoice,account.financial.report invoice,model_account_financial_report,account.group_account_invoice,1,0,0,0
access_account_account_tax,account.account.tag,model_account_account_tag,account.group_account_user,1,0,0,0
access_account_account_tax_user,account.account.tag,model_account_account_tag,account.group_account_invoice,1,0,0,0
access_account_operation_template,account.operation.template,model_account_operation_template,account.group_account_user,1,1,1,1
access_account_partial_reconcile_group_invoice,account.partial.reconcile.group.invoice,model_account_partial_reconcile,account.group_account_invoice,1,1,1,0
access_account_partial_reconcile,account.partial.reconcile,model_account_partial_reconcile,account.group_account_user,1,1,1,1
access_account_payment_method,account.payment.method,model_account_payment_method,account.group_account_invoice,1,1,1,1
access_account_payment,account.payment,model_account_payment,account.group_account_invoice,1,1,1,1
access_account_cashbox,account.bank.statement.cashbox,model_account_bank_statement_cashbox,account.group_account_user,1,1,1,1
access_account_cashbox_line,account.bank.statement.cashbox.line,model_account_cashbox_line,account.group_account_user,1,1,1,1
access_account_tax_group_internal_user,account.tax.group internal user,model_account_tax_group,base.group_user,1,0,0,0
access_account_tax_group,account.tax.group,model_account_tax_group,account.group_account_invoice,1,0,0,0
access_account_tax_group_manager,account.tax.group,model_account_tax_group,account.group_account_manager,1,1,1,1
access_account_tax_group_sale_manager,account.tax.group sale manager,model_account_tax_group,base.group_sale_salesman,1,0,0,0
