<?xml version="1.0" encoding="utf-8"  ?>
<openerp>
 <data>
     
     
        <record model="ir.ui.view" id="view_prakruti_batch_master_search">
            <field name="name">prakruti.batch_master.search</field>
            <field name="model">prakruti.batch_master</field>
            <field name="arch" type="xml">
                <search string="Product Wise Search">
                    <field name ="batch_name"/>
                    <field name ="batch_no" />
                    <field name ="subplant_id"/>
                    <field name ="batch_capacity" />
                    <field name ="batch_allocation_date"/>
                    <field name ="batch_end_date"/>
                    <field name ="batch_allocated_by"/>
                    <field name ="is_batch_closed"/>
                    <field name ="bmr_no"/>
                </search>
            </field>
        </record>
     
     <record model="ir.ui.view" id="view_prakruti_batch_master_form">
        <field name="name">Batch Master</field>
        <field name="model">prakruti.batch_master</field>
        <field name="arch" type="xml">
            <form string="Batch Master" >
             <header>
                       <button  name="send_mail" string="Send By Mail" type="object"  default_focus="1" class="oe_highlight"/>
                </header>
                <sheet>
                    <group>
                        <field name ="subplant_id"  style="width:25%%" on_change="onchange_subplant_id(subplant_id)" options="{'no_create': True, 'no_open': True, 'no_create_edit' : True}"/>
                        <field name ="batch_name"  style="width:25%%" />
                        <field name ="batch_no" style="width:25%%"  />
                        <field name ="batch_capacity" style="width:145%%"/>
                        <field name ="batch_allocation_date" style="width:145%%"/>
                        <field name ="batch_end_date" style="width:145%%"/>
                        <field name ="batch_allocated_by" readonly="True"/>
                        <field name ="is_batch_closed" readonly="True"/>  
                        <field name ="plant_type" style="width:35%%"/>
                        <field name ="batch_allocated_flag" invisible="True"/>
                        <field name ="insert_flag" invisible="True"/>
                        <field name ="insert_into_bom" invisible="True"/>
                        <field name ="bmr_no" invisible="True"/>
                    </group>
                <group>
                    <group string='Process List:'>
                        <field name ="pulverisation" style="width:35%%" attrs="{'invisible':[('plant_type', '=', 'tablet')]}" />
                        <field name ="extraction_new" style="width:35%%" attrs="{'invisible':[('plant_type', '=', 'tablet')]}"/>
                        <field name ="precipitation" style="width:35%%"  attrs="{'invisible':[('plant_type', 'in', ('tablet'))]}"/>
                        <field name ="bleaching" style="width:35%%" attrs="{'invisible':[('plant_type', 'in', ('tablet','syrup'))]}"/>
                        <field name ="filtration" style="width:35%%" attrs="{'invisible':[('plant_type', '=', 'tablet')]}"/>
                        <field name ="concentration" style="width:35%%" attrs="{'invisible':[('plant_type', 'in', ('tablet','syrup'))]}"/>
                        <field name ="evaporation" style="width:35%%" attrs="{'invisible':[('plant_type', 'in', ('tablet','syrup'))]}"/>
                        <field name ="spent_cooling_unloading" style="width:35%%"  attrs="{'invisible':[('plant_type', 'in', ('tablet','syrup'))]}"/>
                        <field name ="maturation_crystalization" style="width:35%%"  attrs="{'invisible':[('plant_type', 'in', ('tablet','syrup'))]}"/>
                        <field name ="stirring" style="width:35%%" attrs="{'invisible':[('plant_type', 'in', ('tablet','syrup'))]}"/>
                        <field name ="extract_solution" style="width:35%%" attrs="{'invisible':[('plant_type', 'in', ('tablet','extraction','formulation'))]}"/>
                        <field name ="soak_raw_material" style="width:35%%" attrs="{'invisible':[('plant_type', 'in', ('tablet','extraction','formulation'))]}"/>
                        <field name ="autoclave" style="width:35%%" attrs="{'invisible':[('plant_type', 'in', ('tablet','extraction','formulation'))]}"/>
                        <field name ="addition_preservative" style="width:35%%" attrs="{'invisible':[('plant_type', 'in', ('tablet','extraction','formulation'))]}"/>
                        <field name ="preparation_syrup" style="width:35%%" attrs="{'invisible':[('plant_type', 'in', ('tablet','extraction','formulation'))]}"/>
                        <field name ="ph_control_buffer" style="width:35%%" attrs="{'invisible':[('plant_type', 'in', ('tablet','extraction','formulation'))]}"/>
                        <field name ="solvent_name" style="width:35%%" attrs="{'invisible':[('plant_type', 'in', ('tablet','extraction','formulation'))]}"/>
                        <field name ="filling" style="width:35%%" attrs="{'invisible':[('plant_type', 'in', ('tablet','extraction','formulation'))]}"/>
                        <field name ="coding"  style="width:35%%" attrs="{'invisible':[('plant_type', 'in', ('tablet','extraction','formulation'))]}"/>
                        <field name ="packing" style="width:35%%" attrs="{'invisible':[('plant_type', '=', ('extraction'))]}"/>
                        <field name ="other_ingredient_addition" style="width:35%" attrs="{'invisible':[('plant_type', 'in', ('extraction','tablet','formulation'))]}"/>
                        <field name ="coating" style="width:35%%" attrs="{'invisible':[('plant_type', 'in', ('syrup','extraction','formulation'))]}"/>
                        <field name ="api_addition" style="width:35%%" attrs="{'invisible':[('plant_type', '=', ('extraction','syrup','formulation'))]}"/>
                        <field name ="preparation_of_binder" style="width:35%%" attrs="{'invisible':[('plant_type', 'in', ('syrup','extraction','formulation'))]}"/>
                        <field name ="granulation" style="width:35%%" attrs="{'invisible':[('plant_type', 'in', ('syrup','extraction','formulation'))]}"/>
                        <field name ="semi_drying" style="width:35%%" attrs="{'invisible':[('plant_type', 'in', ('syrup','extraction','formulation'))]}"/>
                        <field name ="final_drying" style="width:35%%" attrs="{'invisible':[('plant_type', 'in', ('syrup','extraction','formulation'))]}"/>
                        <field name ="compression" style="width:35%%" attrs="{'invisible':[('plant_type', 'in', ('syrup','extraction','formulation'))]}"/>
                        <field name ="tablet_coating" style="width:35%%" attrs="{'invisible':[('plant_type', 'in', ('syrup','extraction','formulation'))]}"/>
                        <field name ="inspection" style="width:35%%" attrs="{'invisible':[('plant_type', 'in', ('syrup','extraction','formulation'))]}"/>
                        <field name ="metal_inspection" style="width:35%%" attrs="{'invisible':[('plant_type', 'in', ('syrup','extraction','formulation'))]}"/>
                        <field name ="water_striiping_chart" style="width:35%%" attrs="{'invisible':[('plant_type', 'in', ('syrup','tablet','formulation'))]}"/>
                        <field name ="charcolisation_chart" style="width:35%%" attrs="{'invisible':[('plant_type', 'in', ('syrup','tablet','formulation'))]}"/>
                        <field name ="spray_drying_chart" style="width:35%%" attrs="{'invisible':[('plant_type', 'in', ('syrup','tablet','formulation'))]}"/>
                        <field name ="drying_chart" style="width:35%%" attrs="{'invisible':[('plant_type', 'in', ('syrup','tablet','formulation'))]}"/>
                        <field name ="milling" style="width:35%%" attrs="{'invisible':[('plant_type', 'in', ('syrup','formulation'))]}"/>
                        <field name ="sieving" style="width:35%%" attrs="{'invisible':[('plant_type', 'in', ('syrup','formulation'))]}"/>
                        <field name ="magnetic_particle_seperation" style="width:35%%" attrs="{'invisible':[('plant_type', 'in', ('syrup','tablet','formulation'))]}"/>
                        <field name ="blending" style="width:35%%" attrs="{'invisible':[('plant_type', 'in', ('syrup','formulation'))]}"/>
                        <field name ="heat_sterilization" style="width:35%%" attrs="{'invisible':[('plant_type', 'in', ('syrup','tablet','formulation'))]}"/>
                        <field name ="spent_stripping" style="width:35%%" attrs="{'invisible':[('plant_type', 'in', ('syrup','tablet','formulation'))]}"/>
                    </group>
                </group>
                </sheet>
            </form>
        </field>
    </record>
    <record model="ir.ui.view" id="view_prakruti_batch_master_tree">
            <field name="name">Batch Master</field>
            <field name="model">prakruti.batch_master</field>
            <field name="arch" type="xml">
                <tree string="Batch Master" >
                    <field name ="batch_name"/>
                    <field name ="batch_no" />
                    <field name ="subplant_id"/>
                    <field name ="batch_capacity" />
                    <field name ="batch_allocation_date"/>
                    <field name ="batch_end_date"/>
                    <field name ="batch_allocated_by"/>
                    <field name ="is_batch_closed"/>
                </tree>
            </field>
        </record>  
     <record model="ir.ui.view" id="view_prakruti_batch_master_pivot">
            <field name="name">prakruti.batch_master.pivot</field>
            <field name="model">prakruti.batch_master</field>
            <field name="arch" type="xml">
                <pivot string=" Batch Master " display_quantity="True">
                    <field name="subplant_id" type="row"/>
                    <field name ="batch_no" />
                </pivot>
            </field>
        </record> 
        
    <record model="ir.actions.act_window" id="prakruti_batch_master_action">
            <field name="name">Batch Master</field>
            <field name="res_model">prakruti.batch_master</field>
            <field name="view_type">form</field>
            <field name="view_mode">tree,form,pivot</field>
        </record>
        
    

       
        <menuitem id="prakruti_batch_master_sub_menu" name="Manage Batch" action="prakruti_batch_master_action" sequence="7"
                  parent="prakruti_production_quality_analysis_parent_menu" groups="group_prakruti_batch_master_read_only,group_prakruti_batch_master_edit,group_prakruti_batch_master_create,group_prakruti_batch_master_delete"/>
  
</data>
</openerp>
            
                        