<?xml version="1.0" encoding="utf-8"  ?>
<openerp>
 <data>
     
        <record model="ir.ui.view" id="view_prakruti_manage_machine_search">
            <field name="name">prakruti.manage_machine.search</field>
            <field name="model">prakruti.manage_machine</field>
            <field name="arch" type="xml">
                <search string="Product Wise Search">
                    <field name="machine_id"/>
                </search>
            </field>
        </record>
     
     <record model="ir.ui.view" id="view_prakruti_manage_machine_form">
        <field name="name">Manage Machine</field>
        <field name="model">prakruti.manage_machine</field>
        <field name="arch" type="xml">
            <form string="Machine" >
                <sheet>
                <group>
<!--                     <field name ="plant"  style="width:45%%" options="{'no_create': True, 'no_open': True, 'no_create_edit' : True}"/> -->
                    <field name ="machine_id" style="width:45%%" />
                    <!--<field name ="machine_code" style="width:45%%" on_change="onchange_check_machine_code(machine_code)"/>
                    <field name ="description" style="width:45%%"/>-->
                </group>
            </sheet>
            </form>
        </field>
    </record>
     <record model="ir.ui.view" id="view_prakruti_manage_machine_pivot">
            <field name="name">prakruti.manage_machine.pivot</field>
            <field name="model">prakruti.manage_machine</field>
            <field name="arch" type="xml">
                <pivot string=" Machine " display_quantity="True">
                    <field name="machine_id" type="row"/>
                </pivot>
            </field>
        </record>
    <record model="ir.ui.view" id="view_prakruti_manage_machine_tree">
            <field name="name">Manage Machine</field>
            <field name="model">prakruti.manage_machine</field>
            <field name="arch" type="xml">
                <tree string="Machine" >
<!--                     <field name ="plant"  options="{'no_create': True, 'no_open': True, 'no_create_edit' : True}"/> -->
                    <field name ="machine_id" />
                </tree>
            </field>
        </record>   
        
    <record model="ir.actions.act_window" id="prakruti_manage_machine_action">
            <field name="name">Manage Machine</field>
            <field name="res_model">prakruti.manage_machine</field>
            <field name="view_type">form</field>
            <field name="view_mode">tree,form,pivot</field>
        </record>
        

       
        <menuitem id="prakruti_manage_machine_sub_menu" name="Manage Machine" action="prakruti_manage_machine_action" sequence="8"
                  parent="prakruti_quality_analysis_parent_menu"
                  groups="group_prakruti_manage_machine_read_only,group_prakruti_manage_machine_edit,group_prakruti_manage_machine_create,group_prakruti_manage_machine_delete"/>
  
</data>
</openerp>
            
                        