<?xml version="1.0" encoding="UTF-8"?>
<openerp>
    <data noupdate="1">	    
        <!--Prashanth      -->
        <record id="email_template_production_month_report_email" model="email.template">
            <field name="name">All Plant Production Report (MSP) - Send by Email</field>
            <field name="email_from">production@vvmineral.com</field>
            <field name="subject">All Plant Production Report (MSP) Stage</field>
            <field name="email_to">prashanth.vk@winstrata.com</field>
            <field name="model_id" ref="model_report_production_month_report_email"/>
            <field name="auto_delete" eval="True"/>          
            <field name="body_html"><![CDATA[
		  <div style="font-family: 'Lucica Grande', Ubuntu, Arial, Verdana, sans-serif; font-size: 12px; color: rgb(34, 34, 34); background-color: #FFF; ">
		      <h1>All Plant Production Report (MSP) Stage</h1>		     
		      <p>Please find the attachment.</p>
		      <p>Thanks</p>
		  </div>            
	    ]]></field>
        </record>
        <!--Prashanth      -->
       <!-- <record id="email_template_daily_product_production_email" model="email.template">
            <field name="name">Daily Plant Wise Production  - Send by Email</field>
            <field name="email_from">production@vvmineral.com</field>
            <field name="subject">Daily Plant Wise Product Production</field>
            <field name="email_to">prashanth.vk@winstrata.com</field>
            <field name="model_id" ref="model_report_daily_product_production_email"/>
            <field name="auto_delete" eval="True"/>
          
            <field name="body_html"><![CDATA[
		  <div style="font-family: 'Lucica Grande', Ubuntu, Arial, Verdana, sans-serif; font-size: 12px; color: rgb(34, 34, 34); background-color: #FFF; ">
		      <h1>Daily Plant Wise Production</h1>		     
		      <p>Please find the attachment.</p>
		      <p>Thanks</p>
		  </div>            
	    ]]></field>
        </record>
        
        <record id="email_template_monthly_grade_email_report" model="email.template">
            <field name="name">All Plant Monthly Grade Wise Production Report - Send by Email</field>
            <field name="email_from">production@vvmineral.com</field>
            <field name="subject">Production Grade Wise Report</field>
            <field name="email_to">prashanth.vk@winstrata.com</field>
            <field name="model_id" ref="model_report_monthly_grade_email_report"/>
            <field name="auto_delete" eval="True"/>
          
            <field name="body_html"><![CDATA[
		  <div style="font-family: 'Lucica Grande', Ubuntu, Arial, Verdana, sans-serif; font-size: 12px; color: rgb(34, 34, 34); background-color: #FFF; ">
		      <h1>Production Grade Wise Report</h1>		     
		      <p>Please find the attachment.</p>
		      <p>Thanks</p>
		  </div>            
	    ]]></field>
        </record>-->
           
        
      
      
        <!--Prashanth      -->
        <record id="email_template_monthly_grade_email_report" model="email.template">
            <field name="name">All Plant Monthly Grade Wise Production Report - Send by Email</field>
            <field name="email_from">stage@winstrata.com</field>          
            <field name="email_to">prashanth.vk@winstrata.com</field>
            <field name="model_id" ref="model_report_monthly_grade_email_report"/>
            <field name="auto_delete" eval="True"/> 
        </record>	
        <record id="email_template_plant_incharge_email_report" model="email.template">
            <field name="name">Verify Mail to Plants</field>
            <field name="email_from">production@vvmineral.com</field>          
            <field name="email_to">prashanth.vk@winstrata.com</field>
            <field name="model_id" ref="model_report_monthly_grade_email_report"/>
            <field name="auto_delete" eval="True"/> 	    
        </record>

	   
    </data>
</openerp>    
