<?xml version="1.0"?>
<openerp>
    <data>
	<record id="jasper_product_specification_report" model="ir.actions.report.xml">
	    <field name="name">Product Specification Report</field>
	    <field name="type">ir.actions.report.xml</field>
	    <field name="model">product.template</field>
	    <field name="report_name">jasper_product_specification_report</field>
	    <field name="report_rml">prakruti_jasper_reports/report/product_specification.jrxml</field>
	    <field name="report_type">pdf</field>
	    <field name="jasper_report">True</field>
	</record>
        
        
         <record id="jasper_material_receipt_report" model="ir.actions.report.xml">
            <field name="name">Material Receipt Report</field>
            <field name="type">ir.actions.report.xml</field>
            <field name="model">product.template</field>
            <field name="report_name">jasper_material_receipt_report</field>
            <field name="report_rml">prakruti_jasper_reports/report/report1.jrxml</field>
            <field name="report_type">pdf</field>
            <field name="jasper_report">True</field>
        </record>
        
        
        
    </data>
</openerp>
