<?xml version="1.0" ?>
<openerp>
    <data>
        
        
        <record id="email_prakruti_production_inward" model="email.template">
            <field name="name">Production Transfer Note Inward</field>
            <field name="email_from">${object.prepared_by.login}</field>          
            <field name="email_to">${object.store_incharge.login}</field>
            <field name="model_id" ref="model_prakruti_production_inward"/>
            <field name="auto_delete" eval="True"/> 
            <field name="subject">
                <![CDATA[ 
                    ${object.inward_no}- PTN QC
                 ]]></field>
            <field name="body_html">
                <![CDATA[
                    <div style="font-family: 'Lucica Grande', Ubuntu, Arial, Verdana, sans-serif; font-size: 12px; color: rgb(34, 34, 34); background-color: #FFF; ">                    
                        <p>Dear Team,</p>
                        <p><b>Inward Date:</b> ${object.date},</p>
                        <p>The Inward No. ${object.inward_no}  is in QC</p>
                        <p><b>Product Details:</b></p> 
                            <table  border=1>
                                    <tr>
                                        <td><b>Item </b></td>
                                        <td><b>Description</b></td>
                                        <td><b>Specification</b></td>
                                        <td><b>Accepted Qty</b></td>
                                        <td><b>Rejected Qty</b></td>
                                        <td><b> Packing Style</b></td>
                                        <td><b> Packing Qty</b></td>
                                        <td><b> Status</b></td>
                                        <td><b> Remarks </b></td>
                                    </tr>
                                    %  for line in object.grid_id:
                                    <tr>
                                        <td>${line.product_id.name}</td>   
                                        <td>${line.description}</td>        
                                        <td>${line.specification_id.specification_name}</td>       
                                        <td  align="right">${'{:.3f}'.format(line.accepted_qty)}</td>       
                                        <td  align="right">${'{:.3f}'.format(line.rejected_qty)}</td>        
                                        <td  align="right">${'{:.3f}'.format(line.packing_style)}</td>       
                                        <td  align="right">${'{:.3f}'.format(line.packing_qty)}</td> 
                                        <td>${line.qc_status}</td>       
                                        <td>${line.remarks}</td>       
                                    </tr>
                                    %endfor
                                </table>
                    </div>
                    <br><br>
                    <p> Regards, </p>
                    <p> Prakruti ERP Application </p>
                    <p>  ${object.prepared_by.name}</p>
                ]]></field>
        </record>
         <record id="email_prakruti_production_inward_stock" model="email.template">
            <field name="name">Production Transfer Note Stock</field>
            <field name="email_from">${object.prepared_by.login}</field>          
            <field name="email_to">${object.store_incharge.login}</field>
            <field name="model_id" ref="model_prakruti_production_inward"/>
            <field name="auto_delete" eval="True"/> 
            <field name="subject">
                <![CDATA[ 
                    ${object.inward_no}-Stock Updated(done)
                 ]]></field>
            <field name="body_html">
                <![CDATA[
                    <div style="font-family: 'Lucica Grande', Ubuntu, Arial, Verdana, sans-serif; font-size: 12px; color: rgb(34, 34, 34); background-color: #FFF; ">                    
                        <p>Dear Team,</p>
                        <p><b>Inward Date:</b> ${object.date},</p>
                        <p>The Stock has been updated with Inward No. ${object.inward_no}  </p>
                        <p><b>Product Details:</b></p> 
                            <table  border=1>
                                    <tr>
                                        <td><b>Item </b></td>
                                        <td><b>Description</b></td>
                                        <td><b>Specification</b></td>
                                        <td><b> Accepted Qty</b></td>
                                        <td><b> Rejected Qty</b></td>
                                        <td><b> Packing Style</b></td>
                                        <td><b> Packing Qty</b></td>
                                        <td><b> Status</b></td>
                                        <td><b> Remarks </b></td>
                                    </tr>
                                    %  for line in object.grid_id:
                                    <tr>
                                        <td>${line.product_id.name}</td>   
                                        <td>${line.description}</td>        
                                        <td>${line.specification_id.specification_name}</td>       
                                        <td  align="right">${'{:.3f}'.format(line.accepted_qty)}</td>       
                                        <td  align="right">${'{:.3f}'.format(line.rejected_qty)}</td>        
                                        <td  align="right">${'{:.3f}'.format(line.packing_style)}</td>       
                                        <td  align="right">${'{:.3f}'.format(line.packing_qty)}</td> 
                                        <td>${line.qc_status}</td>       
                                        <td>${line.remarks}</td>       
                                    </tr>
                                    %endfor
                                </table>
                    </div>
                    <br><br>
                    <p> Regards, </p>
                    <p> Prakruti ERP Application </p>
                    <p>  ${object.prepared_by.name}</p>
                ]]></field>
        </record>
        

        
        
        
        
    </data>
</openerp>
