<?xml version="1.0" ?>
<openerp>
    <data>
        
        
        <record id="email_prakruti_purchase_requistion_analysis" model="email.template">
            <field name="name">Purchase Analysis</field>
            <field name="email_from">${object.approved_by.login}</field>          
            <field name="email_to">${object.stores_incharge.login},${object.approved_by.login}</field>
            <field name="model_id" ref="model_prakruti_purchase_requistion_analysis"/>
            <field name="auto_delete" eval="True"/> 
            <field name="subject">
                <![CDATA[ 
                    ${object.analysis_no}-Purchase Price Request
                 ]]></field>
            <field name="body_html">
                <![CDATA[
                    <div style="font-family: 'Lucica Grande', Ubuntu, Arial, Verdana, sans-serif; font-size: 12px; color: rgb(34, 34, 34); background-color: #FFF; ">                    
                        <p>Dear Team,</p>           
                        <p><b>Analysis Date:</b> ${object.inquiry_date},</p>
                        <p>The PR No. ${object.analysis_no}  is in Purchase Price Request</p>
                        <p><b>Product Details:</b></p>
                        <table  border=1>
                                    <tr>
                                        <td><b>Item </b></td>
                                        <td><b>Description</b></td>
                                        <td><b> Req Qty</b></td>
                                        <td><b> Req Date</b></td>
                                        <td><b> Vendor Name</b></td>
                                        <td><b> Last Purchase Date</b></td>
                                        <td><b> Last Purchase Vendor Name</b></td>
                                        <td><b> Status</b></td>
                                    </tr>
                                    %  for line in object.requistion_order_line:
                                    <tr>
                                        <td>${line.product_id.name}</td>
                                        <td>${line.description}</td> 
                                        <td  align="right">${'{:.3f}'.format(line.quantity_req)}</td>  
                                        <td>${line.required_date}</td>       
                                        <td>${line.vendor_id.name}</td>       
                                        <td>${line.last_purchase_date}</td>         
                                        <td>${line.last_purchase_vendor_id.name}</td>       
                                        <td>${line.status}</td>          
                                    </tr>
                                    %endfor
                                </table>
                                <p><b>Remarks:</b> ${object.remarks}</p>
                    </div>
                    <br><br>
                    <p> Regards, </p>
                    <p> Prakruti ERP Application </p>
                    <p> ${object.approved_by.name} </p>
                ]]></field>
        </record>
        
        

        
        
        <record id="email_prakruti_purchase_requistion_analysis_order" model="email.template">
            <field name="name">Purchase Analysis Order</field>
            <field name="email_from">${object.approved_by.login}</field>          
            <field name="email_to">${object.stores_incharge.login},${object.approved_by.login}</field>
            <field name="model_id" ref="model_prakruti_purchase_requistion_analysis"/>
            <field name="auto_delete" eval="True"/> 
            <field name="subject">
                <![CDATA[ 
                    ${object.analysis_no}-Purchase Order
                 ]]></field>
            <field name="body_html">
                <![CDATA[
                    <div style="font-family: 'Lucica Grande', Ubuntu, Arial, Verdana, sans-serif; font-size: 12px; color: rgb(34, 34, 34); background-color: #FFF; ">                    
                        <p>Dear Team,</p>           
                        <p><b>Analysis Date:</b> ${object.inquiry_date},</p>
                        <p>The PR No. ${object.analysis_no}  is in Purchase Order</p>
                        <p><b>Product Details:</b></p>
                        <table  border=1>
                                    <tr>
                                        <td><b>Item </b></td>
                                        <td><b>Description</b></td>
                                        <td><b> Req Qty</b></td>
                                        <td><b> Req Date</b></td>
                                        <td><b> Vendor Name</b></td>
                                        <td><b> Last Purchase Date</b></td>
                                        <td><b> Last Purchase Vendor Name</b></td>
                                        <td><b> Status</b></td>
                                    </tr>
                                    %  for line in object.requistion_order_line:
                                    <tr>
                                        <td>${line.product_id.name}</td>
                                        <td>${line.description}</td> 
                                        <td  align="right">${'{:.3f}'.format(line.quantity_req)}</td>  
                                        <td>${line.required_date}</td>       
                                        <td>${line.vendor_id.name}</td>       
                                        <td>${line.last_purchase_date}</td>         
                                        <td>${line.last_purchase_vendor_id.name}</td>       
                                        <td>${line.status}</td>          
                                    </tr>
                                    %endfor
                                </table>
                                <p><b>Remarks:</b> ${object.remarks}</p>
                    </div>
                    <br><br>
                    <p> Regards, </p>
                    <p> Prakruti ERP Application </p>
                    <p> ${object.approved_by.name} </p>
                ]]></field>
        </record>
        
        

        
        
        
        
    </data>
</openerp>
