<?xml version="1.0" ?>
<openerp>
    <data>
        
        
        <record id="email_template_prakruti_purchase_requistion" model="email.template">
            <field name="name">PR - Send by Email</field>
            <field name="email_from">testmail@prakruti.com</field>          
            <field name="email_to">mail.kg8000@gmail.com</field>
            <field name="model_id" ref="model_prakruti_purchase_requisition"/>
            <field name="auto_delete" eval="True"/> 
            <field name="subject"><![CDATA[ 
                 PR ${object.requisition_no} Approved ]]></field>
            <field name="body_html"><![CDATA[
                <div style="font-family: 'Lucica Grande', Ubuntu, Arial, Verdana, sans-serif; font-size: 12px; color: rgb(34, 34, 34); background-color: #FFF; ">
                    
    <p>Dear User,</p>
    <p>This PR No. ${object.requisition_no}  is Requested by : ${object.prepared_by.name}</p>
    <p>This PR No. ${object.requisition_no}  is Approved by Department HOD : ${object.plant_manager.name}</p>
    <p><p><p>This PR No. ${object.requisition_no} is Approved by PR :  ${object.write_uid.name}</p></p></p>    
    % if object.requisition_line:
    <table  border=1>
        <tr>
            <td><b>Item Code</b></td>
            <td><b>Items</b></td>
            <td><b>Requested Qty</b></td>
            <td><b>PR Approved Qty</b></td>
        </tr>
        %  for line in object.requisition_line:
        <tr>
            <td>${line.product_id.name}</td>
              <td>${line.description}</td>          
             <td  align="right">${'{:.3f}'.format(line.quantity_req)}</td>
             <td  align="right">${'{:.3f}'.format(line.quantity_req)}</td>
          </tr>
          %endfor
      </table>
       % endif
       <p>Reason for Modification : </p>
       <p>&nbsp;&nbsp;&nbsp;&nbsp;&nbsp;&nbsp;&nbsp;&nbsp;&nbsp;&nbsp;&nbsp;
           &nbsp;&nbsp;&nbsp;&nbsp;&nbsp;&nbsp;&nbsp;&nbsp;&nbsp;&nbsp;&nbsp;&nbsp;
           &nbsp;&nbsp;&nbsp;&nbsp;&nbsp;&nbsp;&nbsp;&nbsp;&nbsp;&nbsp;&nbsp;&nbsp;&nbsp;
           ${object.pr_approval_comments}</p>
    </div>
    <br><br>
    <p> Regards, </p>
    <p> Prakruti ERP application admin  [[Automat]]</p>]]></field>
        </record>
        
        

    </data>
</openerp>
