<?xml version="1.0" ?>
<openerp>
    <data>
        
    <!--    
        <record id="email_prakruti_gate_pass" model="email.template">
            <field name="name">Gate Pass</field>
            <field name="email_from">${object.stores_incharge.login}</field>          
            <field name="email_to">${object.purchase_manager.login},{object.stores_incharge.login}</field>
            <field name="model_id" ref="model_prakruti_gate_pass"/>
            <field name="auto_delete" eval="True"/> 
            <field name="subject">
                <![CDATA[ 
                    ${object.pass_no}-GRN
                 ]]></field>
            <field name="body_html">
                <![CDATA[
                    <div style="font-family: 'Lucica Grande', Ubuntu, Arial, Verdana, sans-serif; font-size: 12px; color: rgb(34, 34, 34); background-color: #FFF; ">                    
                        <p>Dear Team,</p>
                        <p><b>Gate Pass Date:</b> ${object.order_date},</p>
                        <p>The GP No. ${object.pass_no}  is in Transit</p>
                        <p>The Tracking No. is ${object.tracking_number}</p>
                        <p><b>Product Details:</b></p> 
                        <table  border=1>
                                    <tr>
                                        <td><b>Item </b></td>
                                        <td><b> No. of Packings</b></td>
                                        <td><b> Packing Per. Qty</b></td>
                                        <td><b> Extra Packing</b></td>
                                        <td><b> Ordered Qty</b></td>
                                        <td><b> Received Qty</b></td>
                                        <td><b> Balance Quantity </b></td>
                                    </tr>
                                    %  for line in object.grid_id:
                                    <tr>
                                        <td>${line.product_id.name}</td>  
                                        <td  align="right">${'{:.3f}'.format(line.no_of_packings)}</td>     
                                        <td  align="right">${'{:.3f}'.format(line.pack_per_qty)}</td>       
                                        <td  align="right">${'{:.3f}'.format(line.extra_packing)}</td>           
                                        <td  align="right">${'{:.3f}'.format(line.quantity)}</td>       
                                        <td  align="right">${'{:.3f}'.format(line.recieved_qty)}</td>        
                                        <td  align="right">${'{:.3f}'.format(line.balance_qty)}</td>   
                                    </tr>
                                    %endfor
                                </table>
                            <p><b>Remarks:</b> ${object.remarks}</p>
                    </div>
                    <br><br>
                    <p> Regards, </p>
                    <p> Prakruti ERP Application </p>
                    <p>  ${object.stores_incharge.name}</p>
                ]]></field>
        </record>-->
        
        <record id="email_prakruti_gate_pass_outgoing" model="email.template">
            <field name="name">Gate Pass Outgoing</field>
            <field name="email_from">${object.dispatch_id.login}</field>          
            <field name="email_to">${object.order_id.login},{object.dispatch_id.login}</field>
            <field name="model_id" ref="model_prakruti_gate_pass"/>
            <field name="auto_delete" eval="True"/> 
            <field name="subject">
                <![CDATA[ 
                   Material Outwarded with GP No  ${object.pass_no} against DISP No ${object.dispatch_no} Gate Pass
                 ]]></field>
            <field name="body_html">
                <![CDATA[
                    <div style="font-family: 'Lucica Grande', Ubuntu, Arial, Verdana, sans-serif; font-size: 12px; color: rgb(34, 34, 34); background-color: #FFF; ">                    
                        <p>Dear Team,</p>
                        <p><b>Gate Pass Date:</b> ${object.order_date},</p>
                        <p>The GP No. ${object.pass_no}  is in Transit</p>
                        <p><b>Product Details:</b></p> 
                        <table  border=1>
                                    <tr>
                                        <td><b>Item </b></td>
                                        <td><b> No. of Packings</b></td>
                                        <td><b> Packing Per. Qty</b></td>
                                        <td><b> Extra Packing</b></td>
                                        <td><b> Ordered Qty</b></td>
                                        <td><b> Received Qty</b></td>
                                        <td><b> Balance Quantity </b></td>
                                    </tr>
                                    %  for line in object.grid_id:
                                    <tr>
                                        <td>${line.product_id.name}</td>  
                                        <td  align="right">${'{:.3f}'.format(line.no_of_packings)}</td>     
                                        <td  align="right">${'{:.3f}'.format(line.pack_per_qty)}</td>       
                                        <td  align="right">${'{:.3f}'.format(line.extra_packing)}</td>           
                                        <td  align="right">${'{:.3f}'.format(line.quantity)}</td>       
                                        <td  align="right">${'{:.3f}'.format(line.recieved_qty)}</td>        
                                        <td  align="right">${'{:.3f}'.format(line.balance_qty)}</td>   
                                    </tr>
                                    %endfor
                                </table>
                            <p><b>Remarks:</b> ${object.remarks}</p>
                    </div>
                    <br><br>
                    <p> Regards, </p>
                    <p> Prakruti ERP Application </p>
                    <p>  ${object.dispatch_id.name}</p>
                ]]></field>
        </record>
        
        <record id="email_prakruti_gate_pass_incoming" model="email.template">
            <field name="name">Gate Pass Incoming</field>
            <field name="email_from">${object.stores_incharge.login}</field>          
            <field name="email_to">${object.purchase_manager.login},{object.stores_incharge.login}</field>
            <field name="model_id" ref="model_prakruti_gate_pass"/>
            <field name="auto_delete" eval="True"/> 
            <field name="subject">
                <![CDATA[ 
                   Material In-warded with GP No ${object.pass_no} against PO No ${object.po_no} 
                 ]]></field>
            <field name="body_html">
                <![CDATA[
                    <div style="font-family: 'Lucica Grande', Ubuntu, Arial, Verdana, sans-serif; font-size: 12px; color: rgb(34, 34, 34); background-color: #FFF; ">                    
                        <p>Dear Team,</p>
                        <p><b>Gate Pass Date:</b> ${object.order_date},</p>
                        <p>The GP No. ${object.pass_no}  is in GRN</p>
                        <p><b>Product Details:</b></p> 
                        <table  border=1>
                                    <tr>
                                        <td><b>Item </b></td>
                                        <td><b> No. of Packings</b></td>
                                        <td><b> Packing Per. Qty</b></td>
                                        <td><b> Extra Packing</b></td>
                                        <td><b> Ordered Qty</b></td>
                                        <td><b> Received Qty</b></td>
                                        <td><b> Balance Quantity </b></td>
                                    </tr>
                                    %  for line in object.grid_id:
                                    <tr>
                                        <td>${line.product_id.name}</td>  
                                        <td  align="right">${'{:.3f}'.format(line.no_of_packings)}</td>     
                                        <td  align="right">${'{:.3f}'.format(line.pack_per_qty)}</td>       
                                        <td  align="right">${'{:.3f}'.format(line.extra_packing)}</td>           
                                        <td  align="right">${'{:.3f}'.format(line.quantity)}</td>       
                                        <td  align="right">${'{:.3f}'.format(line.recieved_qty)}</td>        
                                        <td  align="right">${'{:.3f}'.format(line.balance_qty)}</td>   
                                    </tr>
                                    %endfor
                                </table>
                            <p><b>Remarks:</b> ${object.remarks}</p>
                    </div>
                    <br><br>
                    <p> Regards, </p>
                    <p> Prakruti ERP Application </p>
                    <p>  ${object.stores_incharge.name}</p>
                ]]></field>
        </record>
        
        
        
        
        
        
    </data>
</openerp>
