<?xml version="1.0" ?>
<openerp>
    <data>
        
        
        <record id="email_prakruti_grn_analysis" model="email.template">
            <field name="name">GRN Analysis</field>
            <field name="email_from">${object.stores_incharge.login}</field>          
            <field name="email_to">${object.purchase_manager.login},${object.stores_incharge.login}</field>
            <field name="model_id" ref="model_prakruti_grn_analysis"/>
            <field name="auto_delete" eval="True"/> 
            <field name="subject">
                <![CDATA[ 
                    ${object.analysis_no}-GRN
                 ]]></field>
            <field name="body_html">
                <![CDATA[
                    <div style="font-family: 'Lucica Grande', Ubuntu, Arial, Verdana, sans-serif; font-size: 12px; color: rgb(34, 34, 34); background-color: #FFF; ">                   
                        <p>Dear Team,</p>
                        <p><b>GRN Analysis Date:</b> ${object.analysis_date},</p>
                        <p>The GRN Analysis No. ${object.analysis_no} is in GRN</p>
                        <p><b>Product Details:</b></p> 
                            <table  border=1>
                                    <tr>
                                        <td><b>Item </b></td>
                                        <td><b>Description</b></td>
                                        <td><b> Quantity</b></td>
                                        <td><b> Packing Style</b></td>
                                        <td><b> Received Per Qty</b></td>
                                        <td><b> Extra Packing</b></td>
                                        <td><b> Received Qty</b></td>
                                    </tr>
                                    %  for line in object.order_line:
                                    <tr>
                                        <td>${line.product_id.name}</td>
                                        <td>${line.description}</td>          
                                        <td  align="right">${'{:.3f}'.format(line.actual_quantity)}</td>         
                                        <td  align="right">${'{:.3f}'.format(line.packing_style)}</td>         
                                        <td  align="right">${'{:.3f}'.format(line.received_per_qty)}</td>         
                                        <td  align="right">${'{:.3f}'.format(line.extra_packing)}</td>         
                                        <td  align="right">${'{:.3f}'.format(line.quantity)}</td>
                                    </tr>
                                    %endfor
                                </table>
                            <p><b>Remarks:</b> ${object.remarks}</p>
                    </div>
                    <br><br>
                    <p> Regards, </p>
                    <p> Prakruti ERP Application </p>
                    <p>  ${object.stores_incharge.name}</p>
                ]]></field>
        </record>
        
        

        
        
        
        
        
    </data>
</openerp>
