<?xml version="1.0" ?>
<openerp>
    <data>
        
        
        <record id="email_prakruti_syrup" model="email.template">
            <field name="name">Sales BOM Syrup</field>
            <field name="email_from">${object.material_requested_by.login}</field>          
            <field name="email_to">${object.material_requested_by.login}</field>
            <field name="model_id" ref="model_prakruti_syrup"/>
            <field name="auto_delete" eval="True"/> 
            <field name="subject">
                <![CDATA[ 
                  BOM requested for Batch No  ${object.batch_no.batch_no} is in Store Request
                 ]]></field>
            <field name="body_html">
                <![CDATA[
                    <div style="font-family: 'Lucica Grande', Ubuntu, Arial, Verdana, sans-serif; font-size: 12px; color: rgb(34, 34, 34); background-color: #FFF; ">                    
                        <p>Dear Team,</p>     
                        <p><b>BOM  Syrup Date:</b> ${object.date},</p>
                        <p>The Batch No. ${object.batch_no.batch_no} </p>
                        <p><b>Product Details:</b></p>
                            <table  border=1>
                                    <tr>
                                        <td><b>Item </b></td>
                                        <td><b>Description</b></td>
                                        <td><b> Standard Quantity</b></td>
                                        <td><b> Material Weight</b></td>
                                        <td><b> Actual Weight </b></td>
                                        <td><b> Extra Req Weight </b></td>
                                        <td><b> Issued Weight </b></td>
                                        <td><b> Weight Returned</b></td>
                                        <td><b> Extra Weight </b></td>
                                        <td><b> Weighed By </b></td>
                                        <td><b> Checked By  </b></td>
                                    </tr>
                                    %  for line in object.grid_id:
                                    <tr>
                                        <td>${line.product_id.name}</td>
                                        <td>${line.description}</td>          
                                        <td  align="right">${'{:.3f}'.format(line.std_wgt)}</td>         
                                        <td  align="right">${'{:.3f}'.format(line.material_weight)}</td>         
                                        <td  align="right">${'{:.3f}'.format(line.actual_weight)}</td>         
                                        <td  align="right">${'{:.3f}'.format(line.extra_qty)}</td>         
                                        <td  align="right">${'{:.3f}'.format(line.issued_weight)}</td>         
                                        <td  align="right">${'{:.3f}'.format(line.weight_return)}</td>         
                                        <td  align="right">${'{:.3f}'.format(line.extra_issued_qty)}</td>   
                                        <td>${line.weighed_by.name}</td>
                                        <td>${line.checked_by.name}</td>       
                                    </tr>
                                    %endfor
                                </table>
                    </div>
                    <br><br>
                    <p> Regards, </p>
                    <p> Prakruti ERP Application </p>
                    <p> ${object.material_requested_by.name} </p>
                ]]></field>
        </record>

        
        
        
        
        
        <record id="email_prakruti_syrup_extra" model="email.template">
            <field name="name">Sales Syrup Extra</field>
            <field name="email_from">${object.material_requested_by.login}</field>          
            <field name="email_to">${object.material_requested_by.login}</field>
            <field name="model_id" ref="model_prakruti_syrup"/>
            <field name="auto_delete" eval="True"/> 
            <field name="subject">
                <![CDATA[ 
                  BOM Extra Qty requested for Batch No  ${object.batch_no.batch_no} is in Store Request
                 ]]></field>
            <field name="body_html">
                <![CDATA[
                    <div style="font-family: 'Lucica Grande', Ubuntu, Arial, Verdana, sans-serif; font-size: 12px; color: rgb(34, 34, 34); background-color: #FFF; ">                    
                        <p>Dear Team,</p>     
                        <p><b>BOM Syrup Date:</b> ${object.date},</p>
                        <p>The Batch No. ${object.batch_no.batch_no} </p>
                        <p><b>Product Details:</b></p>
                            <table  border=1>
                                    <tr>
                                        <td><b>Item </b></td>
                                        <td><b>Description</b></td>
                                        <td><b> Standard Quantity</b></td>
                                        <td><b> Material Weight</b></td>
                                        <td><b> Actual Weight </b></td>
                                        <td><b> Extra Req Weight </b></td>
                                        <td><b> Issued Weight </b></td>
                                        <td><b> Weight Returned</b></td>
                                        <td><b> Extra Weight </b></td>
                                        <td><b> Weighed By </b></td>
                                        <td><b> Checked By  </b></td>
                                    </tr>
                                    %  for line in object.grid_id:
                                    <tr>
                                        <td>${line.product_id.name}</td>
                                        <td>${line.description}</td>          
                                        <td  align="right">${'{:.3f}'.format(line.std_wgt)}</td>         
                                        <td  align="right">${'{:.3f}'.format(line.material_weight)}</td>         
                                        <td  align="right">${'{:.3f}'.format(line.actual_weight)}</td>         
                                        <td  align="right">${'{:.3f}'.format(line.extra_qty)}</td>         
                                        <td  align="right">${'{:.3f}'.format(line.issued_weight)}</td>         
                                        <td  align="right">${'{:.3f}'.format(line.weight_return)}</td>         
                                        <td  align="right">${'{:.3f}'.format(line.extra_issued_qty)}</td>  
                                        <td>${line.weighed_by.name}</td>
                                        <td>${line.checked_by.name}</td>       
                                    </tr>
                                    %endfor
                                </table>
                    </div>
                    <br><br>
                    <p> Regards, </p>
                    <p> Prakruti ERP Application </p>
                    <p> ${object.material_requested_by.name} </p>
                ]]></field>
        </record>

        
        
        
        
        <record id="email_prakruti_syrup_packing" model="email.template">
            <field name="name">Sales Syrup Packing</field>
            <field name="email_from">${object.material_requested_by.login}</field>          
            <field name="email_to">${object.material_requested_by.login}</field>
            <field name="model_id" ref="model_prakruti_syrup"/>
            <field name="auto_delete" eval="True"/> 
            <field name="subject">
                <![CDATA[ 
                  BOM Packing  requested for Batch No  ${object.batch_no.batch_no} is in Store Request
                 ]]></field>
            <field name="body_html">
                <![CDATA[
                    <div style="font-family: 'Lucica Grande', Ubuntu, Arial, Verdana, sans-serif; font-size: 12px; color: rgb(34, 34, 34); background-color: #FFF; ">                    
                        <p>Dear Team,</p>     
                        <p><b>BOM Syrup Date:</b> ${object.date},</p>
                        <p>The Batch No. ${object.batch_no.batch_no} </p>
                        <p><b>Product Details:</b></p>
                            <table  border=1>
                                    <tr>
                                        <td><b>Item </b></td>
                                        <td><b>Description</b></td>
                                        <td><b> Standard Quantity</b></td>
                                        <td><b> Material Weight</b></td>
                                        <td><b> Actual Weight </b></td>
                                        <td><b> Extra Req Weight </b></td>
                                        <td><b> Issued Weight </b></td>
                                        <td><b> Weight Returned</b></td>
                                        <td><b> Extra Weight </b></td>
                                        <td><b> Weighed By </b></td>
                                        <td><b> Checked By  </b></td>
                                    </tr>
                                    %  for line in object.grid_id1:
                                    <tr>
                                        <td>${line.product_id.name}</td>
                                        <td>${line.description}</td>          
                                        <td  align="right">${'{:.3f}'.format(line.std_wgt)}</td>         
                                        <td  align="right">${'{:.3f}'.format(line.material_weight)}</td>         
                                        <td  align="right">${'{:.3f}'.format(line.actual_weight)}</td>         
                                        <td  align="right">${'{:.3f}'.format(line.extra_qty)}</td>         
                                        <td  align="right">${'{:.3f}'.format(line.issued_weight)}</td>         
                                        <td  align="right">${'{:.3f}'.format(line.weight_returned)}</td>         
                                        <td  align="right">${'{:.3f}'.format(line.extra_issued_qty)}</td>  
                                        <td>${line.weighed_by.name}</td>
                                        <td>${line.checked_by.name}</td>       
                                    </tr>
                                    %endfor
                                </table>
                    </div>
                    <br><br>
                    <p> Regards, </p>
                    <p> Prakruti ERP Application </p>
                    <p> ${object.material_requested_by.name} </p>
                ]]></field>
        </record>

        
        <record id="email_prakruti_syrup_extrapacking" model="email.template">
            <field name="name">Sales Syrup Extra Packing</field>
            <field name="email_from">${object.material_requested_by.login}</field>          
            <field name="email_to">${object.material_requested_by.login}</field>
            <field name="model_id" ref="model_prakruti_syrup"/>
            <field name="auto_delete" eval="True"/> 
            <field name="subject">
                <![CDATA[ 
                  BOM Extra Packing requested for Batch No  ${object.batch_no.batch_no} is in Store Request
                 ]]></field>
            <field name="body_html">
                <![CDATA[
                    <div style="font-family: 'Lucica Grande', Ubuntu, Arial, Verdana, sans-serif; font-size: 12px; color: rgb(34, 34, 34); background-color: #FFF; ">                    
                        <p>Dear Team,</p>     
                        <p><b>BOM Syrup Date:</b> ${object.date},</p>
                        <p>The Batch No. ${object.batch_no.batch_no} </p>
                        <p><b>Product Details:</b></p>
                            <table  border=1>
                                    <tr>
                                        <td><b>Item </b></td>
                                        <td><b>Description</b></td>
                                        <td><b> Standard Quantity</b></td>
                                        <td><b> Material Weight</b></td>
                                        <td><b> Actual Weight </b></td>
                                        <td><b> Extra Req Weight </b></td>
                                        <td><b> Issued Weight </b></td>
                                        <td><b> Weight Returned</b></td>
                                        <td><b> Extra Weight </b></td>
                                        <td><b> Weighed By </b></td>
                                        <td><b> Checked By  </b></td>
                                    </tr>
                                    %  for line in object.grid_id1:
                                    <tr>
                                        <td>${line.product_id.name}</td>
                                        <td>${line.description}</td>          
                                        <td  align="right">${'{:.3f}'.format(line.std_wgt)}</td>         
                                        <td  align="right">${'{:.3f}'.format(line.material_weight)}</td>         
                                        <td  align="right">${'{:.3f}'.format(line.actual_weight)}</td>         
                                        <td  align="right">${'{:.3f}'.format(line.extra_qty)}</td>         
                                        <td  align="right">${'{:.3f}'.format(line.issued_weight)}</td>         
                                        <td  align="right">${'{:.3f}'.format(line.weight_returned)}</td>         
                                        <td  align="right">${'{:.3f}'.format(line.extra_issued_qty)}</td>  
                                        <td>${line.weighed_by.name}</td>
                                        <td>${line.checked_by.name}</td>       
                                    </tr>
                                    %endfor
                                </table>
                    </div>
                    <br><br>
                    <p> Regards, </p>
                    <p> Prakruti ERP Application </p>
                    <p> ${object.material_requested_by.name} </p>
                ]]></field>
        </record>

        
        
    </data>
</openerp>
