<?xml version="1.0" encoding="UTF-8"?>
<openerp>
  <data>
      
     <record id="action_prakruti_gm_report_tree" model="ir.actions.act_window">
        <field name="name">General Manager Dashboard</field>
        <field name="res_model">prakruti.gm.report</field>
        <field name="view_type">form</field>
        <field name="view_mode">tree</field>
        <field name="view_id" ref="view_prakruti_gm_report_tree"/>
    </record>
    
    
     <record id="action_prakruti_store_report_tree" model="ir.actions.act_window">
        <field name="name">Store Dashboard</field>
        <field name="res_model">prakruti.store.report</field>
        <field name="view_type">form</field>
        <field name="view_mode">tree</field>
        <field name="view_id" ref="view_prakruti_store_report_tree"/>
    </record>
    
    
    <record id="action_prakruti_purchase_report_tree" model="ir.actions.act_window">
        <field name="name">Purchase Dashboard</field>
        <field name="res_model">prakruti.purchase.report</field>
        <field name="view_type">form</field>
        <field name="view_mode">tree</field>
        <field name="view_id" ref="view_prakruti_purchase_report_tree"/>
    </record>
    
    <record id="action_prakruti_sales_report_tree" model="ir.actions.act_window">
        <field name="name">Sales Dashboard</field>
        <field name="res_model">prakruti.sales.report</field>
        <field name="view_type">form</field>
        <field name="view_mode">tree</field>
        <field name="view_id" ref="view_prakruti_sales_report_tree"/>
    </record>
    
    
    <record id="action_prakruti_quality_report_tree" model="ir.actions.act_window">
        <field name="name">Quality Control Dashboard</field>
        <field name="res_model">prakruti.quality.report</field>
        <field name="view_type">form</field>
        <field name="view_mode">tree</field>
        <field name="view_id" ref="view_prakruti_quality_report_tree"/>
    </record>
    
    
    
    
    <record id="board_manager_form" model="ir.ui.view">
      <field name="name">board.manager.form</field>
      <field name="model">board.board</field>
      <field name="type">form</field>
      <field name="arch" type="xml">
        <form string="Manager Board">
          <board style="1-1">
            <column>
                <action name="%(action_prakruti_gm_report_tree)d" string="General Manager Dashboard"/> 
                <action name="%(action_prakruti_store_report_tree)d" string="Stores Dashboard"/>
                <action name="%(action_prakruti_purchase_report_tree)d" string="Purchase Dashboard"/>
            </column>
            <column>
                <action name="%(action_prakruti_sales_report_tree)d" string="Sales Dashboard"/> 
                 <action name="%(action_prakruti_quality_report_tree)d" string="Quality Control Dashboard"/>
            </column>
             
        
          </board>
        </form>
      </field>
    </record>
    
    
    <record id="open_board_manager" model="ir.actions.act_window">
      <field name="name">Manager Dashboard</field>
      <field name="res_model">board.board</field>
      <field name="view_type">form</field>
      <field name="view_mode">form</field>
      <field name="view_id" ref="board_manager_form"/>
    </record>
    
    <menuitem name="Dashboard"
      action="open_board_manager"
      icon="terp-graph"
      id="menu_board_manager"
      sequence="0" groups="prakruti_dashboard.group_prakruti_dashboard_report_permissions_management" />
    
    
    
    
    
  </data>
</openerp>
