<?xml version="1.0" encoding="UTF-8"?>
<openerp>
  <data>
   
    <record id="view_prakruti_gm_report_tree" model="ir.ui.view">
        <field eval="1" name="priority"></field>
        <field name="name">prakruti.gm.report.tree</field>
        <field name="model">prakruti.gm.report</field>
        <field name="arch" type="xml">
            <tree string="General Manager Dashboard" version="7.0">       
                <field name="pending_purchase_approval" />
                <field name="pending_production_slip"/>
                <field name="pending_store_approval"/>
                <field name="pending_dispatch_qc_ha" />
                <field name="pending_qc_ha"/>
                <field name="pending_sales_grn_qc_ha"/>
                <field name="pending_ptn_qc_ha"/>
            </tree>
        </field>
    </record>
    
    
    
    <record id="view_prakruti_store_report_tree" model="ir.ui.view">
        <field eval="1" name="priority"></field>
        <field name="name">prakruti.store.report.tree</field>
        <field name="model">prakruti.store.report</field>
        <field name="arch" type="xml">
            <tree string="Store Dashboard" version="7.0">       
                <field name="no_of_request" />
                <field name="pending_store_approval"/>
                <field name="pending_store_issue"/>
            </tree>
        </field>
    </record>
    
    
    <record id="view_prakruti_purchase_report_tree" model="ir.ui.view">
        <field eval="1" name="priority"></field>
        <field name="name">prakruti.purchase.report.tree</field>
        <field name="model">prakruti.purchase.report</field>
        <field name="arch" type="xml">
            <tree string="Purchase Dashboard" version="7.0">       
                <field name="no_of_requistion" />
                <field name="pending_purchase_approval"/>
                <field name="pending_purchase_analaysis"/>
                <field name="pending_purchase_quatation" />
                <field name="pending_purchase_quatation_analaysis"/>
                <field name="confirmed_purchase_order"/>
                <field name="meterial_received" />
            </tree>
        </field>
    </record>
    
    
    <record id="view_prakruti_sales_report_tree" model="ir.ui.view">
        <field eval="1" name="priority"></field>
        <field name="name">prakruti.sales.report.tree</field>
        <field name="model">prakruti.sales.report</field>
        <field name="arch" type="xml">
            <tree string="Sales Dashboard" version="7.0">       
                <field name="no_of_sales_request" />
                <field name="no_of_sales_quatation"/>
                <field name="no_of_sales_confirmed"/>
                <field name="pending_production_slip" />
                <field name="no_of_sales_dispatched"/>
            </tree>
        </field>
    </record>
    
    
    <record id="view_prakruti_quality_report_tree" model="ir.ui.view">
        <field eval="1" name="priority"></field>
        <field name="name">prakruti.quality.report.tree</field>
        <field name="model">prakruti.quality.report</field>
        <field name="arch" type="xml">
            <tree string="Quality Control Dashboard" version="7.0">       
                <field name="pending_dispatch_qc" />
                <field name="pending_qc"/>
                <field name="pending_sales_grn_qc"/>
                <field name="pending_ptn_qc"/>
            </tree>
        </field>
    </record>
    
    
    
  </data>
</openerp>
