<?xml version="1.0" encoding="utf-8"?>
<openerp>
    <data>
        <record id="view_currency_rate_search" model="ir.ui.view">
            <field name="name">res.currency.rate.search</field>
            <field name="model">res.currency.rate</field>
            <field name="arch" type="xml">
                <search string="Currency Rates">
                    <field name="name" string="Date"/>
                </search>
            </field>
        </record>

        <record id="view_currency_rate_tree" model="ir.ui.view">
            <field name="name">res.currency.rate.tree</field>
            <field name="model">res.currency.rate</field>
            <field name="arch" type="xml">
                <tree string="Currency Rates">
                    <field name="name"/>
                    <field name="rate"/>
                    <field name="company_id" groups="base.group_multi_company"/>
                </tree>
            </field>
        </record>

        <record id="view_currency_rate_form" model="ir.ui.view">
            <field name="name">res.currency.rate.form</field>
            <field name="model">res.currency.rate</field>
            <field name="arch" type="xml">
                <form string="Currency Rate">
                    <sheet>
                        <group>
                            <group>
                                <field name="name"/>
                                <field name="rate"/>
                            </group>
                            <group>
                                <field name="currency_id"/>
                                <field name="company_id" groups="base.group_multi_company"/>
                            </group>

                        </group>
                    </sheet>
                </form>
            </field>
        </record>

        <act_window
           id="act_view_currency_rates"
           name="Currency Rates"
           view_mode='tree,form'
           view_id='view_currency_rate_tree'
           domain="[('currency_id','=', active_id)]"
           context="{'default_currency_id': active_id}"
           res_model="res.currency.rate"/>

        <record id="view_currency_search" model="ir.ui.view">
            <field name="name">res.currency.search</field>
            <field name="model">res.currency</field>
            <field name="arch" type="xml">
                <search string="Currencies">
                    <field name="name" string="Currency"/>
                    <field name="active"/>
                    <filter name="active" string="Active" domain="[('active','=',True)]" help="Show active currencies"/>
                    <filter name="inactive" string="Inactive" domain="[('active','=',False)]" help="Show inactive currencies"/>
                </search>
            </field>
        </record>

        <record id="view_currency_tree" model="ir.ui.view">
            <field name="name">res.currency.tree</field>
            <field name="model">res.currency</field>
            <field name="arch" type="xml">
                <tree string="Currencies" decoration-muted="(not active)">
                    <field name="name"/>
                    <field name="symbol"/>
                    <field name="rate_ids" invisible="1"/>
                    <field name="date"/>
                    <field name="rate"/>
                    <field name="active"/>
                </tree>
            </field>
        </record>

        <record id="view_currency_form" model="ir.ui.view">
            <field name="name">res.currency.form</field>
            <field name="model">res.currency</field>
            <field name="arch" type="xml">
                <form string="Currency">
                    <header>
                        <button name="%(act_view_currency_rates)d" string="View Rates" type="action" attrs="{'invisible': [('active', '=', False)]}"/>
                    </header>
                    <sheet>
                        <group col="4">
                            <field name="name"/>
                            <field name="rate"/>
                            <field name="active"/>
                        </group>

                        <group groups="base.group_no_one">
                            <group string="Price Accuracy">
                                <field name="rounding"/>
                                <field name="decimal_places"/>
                            </group>

                            <group string="Display">
                                <field name="symbol"/>
                                <field name="position"/>
                            </group>
                        </group>
                    </sheet>
                </form>
            </field>
        </record>
        <record id="action_currency_form" model="ir.actions.act_window">
            <field name="name">Currencies</field>
            <field name="res_model">res.currency</field>
            <field name="view_type">form</field>
            <field name="view_mode">tree,form</field>
            <field name="search_view_id" ref="view_currency_search"/>
            <field name="context">{'active_test': False}</field>
        </record>

        <menuitem action="action_currency_form" id="menu_action_currency_form" parent="menu_localisation" sequence="3" groups="base.group_multi_currency"/>

    </data>
</openerp>
