<?xml version="1.0" encoding="UTF-8"?>
<openerp>
    <data>
        <report id="preview_rml_report" model="res.company" name="preview.report" menu="False" rml="base/report/preview_report.rml" string="Preview RML Report"/>

        <record id="view_company_form" model="ir.ui.view">
            <field name="name">res.company.form</field>
            <field name="model">res.company</field>
            <field name="arch" type="xml">
                <form string="Company">
                  <sheet>
                    <field name="logo" widget="image"  class="oe_avatar"/>
                    <div class="oe_title">
                        <label for="name" class="oe_edit_only"/>
                        <h1>
                            <field name="name" class="oe_inline"/>
                        </h1>
                        <label for="code" class="oe_edit_only"/>
			<h1>
			    <field name="code" class="oe_inline"/>
                        </h1>
                        
                        <label for="rml_header1" class="oe_edit_only"/>
                        <h3>
                            <field name="rml_header1" placeholder="e.g. Prakruti Business Solutions"/>
                        </h3>
                    </div>
                    <notebook colspan="4">
                        <page string="General Information">
                            <group>
                                <group>
                                    <field name="partner_id" readonly="1" required="0" groups="base.group_no_one"/>
                                    <label for="street" string="Address"/>
                                    <div class="o_address_format">
                                        <field name="street" placeholder="Street..." class="o_address_street"/>
                                        <field name="street2" placeholder="Street 2..." class="o_address_street"/>
                                        <field name="city" placeholder="City" class="o_address_city"/>
                                        <field name="state_id" class="o_address_state" placeholder="State" options='{"no_open": True}' on_change="onchange_state(state_id)"/>
                                        <field name="zip" placeholder="ZIP" class="o_address_zip"/>
                                        <field name="country_id" placeholder="Country" class="o_address_country" options='{"no_open": True}' on_change="on_change_country(country_id)"/>
                                    </div>
                                    <field name="website" widget="url" placeholder="http://www.prakruti.com/"/>
                                     </group>
                                <group>
                                    <label for="street" string="Factory Address"/>
                                    <div class="o_address_format">
                                        <field name="factory_address" placeholder="Street..." class="o_address_street"/>
                                        <field name="factory_street" placeholder="Street 2..." class="o_address_street"/>
                                        <field name="factory_city" placeholder="City" class="o_address_city"/>
                                        <field name="factory_state_id" class="o_address_state" placeholder="State"/>
                                        <field name="factory_zip" placeholder="ZIP" class="o_address_zip"/>
                                        <field name="factory_country_id" placeholder="Country" class="o_address_country"/>
                                    </div>
                                </group>
                               
                                <group>
                                     <field name="phone"/>
                                    <field name="fax"/>
                                    <field name="email" on_change="onchange_mail(email)"/>
                                    <field name="sales_email" placeholder="Sales E-mail" on_change="onchange_sales_mail(sales_email)"/>
                                    <field name="vat"/>
                                     <field name="excise_regn_no" placeholder="Excise regn No"/>
                                     <field name="range" placeholder="Range"/>
                                     <field name="division" placeholder="Division"/>
                                     <field name="commissionerate" placeholder="Commissionerate"/>
                                     <field name="servicetax_regn_no"/>
                                     <field name="tax"/> 
                                     <field name="tin" placeholder="TIN NO"/>
                                     <field name="cst" placeholder="CST NO"/>
                                     <field name="pan" placeholder="PAN NO"/>
                                     <field name="ecc_no" placeholder="ECC NO"/>
                                     <field name="ie_no" placeholder="IE CODE"/>
                                     <field name="cin_no" placeholder="CIN NO"/>
                                     <field name="company_registry"/>
                                    <field name="parent_id"  groups="base.group_multi_company"/>
                                </group>
                            </group>
                        </page>
                        <page name="configuration" string="Configuration">
                            <group>
                                <group name="account_grp" string="Accounting">
                                    <field name="currency_id"/>
                                </group>
                            </group>
                        </page>
                        <page name="report" string="Report Configuration">
                            <group string="Configuration">
                                <group col="2" colspan="2">
                                    <field name="custom_footer"/>
                                    <field name="rml_footer" attrs="{'invisible': [('custom_footer','=',False)]}"/>
                                    <field name="rml_footer_readonly" attrs="{'invisible': [('custom_footer','=',True)]}"/>
                                </group>
                            </group>

                            <group string="Configuration (RML)" groups="base.group_no_one">
                                <group col="2" colspan="2">
                                    <button name="%(preview_rml_report)d" string="Preview RML Report" type="action" colspan="2"/>
                                    <field name="rml_paper_format" on_change="onchange_rml_paper_format(rml_paper_format)"/>
                                </group>
                                <group col="3" colspan="2">
                                    <field name="font" class="oe_inline" on_change="onchange_font_name(font, rml_header, rml_header2, rml_header3)"/>
                                    <button string="(reload fonts)" name="act_discover_fonts" type="object" class="oe_link"/>
                                </group>
                                <group col="1" colspan="2">
                                    <field name="rml_header"/>
                                    <field name="rml_header2"/>
                                    <field name="rml_header3"/>
                                </group>
                            </group>
                        </page>
                    </notebook>
                    </sheet>
                </form>
            </field>
        </record>
        <record id="view_company_tree" model="ir.ui.view">
            <field name="name">res.company.tree</field>
            <field name="model">res.company</field>
            <field name="field_parent">child_ids</field>
            <field name="arch" type="xml">
                <tree string="Department">
                    <field name="name"/>
                    <field name="partner_id"/>
                </tree>
            </field>
        </record>
        <record id="company_normal_action_tree" model="ir.actions.act_window">
            <field name="name">Department</field>
            <field name="type">ir.actions.act_window</field>
            <field name="res_model">res.company</field>
            <field name="view_type">form</field>
            <field name="view_mode">tree,form</field>
            <field name="domain">[('id','=',active_id)]</field>
        </record>
        <record id="action_res_company_form" model="ir.actions.act_window">
            <field name="name">Department</field>
            <field name="type">ir.actions.act_window</field>
            <field name="res_model">res.company</field>
            <field name="view_type">form</field>
            <field name="help">Create and manage the companies that will be managed by Odoo from here. Shops or subsidiaries can be created and maintained from here.</field>
        </record>
        <menuitem action="action_res_company_form" id="menu_action_res_company_form" parent="base.menu_users" groups="base.group_light_multi_company"/>

        <record id="ir_open_company" model="ir.values">
            <field eval="'tree_but_open'" name="key2"/>
            <field eval="'res.company'" name="model"/>
            <field name="name">Department</field>
            <field eval="'ir.actions.act_window,%d'%company_normal_action_tree" name="value"/>
        </record>

    </data>
</openerp>
