<?xml version="1.0" encoding="utf-8"?>
<openerp>
    <data noupdate="True">

        <!--
        Resource: res.partner.title
        -->
        <record id="res_partner_title_madam" model="res.partner.title">
            <field name="name">Madam</field>
            <field name="shortcut">Mrs.</field>
        </record>
        <record id="res_partner_title_miss" model="res.partner.title">
            <field name="name">Miss</field>
            <field name="shortcut">Miss</field>
        </record>
        <record id="res_partner_title_sir" model="res.partner.title">
            <field name="name">Sir</field>
            <field name="shortcut">Sr.</field>
        </record>
        <record id="res_partner_title_mister" model="res.partner.title">
            <field name="name">Mister</field>
            <field name="shortcut">Mr.</field>
        </record>
        <record id="res_partner_title_doctor" model="res.partner.title">
            <field name="name">Doctor</field>
            <field name="shortcut">Dr.</field>
        </record>
        <record id="res_partner_title_prof" model="res.partner.title">
            <field name="name">Professor</field>
            <field name="shortcut">Prof.</field>
        </record>

        <!--
        Resource: res.request.link
        -->

        <record id="req_link_partner" model="res.request.link">
            <field name="name">Partner</field>
            <field name="object">res.partner</field>
        </record>
    </data>
</openerp>
