<?xml version="1.0" encoding="utf-8"?>
<openerp>
 <data>
        
        <record model="ir.ui.view" id="view_prakruti_store_approve_request_search">
            <field name="name">prakruti.store_approve_request.search</field>
            <field name="model">prakruti.store_approve_request</field>
            <field name="arch" type="xml">
                <search string="Product Wise Search">
                    <field name="product_id"/>
                   <field name='request_no'/>
                   <field name="requested_by"/> 
                   <field name='approved_by'/>
                   <field name='approved_date'/>
                   <field name='state'/>
                </search>
            </field>
        </record>
        
     <record model="ir.ui.view" id="view_prakruti_store_approve_request_pivot">
            <field name="name">prakruti.store_approve_request.pivot</field>
            <field name="model">prakruti.store_approve_request</field>
            <field name="arch" type="xml">
                <pivot string=" Store Approve Request  " display_quantity="True">
                    <field name="state" type="row"/>
                    <field name="approved_by"/>
                </pivot>
            </field>
        </record>
        
        
        <record model="ir.ui.view" id="view_prakruti_store_approve_request_form">
            <field name="name">prakruti.store_approve_request.form</field>
            <field name="model">prakruti.store_approve_request</field>
            <field name="arch" type="xml">
             <form string="Prakruti store approve request Information" create='false'>
                       <header>                   
                             <button name="action_to_issue" string="To Issue" type="object" attrs="{'invisible':[('state', 'in', ('issue'))]}"/>  
                             <field name='state' widget='statusbar'/>
                        </header>
                        
                        
                      <group>
                          <group colspan="2" col="6">
                                <field name='request_date'/>
                                <field name='request_no'/>
                                <field name="requested_by"  options="{'no_create': True, 'no_open': True, 'no_create_edit' : True}"/>   
                                <field name='dept_id'  options="{'no_create': True, 'no_open': True, 'no_create_edit' : True}"/>
                                <field name='company_id'  options="{'no_create': True, 'no_open': True, 'no_create_edit' : True}"/>
                                <field name='approved_date'/>
                                <field name='approved_by'  options="{'no_create': True, 'no_open': True, 'no_create_edit' : True}"/>
                                <field name='store_location_id' options="{'no_create': True, 'no_open': True, 'no_create_edit' : True}"/>
                                <field name="extraction_bom_id" invisible="True"/>
                                <field name="syrup_bom_id"  invisible="True"/>
                                <field name="tablet_bom_id" invisible="True"/>                                
                                <field name="syrup_packing_bom_id" invisible="True"/>
                                <field name="tablet_packing_bom_id" invisible="True"/>
                            </group>
                            
                         <notebook colspan="2"> 
                            <page  string="Product Details">
                                <field name='grid_id'/>
                            </page>
                            <page string="Other Deatils" >
                                <group colspan="2" col="6">
                                    <field name='store_incharge' style="width:30%%"  options="{'no_create': True, 'no_open': True, 'no_create_edit' : True}"/>
                                    <field name='plant_incharge' style="width:30%%"  options="{'no_create': True, 'no_open': True, 'no_create_edit' : True}"/>
                                    <field name='doc_no' style="width:30%%"/>
                                    <field name='date' style="width:30%%"/>
                                    <field name='production_incharge' style="width:30%%"  options="{'no_create': True, 'no_open': True, 'no_create_edit' : True}"/>
                                </group>
                            </page>
                        </notebook>
                      </group>
             </form>
            </field>
        </record>
    
     
        <!-- Tree view of Prakruti store approve request Information -->
        <record model="ir.ui.view" id="view_prakruti_store_approve_request_tree">
            <field name="name">prakruti.store_approve_request.tree</field>
            <field name="model">prakruti.store_approve_request</field>
            <field name="arch" type="xml">
                <tree string="Prakruti store approve request Information" create='false'>
                   
                   <field name='request_no'/>
                   <field name="requested_by"/> 
                   <field name='approved_by'/>
                   <field name='approved_date'/>
                   <field name='state'/>
                </tree>
            </field>
        </record>
	
        
        
         <record model="ir.ui.view" id="view_prakruti_store_approve_request_item_tree">
            <field name="name">prakruti.store_approve_request_item.tree</field>
            <field name="model">prakruti.store_approve_request_item</field>
            <field name="arch" type="xml">
                <tree string="Prakruti Store Approve Requests Item " editable='bottom' create= "false">
                    <field name="product_id" />
                    <field name="uom_id" />
                    <field name="description" />
                    <field name="store_qty"/>
                    <field name="requested_quantity" />
                    <field name="approved_quantity" />
                    <field name="extra_issued_packing" invisible="True"/>
                    <field name='ar_no' options="{'no_create': True, 'no_open': True, 'no_create_edit' : True}" domain="[ ('product_id','=',product_id)]" invisible="True"/>
                    <field name="grn_no" invisible="True"/>
                    <field name="remarks"/>
                    <field name="grid_common_id" invisible="True"/>
                    <field name="extra_readonly_flag" invisible="True"/>
                    <field name="main_id" invisible="True"/>
                </tree>
            </field>
        </record>

        <record model="ir.actions.act_window" id="prakruti_store_approve_request_action">
            <field name="name">Prakruti store approve request</field>
            <field name="res_model">prakruti.store_approve_request</field>
            <field name="view_type">form</field>
            <field name="view_mode">tree,form,pivot</field>
        </record>
	
	
        <menuitem name="Material Request Approval " id="prakruti_store_approve_request_menu"
            action="prakruti_store_approve_request_action" sequence="2"
                  parent="prakruti_sotres_main_sub_menu"
                  groups="group_prakruti_store_approve_request_read_only,group_prakruti_store_approve_request_edit,group_prakruti_store_approve_request_create,group_prakruti_store_approve_request_delete"/>
   

</data>
</openerp>
