<?xml version="1.0" encoding="utf-8"?>
<openerp>
    <data>
        
        <record model="ir.ui.view" id="view_prakruti_quality_check_qa_ha_search">
            <field name="name">prakruti.quality_check_qa_ha.search</field>
            <field name="model">prakruti.quality_check_qa_ha</field>
            <field name="arch" type="xml">
                <search string="Product Wise Search">
                    <field name="product_id"/>
                    <field name="dispatch_no"/>
                    <field name="qc_date" />
                    <field name='checked_by'/>
                    <field name='quality_incharge'/>
                    <field name='state'/>
                </search>
            </field>
        </record>
        
     <record model="ir.ui.view" id="view_prakruti_quality_check_qa_ha_pivot">
            <field name="name">prakruti.quality_check_qa_ha.pivot</field>
            <field name="model">prakruti.quality_check_qa_ha</field>
            <field name="arch" type="xml">
                <pivot string="Dispatch QA HA" display_quantity="True">
                    <field name="checked_by" type="row"/>
                    <field name="state"/>
                </pivot>
            </field>
        </record>
        
        <record model="ir.ui.view" id="view_prakruti_quality_check_qa_ha_form">
            <field name="name">Quality Check</field>
            <field name="model">prakruti.quality_check_qa_ha</field>
            <field name="arch" type="xml">
                <form string="Dispatch QA HA" create= "false">
                        <header position="inside">
                            <button name="update_to_dispatch" string="To Dispatch" type="object"  attrs="{'invisible':[('state','in',('done'))]}"/>
                            <field name='state' widget='statusbar'/>
                        </header>
                        <group colspan="4" col="4">
                            <field name='qc_date' attrs="{'readonly':[('state','in',('done'))]}"/>
                            <field name='dispatch_no' />
                            <field name='dispatch_date' />
                            <field name='checked_by' options="{'no_create': True, 'no_open': True, 'no_create_edit' : True}" attrs="{'readonly':[('state','in',('done'))]}"/>
                            <field name='order_no'/>
                            <field name="order_date"/>
                            <field name="dispatch_to" options="{'no_create': True, 'no_open': True, 'no_create_edit' : True}"/>      
                            <field name='dispatch_id' options="{'no_create': True, 'no_open': True, 'no_create_edit' : True}" readonly="True"/>  
                            <field name='order_id'  options="{'no_create': True, 'no_open': True, 'no_create_edit' : True}" invisible="True"/>
                            <field name='requested_id'  options="{'no_create': True, 'no_open': True, 'no_create_edit' : True}" invisible="True"/>
                            <field name='quotation_id'  options="{'no_create': True, 'no_open': True, 'no_create_edit' : True}" invisible="True"/>
                        </group>
                        <notebook>
                            <page string='Product Details'>
                                <field name='qc_check_line' attrs="{'readonly':[('state','in',('done'))]}">
                                    <tree editable='bottom' create= "false" delete= "false">
                                        <field name='product_id' options="{'no_create': True, 'no_open': True, 'no_create_edit' : True}" attrs="{'readonly':[('state','in',('draft'))]}"/>
                                        <field name='uom_id' options="{'no_create': True, 'no_open': True, 'no_create_edit' : True}" attrs="{'readonly':[('state','in',('draft'))]}"/>
                                        <field name='description' attrs="{'readonly':[('state','in',('draft'))]}"/>
                                        <field name='specification_id' options="{'no_create': True, 'no_open': True, 'no_create_edit' : True}" domain="['&amp;',('product_id','=',product_id),'|',('specification_sale_status','=',True),('common_specification','=',True)]"/>
                                      <!--  <field name='ar_no' options="{'no_create': True, 'no_open': True, 'no_create_edit' : True}"  domain="[('specification_id','=',specification_id)]"/>-->
                                        <field name="batch_no"/>
                                        <field name='ordered_qty' attrs="{'readonly':[('state','in',('draft'))]}"/>
                                        <field name='dispatched_qty' attrs="{'readonly':[('state','in',('draft'))]}"/>
                                        <field name="accepted_qty" />
                                        <field name="rejected_qty" />
                                        <field name="status" />
                                        <field name="test_result"/>
                                        <field name='remarks'/>
                                        <field name='state' invisible="True"/>
                                        <field name="scheduled_qty" invisible= "True"/>
                                        <field name='dispatch_line_grid_id' invisible="True"/>
                                    </tree>
                                    
                                </field>
                            </page>
                            <page string='Other details'>
                                <group name = 'details' string = 'QC Information'/>
                                <group colspan= "4" col= "4">
                                    <field name='reference_no' attrs="{'readonly':[('state','in',('done'))]}"/>
                                    <field name= "store_incharge" options="{'no_create': True, 'no_open': True, 'no_create_edit' : True}" attrs="{'readonly':[('state','in',('done'))]}"/>
                                    <field name= 'quality_incharge' options="{'no_create': True, 'no_open': True, 'no_create_edit' : True}" attrs="{'readonly':[('state','in',('done'))]}"/>
                                    <field name='remarks'/>
                                </group>
                            </page>
                        </notebook>
                </form>
            </field>
        </record>

        <record model="ir.ui.view" id="view_prakruti_quality_check_qa_ha_tree">
            <field name="name">Dispatch QA HA</field>
            <field name="model">prakruti.quality_check_qa_ha</field>
            <field name="arch" type="xml">
                <tree string="Quality Check" create= "false">
<!--                     <field name="customer_id"/> -->
                    <field name="dispatch_no"/>
                    <field name="qc_date" />
                    <field name='checked_by'/>
                    <field name='quality_incharge'/>
                    <field name='state'/>
                </tree>
            </field>
        </record>  

        <record model="ir.actions.act_window" id="prakruti_quality_check_qa_ha_action">
            <field name="name">Dispatch QA HA</field>
            <field name="res_model">prakruti.quality_check_qa_ha</field>
            <field name="view_type">form</field>
            <field name="view_mode">tree,form,pivot</field>
        </record>
        
       <!-- <menuitem sequence="2" 
                  name="Dispatch QA HA" 
                  id="prakruti_quality_check_qa_ha_menu" 
                  action="prakruti_quality_check_qa_ha_action" 
                  parent="prakruti_quality_check_qa_menu"
                  groups="group_prakruti_quality_check_qa_ha_delete,group_prakruti_quality_check_qa_ha_create,group_prakruti_quality_check_qa_ha_edit,group_prakruti_quality_check_qa_ha_read_only"/>-->
        
    </data>
</openerp>