<?xml version="1.0" encoding="utf-8"?>
<openerp>
 <data>
        
        <record model="ir.ui.view" id="view_prakruti_store_issue_search">
            <field name="name">prakruti.store_issue.search</field>
            <field name="model">prakruti.store_issue</field>
            <field name="arch" type="xml">
                <search string="Product Wise Search">
                    <field name="product_id"/>               
                   <field name="request_no"/>
                   <field name='approved_by'/>
                   <field name='issue_no'/>
                   <field name='issue_date'/>
                   <field name='issued_by'/>
                   <field name='batch_no' />
                   <field name='subplant_id' />
                   <field name='coming_from'/>
                   <field name='status'/>
                </search>
            </field>
        </record>
        
     <record model="ir.ui.view" id="view_prakruti_store_issue_pivot">
            <field name="name">prakruti.store_issue.pivot</field>
            <field name="model">prakruti.store_issue</field>
            <field name="arch" type="xml">
                <pivot string="  Store Issue " display_quantity="True">
                    <field name="status" type="row"/>
                    <field name="issued_by"/>
                </pivot>
            </field>
        </record>
        
        
        
        <record model="ir.ui.view" id="view_prakruti_store_issue_form">
            <field name="name">prakruti.store_issue.form</field>
            <field name="model">prakruti.store_issue</field>
            <field name="arch" type="xml">
             <form string="Prakruti Store Issue" create='false'>
                  <header>                   
                      <button name="UpdateIssueStock" string="Dispatch" type="object" attrs="{'invisible':[('status', 'in', ('issue'))]}"/>
                      <field name='status' widget="statusbar"/> 
                  </header>
                      <group>
                          <group colspan="2" col="6">
                                <field name='request_date'/>
                                <field name='request_no'/>
                                <field name='approved_date'/>
                                <field name='approved_by' options="{'no_create': True, 'no_open': True, 'no_create_edit' : True}" />
                                <field name='issue_no'/>
                                <field name='issue_date'/>
                                <field name='issued_by' options="{'no_create': True, 'no_open': True, 'no_create_edit' : True}" />
                                <field name='dept_id'  options="{'no_create': True, 'no_open': True, 'no_create_edit' : True}"/>
                                <field name='company_id'  options="{'no_create': True, 'no_open': True, 'no_create_edit' : True}"/>
                                <field name='store_location_id'/>
                                <field name='batch_no' attrs="{'invisible':[('coming_from', 'in', ('Internal'))]}"/>
                                <field name='subplant_id' attrs="{'invisible':[('coming_from', 'in', ('Internal'))]}"/>
                            </group>
                            <group>
                                <field name="coming_from" invisible="True"/>
                                <field name="extraction_bom_id" invisible="True"/>
                                <field name="syrup_bom_id" invisible="True"/>
                                <field name="tablet_bom_id" invisible="True"/>                                
                                <field name="syrup_packing_bom_id" invisible="True"/>
                                <field name="tablet_packing_bom_id" invisible="True"/>
                            </group>
                             <group>
                                 <field name='store_issue_no' invisible="True"/>
                                <field name='auto_no' invisible="True"/>
                                <field name='req_no_control_id' invisible="True"/>
                             </group>
                            
                         <notebook colspan="2"> 
                            <page  string="Product Details">
                                <field name='grid_id'/>
                            </page>
                            <page string="Other Details">
                                <group colspan="2" col="6">
                                    <field name='store_incharge' style="width:30%%" options="{'no_create': True, 'no_open': True, 'no_create_edit' : True}" />
                                    <field name='plant_incharge' style="width:30%%" options="{'no_create': True, 'no_open': True, 'no_create_edit' : True}" />
                                    <field name='doc_no' style="width:30%%"/>
                                    <field name='date' style="width:30%%"/>
                                    <field name='production_incharge' style="width:30%%" options="{'no_create': True, 'no_open': True, 'no_create_edit' : True}" />
                                    <field name='remarks' style="width:30%%"/>
                                </group>
                            </page>
                        </notebook>
                      </group>
             </form>
            </field>
        </record>
    
     
        <!-- Tree view of Prakruti Store Issue -->
        <record model="ir.ui.view" id="view_prakruti_store_issue_tree">
            <field name="name">prakruti.store_issue.tree</field>
            <field name="model">prakruti.store_issue</field>
            <field name="arch" type="xml">
                <tree string="Prakruti Store Issue" create='false'>                  
                   <field name="request_no"/>
                   <field name='approved_by'/>
                   <field name='issue_no'/>
                   <field name='issue_date'/>
                   <field name='issued_by'/>
                   <field name='batch_no' />
                   <field name='subplant_id' />
                   <field name='coming_from'/>
                   <field name='status'/>
                </tree>
            </field>
        </record>
	
        
        
         <record model="ir.ui.view" id="view_prakruti_store_issue_item_tree">
            <field name="name">prakruti.store_issue_item.tree</field>
            <field name="model">prakruti.store_issue_item</field>
            <field name="arch" type="xml">
                <tree string="Prakruti Store Issue Item" editable='bottom' create= "false">
                    <field name="product_id" />
                    <field name="uom_id" />
                    <field name="description" />
                    <field name="packing_style" attrs="{'readonly':[('style_flag', '=', 1)]}"/>
                    <field name="packing_per_qty" attrs="{'readonly':[('packing_flag', '=', 1)]}"/>
                    <field name="extra_issued_packing"/>
                    <field name="grn_no" />
                    <field name='ar_no' options="{'no_create': True, 'no_open': True, 'no_create_edit' : True}" domain="[ ('product_id','=',product_id)]" />
                    <field name="approved_quantity" />
                    <field name="issued_quantity" />
                    <field name="extra_issued_qty" attrs="{'readonly':[('extra_readonly_flag', '=', 1)]}"/>
                    <field name="remarks"/>
                    <field name="store_qty" invisible="True"/>
                    <field name="grid_common_id_bom" invisible="True"/>
                    <field name="extra_readonly_flag" invisible="True"/>
                    <field name="main_id" invisible="True"/>
                    <field name="style_flag" invisible="True"/>
                    <field name="packing_flag" invisible="True"/>
                </tree>
            </field>
        </record>
        
        
        

        <!-- Action for Prakruti Store Issue -->
        <record model="ir.actions.act_window" id="prakruti_store_issue_action">
            <field name="name">Prakruti Store Issue</field>
            <field name="res_model">prakruti.store_issue</field>
            <field name="view_type">form</field>
            <field name="view_mode">tree,form,pivot</field>
        </record>
	
	
        <menuitem name="Material Issue" id="prakruti_store_issue_menu"
            action="prakruti_store_issue_action" sequence="3"
                  parent="prakruti_sotres_main_sub_menu"
                  groups="group_prakruti_store_issue_read_only,group_prakruti_store_issue_edit,group_prakruti_store_issue_create,group_prakruti_store_issue_delete"/>

      
   

</data>
</openerp>
