<?xml version="1.0" encoding="utf-8"?>
<openerp>
 <data>
        
        <record model="ir.ui.view" id="view_prakruti_dispatch_search">
            <field name="name">prakruti.dispatch.search</field>
            <field name="model">prakruti.dispatch</field>
            <field name="arch" type="xml">
                <search string="Product Wise Search">
                    <field name="product_id"/>
                   <field name="dispatch_no"/>
                   <field name='dispatch_date'/>
                   <field name='order_no'/>
                   <field name="dispatch_to"/>
                   <field name='state'/>
                </search>
            </field>
        </record>
        
      <record model="ir.ui.view" id="view_prakruti_dispatch_pivot">
            <field name="name">prakruti.dispatch.pivot</field>
            <field name="model">prakruti.dispatch</field>
            <field name="arch" type="xml">
                <pivot string="Prakruti Dispatch" display_quantity="True">
                    <field name="customer_id" type="row"/>
                    <field name="state"/>
                </pivot>
            </field>
        </record>
        
        <record model="ir.ui.view" id="view_prakruti_dispatch_form">
            <field name="name">prakruti.dispatch.form</field>
            <field name="model">prakruti.dispatch</field>
            <field name="arch" type="xml">
              <form string="Prakruti Dispatch"> 
                  <header position="inside">
                    
<!--                     <button name="validate_grid" string="Validate" type="object" attrs="{'invisible':['|',('state','in',('draft','sent_to_qc','invoice','validate','done','partially_confirmed','sent_to_qa','qc_approval','without_qc_partially_confirmed','without_qc_invoice')),('sent_to_qa_before_qc_test', '=',2)]}"/> -->
                    
                    <button name="dispatch_to_qc" string="Quality Check" type="object" attrs="{'invisible':[('state','not in',('draft'))]}"/>
                     <button name="UpdateDispatchStock" string="Dispatch" type="object" attrs="{'invisible':[('state','in',('draft','sent_to_qc','qc_done','invoice','done','partially_confirmed','without_qc_partially_confirmed','without_qc_invoice'))]}"/> 
                    
<!--                     <button name="dispatch_to_qa" string="Sent to QA before QC Test" type="object" attrs="{'invisible':[('sent_to_qa_before_qc_test', 'in',(1,2))]}"/> -->
                    
                    <field name='state' widget='statusbar'/>
                  </header>
                      <group>
                            <group>
                                <field name='dis_no' invisible="True"/>
                                <field name='auto_no' invisible="True"/>
                                <field name='req_no_control_id1' invisible="True"/>
                                <field name='countflag' invisible='True'/>
                                <field name='flag_count_accept'  invisible='True'/>
                                <field name='flag_count_reject'  invisible="True"/>
                                <field name='flag_count_par_reject'  invisible="True"/>
                                <field name='any_partial_line' invisible="True"/>
                                <field name='flag_count' invisible= "True"/>
                                <field name='flag_count_display_product' invisible= "True"/>
                                <field name= "flag_rejected_count" invisible="True"/>
                                <field name='slip_no' invisible="True"/>
                                <field name='dispatch_flag' invisible="True"/>
                                <field name='reject_flag' invisible="True"/>
                                <field name='sent_to_qa_before_qc_test' invisible="True"/>
                                <field name='qc_check_flag' invisible="True"/>
                            </group>
                            <group colspan="4" col="4">
                                <field name='dispatch_no' readonly="True" style="color: green; font-weight: bold;"/>
                                <field name='dispatch_date' attrs="{'readonly':[('state','in',('sent_to_qc','qc_done','invoice','validate'))]}"/>
                                <field name='order_no' on_change="onchange_order_no(order_no)" domain="[('state','in',('partial_order','production_slip_confirmed','partially_confirmed','without_qc_partially_confirmed'))]" options="{'no_create': True, 'no_open': True, 'no_create_edit' : True}"/>
                                <field name='order_date' readonly="True"/>
                                <field name='customer_id' options="{'no_create': True, 'no_open': True, 'no_create_edit' : True}" readonly="True"/>
                                <field name='dispatch_to' options="{'no_create': True, 'no_open': True, 'no_create_edit' : True}" readonly="True"/>
                                <field name='company_id' options="{'no_create': True, 'no_open': True, 'no_create_edit' : True}" attrs="{'readonly':[('state','in',('sent_to_qc','qc_done','validate','invoice'))]}" readonly="True"/>
                                <field name='shipping_id' options="{'no_create': True, 'no_open': True, 'no_create_edit' : True}" readonly="True"/>
                                <field name='billing_id' options="{'no_create': True, 'no_open': True, 'no_create_edit' : True}" readonly="True"/>
                                <field name= "product_type_id" options="{'no_create': True, 'no_open': True, 'no_create_edit' : True}" readonly="True"/>              
                                <field name='po_no' options="{'no_create': True, 'no_open': True, 'no_create_edit' : True}" readonly="True"/>           
                                <field name='dispatch_id' options="{'no_create': True, 'no_open': True, 'no_create_edit' : True}" />
                                <field name='reference_no' readonly="True"/>
                                <field name='reference_date' readonly="True"/>
                                <field name='order_id'  options="{'no_create': True, 'no_open': True, 'no_create_edit' : True}" invisible="True"/>
                                <field name='requested_id'  options="{'no_create': True, 'no_open': True, 'no_create_edit' : True}" invisible="True"/>
                                <field name='quotation_id'  options="{'no_create': True, 'no_open': True, 'no_create_edit' : True}" invisible="True"/>
                            </group>
                        </group>
                        <button name="action_list_products"  string="List" type="object" attrs="{'invisible':[('flag_count_display_product','=',1)]}"/>
                        <button name="action_delete_products"  string="Delete" type="object" attrs="{'invisible':[('state','not in','draft')]}"/>
                            <notebook colspan="2"> 
                                <page  string="Product Details">                   
                                    <button name="check_stock" string="Check Stock" type="object"/>
                                    <field name='grid_id'>
                                        <tree string="Prakruti Dispatch" editable='bottom' create= "false" delete= "false">
                                            <field name="product_id" on_change="onchange_product(product_id)" options="{'no_create': True, 'no_open': True, 'no_create_edit' : True}"/>
                                            <field name="uom_id" options="{'no_create': True, 'no_open': True, 'no_create_edit' : True}" />
                                            <field name="description" />
                                            <field name='batch_no' options="{'no_create': True, 'no_open': True, 'no_create_edit' : True}"/>
                                            <field name="ordered_qty" />
                                            <field name="total_dispatch_qty" />
                                            <field name="scheduled_date" />
                                            <field name="total_scheduled_qty" />
                                            <field name="dispatched_qty" />
                                            <field name="remaining_dispatched_qty" />
                                            <field name="packing_details" attrs="{'readonly':[('state','in',('invoice'))]}"/>
                                            <field name="accepted_qty" attrs="{'readonly':[('state','in',('draft'))]}"/>
                                            <field name="rejected_qty" attrs="{'readonly':[('state','in',('draft'))]}"/>
                                            <field name="store_qty"/>
                                            <field name="send_status" />
                                            <field name="remarks" attrs="{'readonly':[('state','in',('qc_done'))]}"/>
                                            <field name="total" invisible="True"/>
                                            <field name="quantity" invisible="True"/>
                                            <field name="unit_price" invisible="True"/>
                                            <field name="state" invisible="True"/>
                                            <field name="main_id" invisible="True"/>
                                            <field name="previous_dispatch_qty" invisible="True"/>
                                            <field name="scheduled_qty" invisible="True"/>
                                            <field name="specification_id" invisible="True"/>
                                            <field name="status" invisible="True"/>
                                            <!-- GST ENTRY -->
                                            <!-- ################################################ -->
                                            <field name='hsn_code' invisible="True"/>
                                            <field name='amount' invisible="True"/>
                                            <field name='discount_id' options="{'no_create': True, 'no_open': True, 'no_create_edit' : True}" invisible="True"/>
                                            <field name='discount' invisible="True"/>
                                            <field name='taxable_value' invisible="True"/>
                                            <field name='proportionate_amount_to_products' invisible="True"/>
                                            <field name='taxable_value_with_charges' invisible="True"/>
                                            <field name='gst_rate' invisible="True"/>
                                            <field name='cgst_id' options="{'no_create': True, 'no_open': True, 'no_create_edit' : True}" invisible="True"/>
                                            <field name='cgst_value' invisible="True"/>
                                            <field name='cgst_amount' invisible="True"/>
                                            <field name='sgst_id' options="{'no_create': True, 'no_open': True, 'no_create_edit' : True}" invisible="True"/>
                                            <field name='sgst_value' invisible="True"/>
                                            <field name='sgst_amount' invisible="True"/>
                                            <field name='igst_id' options="{'no_create': True, 'no_open': True, 'no_create_edit' : True}" invisible="True"/>
                                            <field name='igst_value' invisible="True"/>
                                            <field name='igst_amount' invisible="True"/>
                                            <!-- ################################################ -->
                        <!--                     <field name="total1" invisible="True"/> -->                                        
                        <!--                     <field name="tarrif_id" invisible="True"/> -->
                        <!--                     <field name="mrp" invisible="True"/> -->
                        <!--                     <field name="material_type" /> -->
                        <!--                     <field name='mfg_date' /> -->
                        <!--                     <field name='exp_date' />       -->
                        <!--                     <field name='net_weight' /> -->
                        <!--                     <field name='gross_weight' />       -->
                        <!--                     <field name='dc_no' /> -->
                        <!--                     <field name="packing_style" attrs="{'readonly':[('state','in',('invoice'))]}"/> -->
                        <!--                     <field name="no_of_packings" attrs="{'readonly':[('state','in',('invoice'))]}"/> -->
                        <!--                     <field name="extra_packing" attrs="{'readonly':[('state','in',('invoice'))]}"/> -->
                                        </tree>
                                    </field>
                                    <!--<field name='tax_line_id' invisible="True">
                                        <tree create= "false" delete= "false">
                                            <field name='tax_type' options="{'no_create': True, 'no_open': True, 'no_create_edit' : True}"/>
                                            <field name='tax_percent' />
                                            <field name='tax_amount' />
                                            <field name='total_value'/>
                                        </tree>
                                    </field>-->
                                </page>
                                <page name = 'details' string ="Transportation &amp; Charges" invisible="True">
                                    <group colspan= "4" col= "4">
                                        <field name= "vehicle_no" />
                                        <field name= 'transport_name'/>
<!--                                         <field name= 'transporatation_charges'/> -->
                                    </group>
                                    <group name="total_details"  string='Total'>
                                        <group class="oe_subtotal_footer oe_left">
                                            <field name='total_no_of_products' invisible="True"/>
                                            <field name='proportionate_amount_to_products' invisible="True"/>
                                            <field name='freight_charges'/>
                                            <field name='loading_and_packing_charges'/>
                                            <field name='insurance_charges'/>
                                            <field name='other_charges'/>
                                            <field name='all_additional_charges' invisible="True"/>
                                            <field name='total_amount_before_tax'/>
                                            <field name='total_cgst_amount' invisible="True"/>
                                            <field name='total_sgst_amount' invisible="True"/>
                                            <field name='total_igst_amount' invisible="True"/>
                                            <field name='total_gst_amount' />
                                            <field name='total_amount_after_tax'/>
                                        </group>
                                    </group>
                                </page>
                                <page string='Advanced Payment Details' invisible="True">
                                    <group name="payment_options" string="Advanced Payment Details">
                                        <group colspan="4" col="4">
                                            <field name='advance_payment_type'/>
                                            <field name='cash_amount' attrs="{'invisible':[('advance_payment_type', 'in', ('cheque','demand_draft'))]}"/>
                                            <field name='cash_remarks' attrs="{'invisible':[('advance_payment_type', 'in', ('cheque','demand_draft'))]}"/>
                                            <field name='cheque_amount' attrs="{'invisible':[('advance_payment_type', 'in', ('cash','demand_draft'))]}"/>
                                            <field name='cheque_no' attrs="{'invisible':[('advance_payment_type', 'in', ('cash','demand_draft'))]}"/>
                                            <field name='cheque_remarks' attrs="{'invisible':[('advance_payment_type', 'in', ('cash','demand_draft'))]}"/>
                                            <field name='draft_amount' attrs="{'invisible':[('advance_payment_type', 'in', ('cash','cheque'))]}"/>
                                            <field name='draft_no' attrs="{'invisible':[('advance_payment_type', 'in', ('cash','cheque'))]}"/>
                                            <field name='draft_remarks' attrs="{'invisible':[('advance_payment_type', 'in', ('cash','cheque'))]}"/>
                                        </group>
                                    </group>
                                    <!--<group name="total_details"  string='Total'>
                                        <field name='subtotal'/>
                                        <field name='assessable_subtotal'/>
                                        <field name='assessable_value'/>
                                        <field name='total_assessable_value'/>
                                        <field name='untaxed_amount'/>
                                        <field name='final_grand_total'/>
                                    </group>-->
                                    <!--<group >
                                        <field name='new_bed_amt' />
                                        <field name='new_ed_cess_amt' />
                                        <field name='new_sec_cess_amt' />
                                        <field name='new_total_tax' />
                                        <field name='new_total_vat' />
                                        <field name='new_total_cst' />
                                        <field name='new_total_sbc' />
                                        <field name='new_total_kkc' />
                                    </group>-->
                                </page>
                            </notebook>
                    </form>
            </field>
        </record>
        
        <record model="ir.ui.view" id="view_prakruti_dispatch_tree">
            <field name="name">prakruti.dispatch.tree</field>
            <field name="model">prakruti.dispatch</field>
            <field name="arch" type="xml">
                <tree string="Prakruti Dispatch" colors="orange:state =='partially_confirmed';">
                   <field name="dispatch_no"/>
                   <field name='dispatch_date'/>
                   <field name='order_no'/>
                   <field name="dispatch_to"/>
                   <field name='state'/>
                </tree>
            </field>
        </record>
        
        <record model="ir.actions.act_window" id="prakruti_dispatch_action">
            <field name="name">Prakruti Dispatch</field>
            <field name="res_model">prakruti.dispatch</field>
            <field name="view_type">form</field>
            <field name="view_mode">tree,form,pivot</field>
        </record>
	<menuitem id="prakruti_sales_stores_sub_menu" name="Outward" parent="prakruti_stores_main_menu" sequence="3"/>
        
        <menuitem sequence="1" name=" Sales Dispatch" id="prakruti_dispatch_menu" action="prakruti_dispatch_action" parent="prakruti_sales_stores_sub_menu" groups="group_prakruti_dispatch_read_only,group_prakruti_dispatch_edit,group_prakruti_dispatch_create,group_prakruti_dispatch_delete" />
</data>
</openerp>
