<?xml version="1.0" encoding="utf-8"?>
<openerp>
    <data>
        <template id="report_prakruti_gst_purchase_invoice">
           
            
            <t t-name="report.external_layout_header">
                <div class="header" style=" width: 235mm; border:1px solid black; ">
                    <div class="row">
                       <!--  <table border="0" style="width: 235mm; border:1px solid white;">
                            <tr>
                                <th style="border: 1px solid white;font-size:20px;" class="text-center"><strong>Purchase Order</strong></th>
                            </tr>
                        </table>-->
                        <div align="center" style="font-size:20px;"> <strong>Purchase Invoice</strong> </div>
                        <div class="col-xs-2">
                            <img src='/prakruti/static/src/img/logo.png' />
                        </div>
                        <div class="col-xs-9 text-center" style="margin-top:0px;">
                            <table></table>
                            <span t-field="o.company_address.rml_header1" /><br />
                            <address>
                                <strong> <span style="font-size: 20px" class="inline" t-field="o.company_address.name"/></strong><br/>
                                        <span class="inline" t-field="o.company_address.street"/>,<span class="inline" t-field="o.company_address.street2"/> <br/>
                                         <span class="inline" t-field="o.company_address.city"/>,<span class="inline" t-field="o.company_address.state_id"/>,<span class="inline" t-field="o.company_address.zip"/><br/>
                                        <strong> Phone No:</strong><span class="inline" t-field="o.company_address.phone"/>
                                        <br/>
                            </address>
                        </div>
                        
                        
                    </div>
                
                </div>
            </t>
            
            
            
            
            
            
            <t t-name="prakruti.report_prakruti_gst_purchase_invoice">
                
                <div class="page" style="width: 235mm; border:2px solid black; ">
                    <div class="row" style="font-size:11px">
                        <div class="col-xs-12">
                    <table border="1" style="width: 235mm; border:1px solid black;">
                            <tr>
                                <td style="border: 1px solid #000000;">GSTIN NUMBER :<!--<span class="inline" t-field="o.delivery_address.gst_tin"/>--></td>
                                <td style="border: 1px solid #000000;">Transportation Mode : (Apply for Supply of Goods only)<span t-field="o.dispatch_through"/></td>
                            </tr>
                            <tr>
                                <td style="border: 1px solid #000000;">TAX is Payable On Reverse Charge : (Yes/No)</td>
                                <td style="border: 1px solid #000000;">Veh.No :<span t-field="o.dispatch_through"/></td>
                            </tr>
                            <tr>
                                <td style="border: 1px solid #000000;">Invoice Serial Number :<span t-field="o.po_no"/></td>
                                <td style="border: 1px solid #000000;">Date &amp; Time of Supply :<span t-field="o.terms_of_delivery"/></td>
                            </tr>
                            <tr>
                                <td style="border: 1px solid #000000;">Invoice Date :<span t-field="o.order_date"/></td>
                                <td style="border: 1px solid #000000;">Place Of Supply :<span t-field="o.destination"/></td>
                            </tr>
                    </table>
                    
                    
                    <table border="1" style="width: 235mm; border:1px solid black;">
                            <tr>
                                <th class="text-center" style="border: 1px solid #000000;">Details Of Receiver (Billed to)</th>
                                <th class="text-center" style="border: 1px solid #000000;">Details Of Consignee (Shipped to)</th>
                            </tr>
                            <tr>
                                <td style="border: 1px solid #000000;">Name :<span class="inline" t-field="o.vendor_id.name"/></td>
                                <td style="border: 1px solid #000000;">Name :<span class="inline" t-field="o.delivery_address.name"/></td>
                            </tr>
                            <tr>
                                <td style="border: 1px solid #000000;">Address : <span class="inline" t-field="o.vendor_id.street"/>,
                                        <span class="inline" t-field="o.vendor_id.street2"/> ,
                                        <span class="inline" t-field="o.vendor_id.city"/> </td>
                                <td style="border: 1px solid #000000;">Address :<span class="inline" t-field="o.delivery_address.street"/> ,
                                    <span class="inline" t-field="o.delivery_address.street2"/> ,
                                    <span class="inline" t-field="o.delivery_address.city"/></td>
                            </tr>
                            <tr>
                                <td style="border: 1px solid #000000;">State :
                                        <span class="inline" t-field="o.vendor_id.state_id"/>,
                                        <span class="inline" t-field="o.vendor_id.zip"/>,
                                        <span class="inline" t-field="o.vendor_id.phone"/></td>
                                <td style="border: 1px solid #000000;">State :<span class="inline" t-field="o.delivery_address.state_id"/>,
                                        <span class="inline" t-field="o.delivery_address.zip"/>,
                                        <span class="inline" t-field="o.delivery_address.phone"/></td>
                            </tr>
                            <tr>
                                <td style="border: 1px solid #000000;">State Code :<span class="inline" t-field="o.delivery_address.state_id"/></td>
                                <td style="border: 1px solid #000000;">State Code :<span class="inline" t-field="o.delivery_address.state_id"/></td>
                            </tr>
                            <tr>
                                <td style="border: 1px solid #000000;">GSTIN Number :<!--<span class="inline" t-field="o.vendor_id.gst_tin"/>--></td>
                                <td style="border: 1px solid #000000;">GSTIN Number :<!--<span class="inline" t-field="o.delivery_address.gst_tin"/>--></td>
                            </tr>
                    </table>
                    
                    <table border="1" style="width: 235mm; border:1px solid black;">
                      <tr>
                           <th rowspan="2" style="border: 1px solid #000000;" class="text-center">
                               Sl.No
                           </th>
                           <th rowspan="2" style="border: 1px solid #000000;" class="text-center">
                               Description Of Goods
                            </th>
                            <th rowspan="2" style="border: 1px solid #000000;" class="text-center">
                              HSN Code(GST)
                            </th>
                            <th rowspan="2" style="border: 1px solid #000000;" class="text-center">
                              Qty
                            </th>
                            <th rowspan="2" style="border: 1px solid #000000;" class="text-center">
                              UOM
                            </th>
                            <th rowspan="2" style="border: 1px solid #000000;" class="text-center">
                              Rate
                            </th>
                            <th rowspan="2" style="border: 1px solid #000000;" class="text-center">
                              Total
                            </th>
                            <th rowspan="2" style="border: 1px solid #000000;" class="text-center">
                              Discount
                            </th>
                            <th rowspan="2" style="border: 1px solid #000000;" class="text-center">
                              Taxable Value
                            </th>
                            
                           <th colspan="2" style="border: 1px solid #000000;" class="text-center">CGST</th>
                           <th colspan="2" style="border: 1px solid #000000;" class="text-center">SGST</th>
                           <th colspan="2" style="border: 1px solid #000000;" class="text-center">IGST</th>
                          <!-- <th rowspan="2" style="border: 1px solid #000000;" class="text-center">
                               Total
                           </th>-->
                      </tr>
                     <tr>
                           <th style="border: 1px solid #000000;" class="text-center">Rate</th>
                           <th style="border: 1px solid #000000;" class="text-center">Amount</th>
                           <th style="border: 1px solid #000000;" class="text-center">Rate</th>
                           <th style="border: 1px solid #000000;" class="text-center">Amount</th>
                           <th style="border: 1px solid #000000;" class="text-center">Rate</th>
                           <th style="border: 1px solid #000000;" class="text-center">Amount</th>
                     </tr>
                     
                    
                      <tr t-foreach="o.invoice_line" t-as="line">
                            <td class="col-xs-1" style="border: 1px solid #000000;">
                                <span t-esc="line_index+1"/>
                            </td>
                            <td  style="border: 1px solid #000000;">
                              <span t-field="line.product_id"/>
                           </td>
                           <td  style="border: 1px solid #000000;">
                              <span t-field="line.hsn_code"/>
                           </td> 
                          <td   class="text-right" style="border: 1px solid #000000;">
                             <span t-field="line.quantity" t-esc="'%.3f'% line.quantity"/>
                          </td>
                         <td  style="border: 1px solid #000000;">
                             <span t-field="line.uom_id"/>
                         </td>
                         <td  class="text-right" style="border: 1px solid #000000;">
                            <span t-field="line.unit_price" t-esc="'%.3f'% line.unit_price"/>
                         </td>
                         <td  class="text-right" style="border: 1px solid #000000;">
                            <span t-field="line.total" t-esc="'%.3f'% line.total"/>
                         </td>
                         <td  class="text-right" style="border: 1px solid #000000;">
                            <span t-field="line.discount_value" t-esc="'%.3f'% line.discount_value"/>
                         </td>
                         <td  class="text-right" style="border: 1px solid #000000;">
                            <span t-field="line.taxable_value" t-esc="'%.3f'% line.taxable_value"/>
                         </td> 
                         
                         <!--cgst -->
                          <td  class="text-right" style="border: 1px solid #000000;">
                            <span t-field="line.cgst_rate" t-esc="'%.3f'% line.cgst_rate"/>
                         </td> 
                         <td  class="text-right" style="border: 1px solid #000000;">
                            <span t-field="line.cgst_value" t-esc="'%.3f'% line.cgst_value"/>
                         </td> 
                         <!--sgst -->
                          <td  class="text-right" style="border: 1px solid #000000;">
                            <span t-field="line.sgst_rate" t-esc="'%.3f'% line.sgst_rate"/>
                         </td> 
                         <td  class="text-right" style="border: 1px solid #000000;">
                            <span t-field="line.sgst_value" t-esc="'%.3f'% line.sgst_value"/>
                         </td> 
                         <!--igst -->
                          <td  class="text-right" style="border: 1px solid #000000;">
                            <span t-field="line.igst_rate" t-esc="'%.3f'% line.igst_rate"/>
                         </td> 
                         <td  class="text-right" style="border: 1px solid #000000;">
                            <span t-field="line.igst_value" t-esc="'%.3f'% line.igst_value"/>
                         </td>
                         <!--<td  class="text-right" style="border: 1px solid #000000;">
                            <span t-field="line.subtotal" t-esc="'%.3f'% line.subtotal"/>
                         </td> -->
                         
                         
                      </tr>
                      
                       <tr>
                          <td style="border: 1px solid #000000;"> </td> 
                          <td style="border: 1px solid #000000;"> </td> 
                          <td style="border: 1px solid #000000;"> </td> 
                          <td style="border: 1px solid #000000;"> </td> 
                          <td style="border: 1px solid #000000;"> </td> 
                          <td style="border: 1px solid #000000;"> </td> 
                          <td style="border: 1px solid #000000;"> </td> 
                          <td style="border: 1px solid #000000;"> </td> 
                          <td style="border: 1px solid #000000;" class="text-right"><span t-field="o.amount_taxed" t-esc="'%.3f'% o.amount_taxed"/> </td> 
                          <td style="border: 1px solid #000000;"></td> 
                          <td style="border: 1px solid #000000;" class="text-right"><span t-field="o.total_cgst" t-esc="'%.3f'% o.total_cgst"/></td> 
                          <td style="border: 1px solid #000000;"> </td> 
                          <td style="border: 1px solid #000000;" class="text-right"><span t-field="o.total_sgst" t-esc="'%.3f'% o.total_sgst"/></td> 
                          <td style="border: 1px solid #000000;"> </td> 
                          <td style="border: 1px solid #000000;" class="text-right"><span t-field="o.total_igst" t-esc="'%.3f'% o.total_igst"/></td> 
                      </tr>
                      
                      <tr>
                        <th colspan="9" style="border: 1px solid #000000;" class="text-center">Invoice Value (In Words) </th>
                        <th colspan="5" style="border: 1px solid #000000;" class="text-right">Total</th>
                        <td style="border: 1px solid #000000;" class="text-right"><span t-field="o.grand_total" t-esc="'%.3f'% o.grand_total"/></td>
                     </tr>
                    
                    <tr>
                        <th rowspan="6" colspan="9" style="border: 1px solid #000000;"> <span t-field="o.grand_total_in_words"/> </th>
                        <th  colspan="5" style="border: 1px solid #000000;" class="text-right">Freight Charges</th>
                        <td style="border: 1px solid #000000;" class="text-right"><span t-field="o.frieght_charges" t-esc="'%.3f'% o.frieght_charges"/></td>
                        </tr>
                        <tr>
                        <th  colspan="5" style="border: 1px solid #000000;" class="text-right">Loading and Packing Charges</th>
                        <td style="border: 1px solid #000000;" class="text-right"><span t-field="o.packing_charges" t-esc="'%.3f'% o.packing_charges"/></td>
                        </tr>
                        <tr>
                        <th colspan="5" style="border: 1px solid #000000;" class="text-right">Insurance Charges</th>
                        <td style="border: 1px solid #000000;" class="text-right"><span t-field="o.insurance_charges" t-esc="'%.3f'% o.insurance_charges"/></td>
                        </tr>
                        <tr>
                        <th  colspan="5" style="border: 1px solid #000000;" class="text-right">Other Charges</th>
                        <td style="border: 1px solid #000000;" class="text-right"><span t-field="o.additional_charges" t-esc="'%.3f'% o.additional_charges"/></td>
                        </tr>
                        
                        <tr style="border: 1px solid black;">
                            <div t-if="o.cash_amount">
                                <th  colspan="5" style="border: 1px solid #000000;" class="text-right">Advanced Payment</th>
                                <td align="right"><span t-field="o.cash_amount" t-esc="'%.3f'% o.cash_amount"/></td>
                            </div>
                            <div t-if="o.cheque_amount">
                                <th  colspan="5" style="border: 1px solid #000000;" class="text-right">Advanced Payment</th>
                                <td align="right"><span t-field="o.cheque_amount" t-esc="'%.3f'% o.cheque_amount"/></td>
                            </div>    
                            <div t-if="o.draft_amount">
                               <th  colspan="5" style="border: 1px solid #000000;" class="text-right">Advanced Payment</th>
                                <td align="right"><span t-field="o.draft_amount" t-esc="'%.3f'% o.draft_amount"/></td>
                            </div>
                        </tr>
                        
                        
                        
                        
                        
                        
                        
                        
                        
                        
                        
                        
                        
                        
                      <!--  <tr>
                        <th  colspan="5" style="border: 1px solid #000000;" class="text-right">Advanced Payment</th>
                        <td style="border: 1px solid #000000;" class="text-right"><span t-field="o.cash_amount" t-esc="'%.3f'% o.cash_amount"/></td>
                        </tr>-->
                        
                        <tr>
                        <th  colspan="5" style="border: 1px solid #000000;" class="text-right">Invoice Total</th>
                        <td style="border: 1px solid #000000;" class="text-right"><span t-field="o.grand_total" t-esc="'%.3f'% o.grand_total"/></td>
                    </tr>
                    
                   <tr>
                          <th colspan="9" style="border: 1px solid #000000;" class="text-right">Amount of Tax Subject to Reverse Charge</th>
                          <td style="border: 1px solid #000000;"></td> 
                          <td style="border: 1px solid #000000;" class="text-right"><span t-field="o.total_cgst" t-esc="'%.3f'% o.total_cgst"/></td> 
                          <td style="border: 1px solid #000000;"> </td> 
                          <td style="border: 1px solid #000000;" class="text-right"><span t-field="o.total_sgst" t-esc="'%.3f'% o.total_sgst"/></td> 
                          <td style="border: 1px solid #000000;"> </td> 
                          <td style="border: 1px solid #000000;" class="text-right"><span t-field="o.total_igst" t-esc="'%.3f'% o.total_igst"/></td> 
                      </tr>
                      
             </table>
                    
              
             
         


            <table border="1" style="width: 235mm; border:1px solid black;">
                <tr>
                    
                    <td style="border: 1px solid #000000;" class="text-center"><br/>Certified that the Particulars given above are true and correct</td>
                    <td style="border: 1px solid #000000;" class="text-center"><br/>Electonic Reference Number :</td>
                    
                </tr>
                <tr>
                    <td style="border: 1px solid #000000;"><p><u>Declaration</u><br/>This SI/DN/CN is issued in adjustment to Original Invoice NO:...............<br/>Original Invoice Dated :...........................</p></td>
                    <td style="border: 1px solid #000000;">.</td>
                </tr>
            </table>
            
             <table border="1" style="width: 235mm; border:1px solid black;">
                <tr>
                    <th style="border: 1px solid #000000;" class="text-center">TERMS &amp; CONDITION OF SALE </th>
                    <th style="border: 1px solid #000000;" class="text-center"><span class="inline" t-field="o.company_address.name"/></th>
                </tr>
                <tr>
                    <th rowspan="5" style="border: 1px solid #000000;"></th>
                    <tr>
                      <td style="border: 1px solid #000000;"><br/>Signature :......................</td>
                    </tr>
                     <tr>
                      <th style="border: 1px solid #000000;">Authorised Signatory</th>
                    </tr>
                     <tr>
                      <td style="border: 1px solid #000000;">Name :</td>
                    </tr>
                     <tr>
                      <td style="border: 1px solid #000000;">Designation :<br/>.</td>
                    </tr>
                </tr>
            </table>
            
            
            
            
            
            
                    
            
                </div>
                 </div>        
                    
            </div>              
            
        </t>
                
        <t t-name="report.external_layout_footer">
            <div class="footer">
                 <div class="text-center" style=" width: 235mm;">
                    <ul class="list-inline">
                        <li><strong> SUBJECT TO KARWAR JURISDICTION</strong> </li>
                    </ul>
                </div>
            </div>
        </t>   
                
                
            </template>
        
        
        <template id="report_prakruti_gst_purchase_invoice_template">
            <t t-call="report.html_container">
                <t t-foreach="docs" t-as="o">
                    <t t-call="prakruti.report_prakruti_gst_purchase_invoice" t-lang="o.prepared_by.lang"/>                    
                </t>
            </t>
        </template>  

        
    </data>
</openerp>