<?xml version="1.0" encoding="utf-8"?>
<openerp>
    <data>
        <record id="view_sales_config" model="ir.ui.view">
            <field name="name">sale settings</field>
            <field name="model">sale.config.settings</field>
            <field name="inherit_id" ref="base_setup.view_sale_config_settings"/>
            <field name="arch" type="xml">
                <div id="main" position="inside">
                    <group string="Products">
                        <field name="group_product_variant" widget="radio"/>
                        <field name="group_uom" widget="radio"/>
                        <field name="default_invoice_policy" widget="radio"/>
                        <field name="deposit_product_id_setting" class="oe_inline"/>
                    </group>
                    <group string="Quotations &amp; Sales" id="sale">
                        <field name="group_sale_delivery_address" widget="radio"/>
                        <field name="group_discount_per_so_line" widget="radio"/>
                        <field name="module_website_quote" widget="radio"/>
                        <field name="module_sale_margin" widget="radio"/>
                        <field name="auto_done_setting" widget="radio"/>
                        <label for="sale_pricelist_setting" string="Sale Price"/>
                        <div>
                            <field name="sale_pricelist_setting" class="oe_inline" widget="radio" on_change="onchange_sale_price(sale_pricelist_setting)"/>
                            <field name="group_sale_pricelist" class="oe_inline" invisible="1"/>
                            <field name="group_pricelist_item" class="oe_inline" invisible="1"/>
                            <field name="group_product_pricelist" class="oe_inline" invisible="1"/>
                        </div>
                        <label for="id" string="Subscriptions"/>
                        <div>
                            <field name="module_sale_contract" class="oe_inline" widget="upgrade_boolean"/>
                            <label for="module_sale_contract"/>
                        </div>
                        <label for="id" string="Customer portal"/>
                        <div>
                            <div>
                                <field name="module_website_portal" class="oe_inline" />
                                <label for="module_website_portal"/>
                            </div>
                            <div>
                                <field name="module_website_sale_digital" class="oe_inline" />
                                <label for="module_website_sale_digital"/>
                            </div>
                        </div>
                    </group>
                </div>
            </field>
        </record>

        <menuitem id="base.menu_sale_config" name="Configuration" parent="base.menu_base_partner"
            sequence="100" groups="base.group_configuration"/>
        <menuitem id="base.menu_sale_general_settings" name="Settings" parent="base.menu_sale_config"
            sequence="0" action="base_setup.action_sale_config"/>

        <record id="view_account_config" model="ir.ui.view">
            <field name="name">account settings</field>
            <field name="model">account.config.settings</field>
            <field name="inherit_id" ref="account.view_account_config_settings"/>
            <field name="priority" eval="16"/>
            <field name="arch" type="xml">
                <separator name="analytic_account" position="attributes">
                    <attribute name="invisible">0</attribute>
                </separator>
                <group name="analytic_account_sale" position="attributes">
                    <attribute name="invisible">0</attribute>
                </group>
                <xpath expr="//group[@name='analytic_account_sale']" position="inside">
                    <div>
                        <field name="group_analytic_account_for_sales" class="oe_inline"/>
                        <label for="group_analytic_account_for_sales"/>
                    </div>
                </xpath>
            </field>
        </record>
    </data>
</openerp>
