<?xml version="1.0" encoding="utf-8"?>
<openerp>
    <data>
        <record id="crm_team_salesteams_view_form" model="ir.ui.view">
            <field name="name">crm.team.form</field>
            <field name="model">crm.team</field>
            <field name="inherit_id" ref="sales_team.crm_team_view_form"/>
            <field name="arch" type="xml">
                <xpath expr="//div[@name='options_active']" position="inside">
                    <div class="o_row">
                        <field name="use_quotations"/><label for="use_quotations"/>
                        <field name="use_invoices" groups="account.group_account_invoice"/><label for="use_invoices" groups="account.group_account_invoice"/>
                    </div>
                </xpath>
                <xpath expr="//page[@name='more_info']" position="inside">
                    <group string="Invoicing/Progression Ratio">
                        <field name="invoiced_target"/>
                        <field name="invoiced"/>
                    </group>
                </xpath>
            </field>
        </record>

        <record id="view_account_invoice_report_search_inherit" model="ir.ui.view">
            <field name="name">account.invoice.report.search.inherit</field>
            <field name="model">account.invoice.report</field>
            <field name="inherit_id" ref="account.view_account_invoice_report_search"/>
            <field name="arch" type="xml">
                <xpath expr="//group/filter[@name='user']" position="after">
                    <filter string="Sales Team" domain="[]" context="{'group_by':'team_id'}"/>
                </xpath>
            </field>
        </record>
    </data>
</openerp>
