<?xml version="1.0" encoding="utf-8"?>
<openerp>
    <data noupdate="1">
        <record id="product.product_product_59" model="product.product">
            <field name="invoice_policy">delivery</field>
        </record>

        <record id="product.product_product_58" model="product.product">
            <field name="invoice_policy">delivery</field>
        </record>

        <record id="product.product_product_57" model="product.product">
            <field name="invoice_policy">delivery</field>
        </record>

        <record id="product.product_product_56" model="product.product">
            <field name="invoice_policy">delivery</field>
        </record>

        <record id="product.product_product_55" model="product.product">
            <field name="invoice_policy">delivery</field>
        </record>

        <record id="product.product_product_54" model="product.product">
            <field name="invoice_policy">delivery</field>
        </record>

        <record id="product.product_product_53" model="product.product">
            <field name="invoice_policy">delivery</field>
        </record>

        <record id="product.product_product_52" model="product.product">
            <field name="invoice_policy">delivery</field>
        </record>

        <record id="product.product_product_51" model="product.product">
            <field name="invoice_policy">delivery</field>
        </record>

        <record id="product.product_product_50" model="product.product">
            <field name="invoice_policy">delivery</field>
        </record>

        <record id="product.product_product_49" model="product.product">
            <field name="invoice_policy">delivery</field>
        </record>

        <record id="product.product_product_48" model="product.product">
            <field name="invoice_policy">delivery</field>
        </record>

        <record id="product.product_product_47" model="product.product">
            <field name="invoice_policy">delivery</field>
        </record>

        <record id="product.product_product_46" model="product.product">
            <field name="invoice_policy">delivery</field>
        </record>

        <record id="product.product_product_45" model="product.product">
            <field name="invoice_policy">delivery</field>
        </record>

        <record id="product.product_product_44" model="product.product">
            <field name="invoice_policy">delivery</field>
        </record>

        <record id="product.product_product_43" model="product.product">
            <field name="invoice_policy">order</field>
        </record>

        <record id="product.product_product_42" model="product.product">
            <field name="invoice_policy">delivery</field>
        </record>

        <record id="product.product_product_41" model="product.product">
            <field name="invoice_policy">delivery</field>
        </record>

        <record id="product.product_product_40" model="product.product">
            <field name="invoice_policy">delivery</field>
        </record>

        <record id="product.product_product_39" model="product.product">
            <field name="invoice_policy">delivery</field>
        </record>

        <record id="product.product_product_38" model="product.product">
            <field name="invoice_policy">delivery</field>
        </record>

        <record id="product.product_product_37" model="product.product">
            <field name="invoice_policy">delivery</field>
        </record>

        <record id="product.product_product_36" model="product.product">
            <field name="invoice_policy">delivery</field>
        </record>

        <record id="product.product_product_35" model="product.product">
            <field name="invoice_policy">delivery</field>
        </record>

        <record id="product.product_product_34" model="product.product">
            <field name="invoice_policy">delivery</field>
        </record>

        <record id="product.product_product_33" model="product.product">
            <field name="invoice_policy">delivery</field>
        </record>

        <record id="product.product_product_32" model="product.product">
            <field name="invoice_policy">delivery</field>
        </record>

        <record id="product.product_product_31" model="product.product">
            <field name="invoice_policy">delivery</field>
        </record>

        <record id="product.product_product_30" model="product.product">
            <field name="invoice_policy">delivery</field>
        </record>

        <record id="product.product_product_29" model="product.product">
            <field name="invoice_policy">delivery</field>
        </record>

        <record id="product.product_product_28" model="product.product">
            <field name="invoice_policy">delivery</field>
        </record>

        <record id="product.product_product_27" model="product.product">
            <field name="invoice_policy">delivery</field>
        </record>

        <record id="product.product_product_26" model="product.product">
            <field name="invoice_policy">delivery</field>
        </record>

        <record id="product.product_product_25" model="product.product">
            <field name="invoice_policy">delivery</field>
        </record>

        <record id="product.product_product_24" model="product.product">
            <field name="invoice_policy">delivery</field>
        </record>

        <record id="product.product_product_23" model="product.product">
            <field name="invoice_policy">delivery</field>
        </record>

        <record id="product.product_product_22" model="product.product">
            <field name="invoice_policy">delivery</field>
        </record>

        <record id="product.product_product_21" model="product.product">
            <field name="invoice_policy">delivery</field>
        </record>

        <record id="product.product_product_20" model="product.product">
            <field name="invoice_policy">delivery</field>
        </record>

        <record id="product.product_product_19" model="product.product">
            <field name="invoice_policy">delivery</field>
        </record>

        <record id="product.product_product_18" model="product.product">
            <field name="invoice_policy">delivery</field>
        </record>

        <record id="product.product_product_17" model="product.product">
            <field name="invoice_policy">delivery</field>
        </record>

        <record id="product.product_product_16" model="product.product">
            <field name="invoice_policy">delivery</field>
        </record>

        <record id="product.product_product_15" model="product.product">
            <field name="invoice_policy">delivery</field>
        </record>

        <record id="product.product_product_14" model="product.product">
            <field name="invoice_policy">delivery</field>
        </record>

        <record id="product.product_product_13" model="product.product">
            <field name="invoice_policy">delivery</field>
        </record>

        <record id="product.product_product_12" model="product.product">
            <field name="invoice_policy">delivery</field>
        </record>

        <record id="product.product_product_11b" model="product.product">
            <field name="invoice_policy">delivery</field>
        </record>

        <record id="product.product_product_11" model="product.product">
            <field name="invoice_policy">delivery</field>
        </record>

        <record id="product.product_product_10" model="product.product">
            <field name="invoice_policy">delivery</field>
        </record>

        <record id="product.product_product_9" model="product.product">
            <field name="invoice_policy">delivery</field>
        </record>

        <record id="product.product_product_8" model="product.product">
            <field name="invoice_policy">delivery</field>
        </record>

        <record id="product.product_product_7" model="product.product">
            <field name="invoice_policy">delivery</field>
        </record>

        <record id="product.product_product_6" model="product.product">
            <field name="invoice_policy">delivery</field>
        </record>

        <record id="product.product_product_5" model="product.product">
            <field name="invoice_policy">delivery</field>
        </record>

        <record id="product.product_product_5b" model="product.product">
            <field name="invoice_policy">delivery</field>
        </record>

        <record id="product.product_product_4d" model="product.product">
            <field name="invoice_policy">delivery</field>
        </record>

        <record id="product.product_product_4d" model="product.product">
            <field name="invoice_policy">delivery</field>
        </record>

        <record id="product.product_product_4c" model="product.product">
            <field name="invoice_policy">delivery</field>
        </record>

        <record id="product.product_product_4b" model="product.product">
            <field name="invoice_policy">delivery</field>
        </record>

        <record id="product.product_product_4" model="product.product">
            <field name="invoice_policy">delivery</field>
        </record>

        <record id="product.product_product_3" model="product.product">
            <field name="invoice_policy">delivery</field>
        </record>

        <record id="product.product_product_2" model="product.product">
            <field name="invoice_policy">delivery</field>
        </record>

        <record id="product.product_product_1" model="product.product">
            <field name="invoice_policy">delivery</field>
        </record>

        <record id="product.product_product_1b" model="product.product">
            <field name="invoice_policy">cost</field>
        </record>

        <record id="product.product_product_0" model="product.product">
            <field name="invoice_policy">order</field>
        </record>

    </data>
</openerp>
