<?xml version="1.0" encoding="utf-8"?>
<openerp>
    <data noupdate="1">

        <!-- notify all employees of module installation -->
        <record model="mail.message" id="module_install_notification">
            <field name="model">mail.channel</field>
            <field name="res_id" ref="mail.channel_all_employees"/>
            <field name="message_type">notification</field>
            <field name="subtype_id" ref="mail.mt_comment"/>
            <field name="subject">Purchase Management application installed!</field>
            <field name="body"><![CDATA[<p>From the top menu Purchases, create purchase orders to buy products from your suppliers, enter supplier bills and manage payments.</p>
<p>You can also manage purchase requisitions, see also the Purchase Settings.</p>]]></field>
        </record>

        <record id="req_link_purchase_order" model="res.request.link">
            <field name="name">Purchase Order</field>
            <field name="object">purchase.order</field>
        </record>

        <!-- Purchase-related subtypes for messaging / Chatter -->
        <record id="mt_rfq_confirmed" model="mail.message.subtype">
            <field name="name">RFQ Confirmed</field>
            <field name="default" eval="False"/>
            <field name="res_model">purchase.order</field>
        </record>
        <record id="mt_rfq_approved" model="mail.message.subtype">
            <field name="name">RFQ Approved</field>
            <field name="default" eval="False"/>
            <field name="res_model">purchase.order</field>
        </record>
        <record id="mt_rfq_done" model="mail.message.subtype">
            <field name="name">RFQ Done</field>
            <field name="default" eval="False"/>
            <field name="res_model">purchase.order</field>
        </record>

        <!--
             Procurement rules and routes
        -->

        <record id="route_warehouse0_buy" model='stock.location.route'>
            <field name="name">Buy</field>
            <field name="sequence">5</field>
        </record>

    </data>
</openerp>
