<?xml version="1.0" encoding="utf-8"?>
<openerp>
    <data noupdate="1">
        <!-- After installation of the module, open the related menu -->
        <record id="action_client_purchase_menu" model="ir.actions.client">
            <field name="name">Open Purchase Menu</field>
            <field name="tag">reload</field>
            <field name="params" eval="{'menu_id': ref('base.menu_purchase_root')}"/>
        </record>
        <record id="base.open_menu" model="ir.actions.todo">
            <field name="action_id" ref="action_client_purchase_menu"/>
            <field name="state">open</field>
        </record>
    </data>
    <data>
        <record id="view_purchase_configuration" model="ir.ui.view">
            <field name="name">purchase.res.config.view</field>
            <field name="model">purchase.config.settings</field>
            <field name="arch" type="xml">
                <form string="Configure Purchases" class="oe_form_configuration">
                    <header>
                        <button string="Apply" type="object" name="execute" class="oe_highlight"/>
                        <button string="Cancel" type="object" name="cancel" class="oe_link"/>
                    </header>
                    <group string="Purchase Order">
                        <field name="group_product_variant" widget="radio"/>
                        <field name="group_uom" widget="radio"/>
                        <field name="group_costing_method" widget="radio"/>
                        <field name="module_purchase_requisition" widget="radio"/>
                        <field name="group_advance_purchase_requisition" widget="radio"
                            attrs="{'invisible': [('module_purchase_requisition', '=', 0)]}"/>
                        <field name="group_manage_vendor_price" widget="radio"/>
                    </group>
                    <group string="Location &amp; Warehouse">
                        <field name="module_stock_dropshipping" widget="radio"/>
                    </group>
                </form>
            </field>
        </record>

        <record id="action_purchase_configuration" model="ir.actions.act_window">
            <field name="name">Configure Purchases</field>
            <field name="type">ir.actions.act_window</field>
            <field name="res_model">purchase.config.settings</field>
            <field name="view_mode">form</field>
            <field name="target">inline</field>
        </record>

        <menuitem id="menu_purchase_general_settings" name="Settings" parent="menu_purchase_config"
            sequence="0" action="action_purchase_configuration"/>

        <record id="view_account_config" model="ir.ui.view">
            <field name="name">account settings</field>
            <field name="model">account.config.settings</field>
            <field name="inherit_id" ref="account.view_account_config_settings"/>
            <field name="priority" eval="18"/>
            <field name="arch" type="xml">
                <separator name="analytic_account" position="attributes">
                    <attribute name="invisible">0</attribute>
                </separator>
                <group name="analytic_account_purchase" position="attributes">
                    <attribute name="invisible">0</attribute>
                </group>
                <xpath expr="//group[@name='analytic_account_purchase']" position="inside">
                    <div>
                        <field name="group_analytic_account_for_purchases" class="oe_inline"/>
                        <label for="group_analytic_account_for_purchases"/>
                    </div>
                </xpath>
            </field>
        </record>
    </data>
</openerp>
