<?xml version="1.0" encoding="utf-8"?>
<openerp>
  <data>
    <!--
    Partners Extension
  -->

    <record id="view_partner_stock_form" model="ir.ui.view">
        <field name="name">res.partner.stock.property.form.inherit</field>
        <field name="model">res.partner</field>
        <field name="inherit_id" ref="mail.view_emails_partner_info_form"/>
        <field name="arch" type="xml">
            <xpath expr="//group[@name='container_row_2']" position="after">
                <group name="container_row_stock" groups="base.group_no_one">
                    <group string="Warehouse" name="warehouse">
                        <field name="property_stock_customer" domain="[('usage','=','customer')]"/>
                        <field name="property_stock_supplier" domain="[('usage','=','supplier')]"/>
                    </group>
                </group>
            </xpath>
        </field>
    </record>

  </data>
</openerp>
