<openerp>
    <data noupdate="1">

        <!-- Resource: stock.warehouse.orderpoint -->

        <record id="stock_warehouse_orderpoint_0" model="stock.warehouse.orderpoint">
            <field name="product_max_qty">25.0</field>
            <field name="product_min_qty">5.0</field>
            <field name="product_uom" ref="product.product_uom_dozen"/>
            <field model="stock.warehouse" name="warehouse_id" search="[]"/>
            <field name="product_id" ref="product.product_product_36"/>
            <!-- <field name="location_id" ref="stock.stock_location_stock"/> -->
        </record>
        <record id="stock_warehouse_orderpoint_1" model="stock.warehouse.orderpoint">
            <field name="product_max_qty">10.0</field>
            <field name="product_min_qty">5.0</field>
            <field name="product_uom" ref="product.product_uom_unit"/>
            <field model="stock.warehouse" name="warehouse_id" search="[]"/>
            <field name="product_id" ref="product.product_product_28"/>
            <!-- <field name="location_id" ref="stock.stock_location_stock"/> -->
        </record>
        <record id="stock_warehouse_orderpoint_2" model="stock.warehouse.orderpoint">
            <field name="product_max_qty">12.0</field>
            <field name="product_min_qty">5.0</field>
            <field name="product_uom" ref="product.product_uom_unit"/>
            <field model="stock.warehouse" name="warehouse_id" search="[]"/>
            <field name="product_id" ref="product.product_product_20"/>
            <!-- <field name="location_id" ref="stock.stock_location_stock"/> -->           
        </record>
        <record id="stock_warehouse_orderpoint_3" model="stock.warehouse.orderpoint">
            <field name="product_max_qty">50.0</field>
            <field name="product_min_qty">10.0</field>
            <field name="product_uom" ref="product.product_uom_unit"/>
            <field model="stock.warehouse" name="warehouse_id" search="[]"/>
            <field name="product_id" ref="product.product_product_46"/>
            <!-- <field name="location_id" ref="stock.stock_location_stock"/> -->
        </record>
        <record id="stock_warehouse_orderpoint_4" model="stock.warehouse.orderpoint">
            <field name="product_max_qty">15.0</field>
            <field name="product_min_qty">5.0</field>
            <field name="product_uom" ref="product.product_uom_unit"/>
            <field model="stock.warehouse" name="warehouse_id" search="[]"/>
            <field name="product_id" ref="product.product_product_23"/>
            <!-- <field name="location_id" ref="stock.stock_location_stock"/> -->
        </record>
        <record id="stock_warehouse_orderpoint_5" model="stock.warehouse.orderpoint">
            <field name="product_max_qty">5.0</field>
            <field name="product_min_qty">3.0</field>
            <field name="product_uom" ref="product.product_uom_unit"/>
            <field model="stock.warehouse" name="warehouse_id" search="[]"/>
            <field name="product_id" ref="product.product_product_48"/>
            <!-- <field name="location_id" ref="stock.stock_location_stock"/> -->
        </record>
    </data>
</openerp>