<?xml version="1.0" encoding="UTF-8"?>
<openerp>
    <data>	
        
         <record id="email_template_purchase_quotation_email_report" model="email.template">
            <field name="name">Purchase Quatation</field>
            <field name="email_from">it@prakruti.com</field>          
            <field name="email_to">anilkumar.r@netsoftgroup.in</field>
            <field name="model_id" ref="model_report_purchase_quatation_email_report"/>
            <field name="auto_delete" eval="True"/>         
        </record>
        
        
        <record id="email_template_purchase_requistion_email_report" model="email.template">
            <field name="name">Purchase Requistion</field>
            <field name="email_from">it@prakruti.com</field>          
            <field name="email_to">anilkumar.r@netsoftgroup.in</field>
<!--             <field name="model_id" ref="model_prakruti_purchase_requisition"/> -->
            <field name="auto_delete" eval="True"/>         
        </record>
        
        
	   
    </data>
</openerp>    
