<?xml version="1.0" encoding="utf-8"?>
<openerp>
    <data>
    
    <record model="ir.cron" id="cronjob_purchase_quatation_email_report_scheduler">
            <field name='name'>Purchase Quatation</field>
            <field name='interval_number'>24</field>
            <field name='interval_type'>hours</field>
            <field name="numbercall">-1</field>
            <field name="active">True</field>
            <field name="doall" eval="False" />
            <field name="model">report.purchase_quatation_email_report</field>
            <field name="function">send_mail_quotation</field>
            <field name="args">(None,)</field>
    </record>

    </data>
</openerp>
