<?xml version="1.0" encoding="utf-8"?>
<openerp>
<data noupdate="1">
    

    
     <record model="ir.module.category" id="module_prakruti_product_product">
        <field name="name">Prakruti Product</field>
        <field name="description">Prakruti Product</field>
        <field name="sequence">20</field>
      </record>
      
      
    
    <record id="group_prakruti_product_product_user_readonly" model="res.groups">
        <field name="name">Read</field>
        <field name="category_id" ref="module_prakruti_product_product"/>
    </record>
    
    
     <record id="group_prakruti_product_product_user_create" model="res.groups">
        <field name="name">Create</field>
        <field name="category_id" ref="module_prakruti_product_product"/>
    </record>
    
    
    <record id="group_prakruti_product_product_user_edit" model="res.groups">
        <field name="name">Edit</field>
        <field name="category_id" ref="module_prakruti_product_product"/>
    </record>
    
    <record id="group_prakruti_product_product_user_delete" model="res.groups">
        <field name="name">Delete</field>
        <field name="category_id" ref="module_prakruti_product_product"/>
    </record>
    
    
    
    
    
     <record model="ir.module.category" id="module_product_approve_management">
        <field name="name">Product Approve</field>
        <field name="description">Product Approve</field>
        <field name="sequence">20</field>
      </record>

      <record id="group_product_approve_management" model="res.groups">
	 <field name="name">Product Approve</field>
	 <field name="category_id" ref="module_product_approve_management" />
      </record>
    
    
      
    
      <!-- ACCESS RIGHTS FOR CONTACT SCREEN -->
    
    <record model="ir.module.category" id="module_prakruti_contact">
        <field name="name">Contact</field>
        <field name="description">Prakruti Contact Rights</field>
        <field name="sequence">21</field>
      </record>
    
    
     <record id="group_prakruti_contact_create" model="res.groups">
        <field name="name">Create</field>
        <field name="category_id" ref="module_prakruti_contact"/>
    </record>
    
      <record id="group_prakruti_contact_edit" model="res.groups">
        <field name="name">Edit</field>
        <field name="category_id" ref="module_prakruti_contact"/>
    </record>
    
     <record id="group_prakruti_contact_read_only" model="res.groups">
        <field name="name">Read</field>
        <field name="category_id" ref="module_prakruti_contact"/>
    </record>
    
     <record id="group_prakruti_contact_delete" model="res.groups">
        <field name="name">Delete</field>
        <field name="category_id" ref="module_prakruti_contact"/>
    </record>


    
     <!-- ACCESS RIGHTS FOR REQUISITION SCREEN -->
    
    <record model="ir.module.category" id="module_prakruti_purchase_requisition_new">
        <field name="name">Purchase Requisition</field>
        <field name="description">Prakruti Purchase Requisition Rights</field>
        <field name="sequence">22</field>
      </record>
      
    <record id="group_prakruti_requisition_read_only" model="res.groups">
        <field name="name">Read</field>
        <field name="category_id" ref="module_prakruti_purchase_requisition_new"/>
    </record>
    
    <record id="group_prakruti_requisition_edit" model="res.groups">
        <field name="name">Edit</field>
        <field name="category_id" ref="module_prakruti_purchase_requisition_new"/>
    </record>
      
    <record id="group_prakruti_requisition_create" model="res.groups">
        <field name="name">Create</field>
        <field name="category_id" ref="module_prakruti_purchase_requisition_new"/>
    </record>
    
    <record id="group_prakruti_requisition_delete" model="res.groups">
        <field name="name">Delete</field>
        <field name="category_id" ref="module_prakruti_purchase_requisition_new"/>
    </record>
    

    <!-- ACCESS RIGHTS FOR REQUISITION APPROVAL SCREEN -->
    
    <record model="ir.module.category" id="module_prakruti_purchase_requisition_approval">
        <field name="name">Purchase Requisition Approval</field>
        <field name="description">Prakruti Purchase Requisition  Approval Rights</field>
        <field name="sequence">55</field>
      </record>
      
    <record id="group_prakruti_requisition_approval_read_only" model="res.groups">
        <field name="name">Read</field>
        <field name="category_id" ref="module_prakruti_purchase_requisition_approval"/>
    </record>
    
    <record id="group_prakruti_requisition_approval_edit" model="res.groups">
        <field name="name">Edit</field>
        <field name="category_id" ref="module_prakruti_purchase_requisition_approval"/>
    </record>
      
    <record id="group_prakruti_requisition_approval_create" model="res.groups">
        <field name="name">Create</field>
        <field name="category_id" ref="module_prakruti_purchase_requisition_approval"/>
    </record>
    
    <record id="group_prakruti_requisition_approval_delete" model="res.groups">
        <field name="name">Delete</field>
        <field name="category_id" ref="module_prakruti_purchase_requisition_approval"/>
    </record>
    
    <!-- ACCESS RIGHTS FOR PRICE REQUEST SCREEN -->
    
    
    <record model="ir.module.category" id="module_prakruti_price_request">
        <field name="name">Price Request</field>
        <field name="description">Prakruti Price Request Rights</field>
        <field name="sequence">23</field>
      </record>
      
    <record id="group_prakruti_price_request_read_only" model="res.groups">
        <field name="name">Read</field>
        <field name="category_id" ref="module_prakruti_price_request"/>
    </record>
    
    <record id="group_prakruti_price_request_edit" model="res.groups">
        <field name="name">Edit</field>
        <field name="category_id" ref="module_prakruti_price_request"/>
    </record>
      
    <record id="group_prakruti_price_request_create" model="res.groups">
        <field name="name">Create</field>
        <field name="category_id" ref="module_prakruti_price_request"/>
    </record>
    
    <record id="group_prakruti_price_request_delete" model="res.groups">
        <field name="name">Delete</field>
        <field name="category_id" ref="module_prakruti_price_request"/>
    </record>
     
    
    <!-- ACCESS RIGHTS FOR PURCHASE QUOTATION SCREEN -->
    
    <record model="ir.module.category" id="module_prakruti_purchase_quotation">
        <field name="name">Purchase Quotation</field>
        <field name="description">Prakruti Purchase Quotation Rights</field>
        <field name="sequence">23</field>
      </record>
      
    <record id="group_prakruti_purchase_quotation_read_only" model="res.groups">
        <field name="name">Read</field>
        <field name="category_id" ref="module_prakruti_purchase_quotation"/>
    </record>
    
    <record id="group_prakruti_purchase_quotation_edit" model="res.groups">
        <field name="name">Edit</field>
        <field name="category_id" ref="module_prakruti_purchase_quotation"/>
    </record>
      
    <record id="group_prakruti_purchase_quotation_create" model="res.groups">
        <field name="name">Create</field>
        <field name="category_id" ref="module_prakruti_purchase_quotation"/>
    </record>
    
    <record id="group_prakruti_purchase_quotation_delete" model="res.groups">
        <field name="name">Delete</field>
        <field name="category_id" ref="module_prakruti_purchase_quotation"/>
    </record>
    
    
    
    <!-- ACCESS RIGHTS FOR QUOTATION  ANALYSIS SCREEN -->
    
    <record model="ir.module.category" id="module_prakruti_quotation_analysis">
        <field name="name">Quotation Analysis</field>
        <field name="description">Prakruti Quotation Analysis Rights</field>
        <field name="sequence">24</field>
      </record>
      
    <record id="group_prakruti_quotation_analysis_read_only" model="res.groups">
        <field name="name">Read</field>
        <field name="category_id" ref="module_prakruti_quotation_analysis"/>
    </record>
    
    <record id="group_prakruti_quotation_analysis_edit" model="res.groups">
        <field name="name">Edit</field>
        <field name="category_id" ref="module_prakruti_quotation_analysis"/>
    </record>
      
    <record id="group_prakruti_quotation_analysis_create" model="res.groups">
        <field name="name">Create</field>
        <field name="category_id" ref="module_prakruti_quotation_analysis"/>
    </record>
    
    <record id="group_prakruti_quotation_analysis_delete" model="res.groups">
        <field name="name">Delete</field>
        <field name="category_id" ref="module_prakruti_quotation_analysis"/>
    </record>
    
    
    
     <!-- ACCESS RIGHTS FOR PURCHASE ORDER SCREEN -->
    
    <record model="ir.module.category" id="module_prakruti_purchase_order">
        <field name="name">Purchase Order</field>
        <field name="description">Prakruti Purchase Order Rights</field>
        <field name="sequence">23</field>
      </record>
      
    <record id="group_prakruti_purchase_order_read_only" model="res.groups">
        <field name="name">Read</field>
        <field name="category_id" ref="module_prakruti_purchase_order"/>
    </record>
    
    <record id="group_prakruti_purchase_order_edit" model="res.groups">
        <field name="name">Edit</field>
        <field name="category_id" ref="module_prakruti_purchase_order"/>
    </record>
      
    <record id="group_prakruti_purchase_order_create" model="res.groups">
        <field name="name">Create</field>
        <field name="category_id" ref="module_prakruti_purchase_order"/>
    </record>
    
    <record id="group_prakruti_purchase_order_delete" model="res.groups">
        <field name="name">Delete</field>
        <field name="category_id" ref="module_prakruti_purchase_order"/>
    </record>
    
    
    
        <!--   Logistics PO Tracking Access Rights   -->
    
    
   <record model="ir.module.category" id="module_prakruti_logistics_po_tracking">
            <field name="name">Logistics PO Tracking</field>
        <field name="description">Logistics PO Tracking Access Rights</field>
        <field name="sequence">31</field>
      </record>
    
      <record id="group_prakruti_logistics_po_tracking_read_only" model="res.groups">
        <field name="name">Read</field>
        <field name="category_id" ref="module_prakruti_logistics_po_tracking"/>
    </record>
    
    <record id="group_prakruti_logistics_po_tracking_edit" model="res.groups">
        <field name="name">Edit</field>
        <field name="category_id" ref="module_prakruti_logistics_po_tracking"/>
    </record>
    
    <record id="group_prakruti_logistics_po_tracking_create" model="res.groups">
        <field name="name">Create</field>
        <field name="category_id" ref="module_prakruti_logistics_po_tracking"/>
    </record>
    
    <record id="group_prakruti_logistics_po_tracking_delete" model="res.groups">
        <field name="name">Delete</field>
        <field name="category_id" ref="module_prakruti_logistics_po_tracking"/>
    </record>
    
    
     <!-- ACCESS RIGHTS FOR PURCHASE INVOICE SCREEN -->
    
    <record model="ir.module.category" id="module_prakruti_purchase_invoice">
        <field name="name">Purchase Invoice</field>
        <field name="description">Prakruti Purchase Invoice Rights</field>
        <field name="sequence">24</field>
      </record>
      
    <record id="group_prakruti_purchase_invoice_read_only" model="res.groups">
        <field name="name">Read</field>
        <field name="category_id" ref="module_prakruti_purchase_invoice"/>
    </record>
    
    <record id="group_prakruti_purchase_invoice_edit" model="res.groups">
        <field name="name">Edit</field>
        <field name="category_id" ref="module_prakruti_purchase_invoice"/>
    </record>
      
    <record id="group_prakruti_purchase_invoice_create" model="res.groups">
        <field name="name">Create</field>
        <field name="category_id" ref="module_prakruti_purchase_invoice"/>
    </record>
    
    <record id="group_prakruti_purchase_invoice_delete" model="res.groups">
        <field name="name">Delete</field>
        <field name="category_id" ref="module_prakruti_purchase_invoice"/>
    </record>
    
    
    <!-- ACCESS RIGHTS FOR PURCHASE RETURN SCREEN -->
    
    <record model="ir.module.category" id="module_prakruti_purchase_return">
        <field name="name">Purchase Return</field>
        <field name="description">Prakruti Purchase Return Rights</field>
        <field name="sequence">24</field>
      </record>
      
    <record id="group_prakruti_purchase_return_read_only" model="res.groups">
        <field name="name">Read</field>
        <field name="category_id" ref="module_prakruti_purchase_return"/>
    </record>
    
    <record id="group_prakruti_purchase_return_edit" model="res.groups">
        <field name="name">Edit</field>
        <field name="category_id" ref="module_prakruti_purchase_return"/>
    </record>
      
    <record id="group_prakruti_purchase_return_create" model="res.groups">
        <field name="name">Create</field>
        <field name="category_id" ref="module_prakruti_purchase_return"/>
    </record>
    
    <record id="group_prakruti_purchase_return_delete" model="res.groups">
        <field name="name">Delete</field>
        <field name="category_id" ref="module_prakruti_purchase_return"/>
    </record>
    
      <!-- ACCESS RIGHTS FOR GRN ANALYSIS SCREEN -->
    
    <record model="ir.module.category" id="module_prakruti_grn_analysis_new">
        <field name="name">Grn Analysis</field>
        <field name="description">Prakruti GRN analysis screen Rights</field>
        <field name="sequence">56</field>
      </record>
    
      <record id="group_prakruti_analysis_grn_read_only" model="res.groups">
        <field name="name">Read</field>
        <field name="category_id" ref="module_prakruti_grn_analysis_new"/>
    </record>
    
    <record id="group_prakruti_analysis_grn_edit" model="res.groups">
        <field name="name">Edit</field>
        <field name="category_id" ref="module_prakruti_grn_analysis_new"/>
    </record>
    
    <record id="group_prakruti_analysis_grn_create" model="res.groups">
        <field name="name">Create</field>
        <field name="category_id" ref="module_prakruti_grn_analysis_new"/>
    </record>
    
    <record id="group_prakruti_analysis_grn_delete" model="res.groups">
        <field name="name">Delete</field>
        <field name="category_id" ref="module_prakruti_grn_analysis_new"/>
    </record>
    
    
    
     <!-- ACCESS RIGHTS FOR GRN SCREEN -->
    
    <record model="ir.module.category" id="module_prakruti_inspection_details">
        <field name="name">GRN</field>
        <field name="description">Prakruti GRN screen Rights</field>
        <field name="sequence">27</field>
      </record>
    
      <record id="group_prakruti_inspection_details_read_only" model="res.groups">
        <field name="name">Read</field>
        <field name="category_id" ref="module_prakruti_inspection_details"/>
    </record>
    
    <record id="group_prakruti_inspection_details_edit" model="res.groups">
        <field name="name">Edit</field>
        <field name="category_id" ref="module_prakruti_inspection_details"/>
    </record>
    
    <record id="group_prakruti_inspection_details_create" model="res.groups">
        <field name="name">Create</field>
        <field name="category_id" ref="module_prakruti_inspection_details"/>
    </record>
    
    <record id="group_prakruti_inspection_details_delete" model="res.groups">
        <field name="name">Delete</field>
        <field name="category_id" ref="module_prakruti_inspection_details"/>
    </record>
    
    
        <!-- ACCESS RIGHTS FOR RETURN ITEMS SCREEN -->
    
    
    <record model="ir.module.category" id="module_prakruti_purchase_return_items">
        <field name="name">Manage Return Items</field>
        <field name="description">Prakruti Return Items screen Rights</field>
        <field name="sequence">28</field>
      </record>
    
      <record id="group_prakruti_purchase_return_items_read_only" model="res.groups">
        <field name="name">Read</field>
        <field name="category_id" ref="module_prakruti_purchase_return_items"/>
    </record>
    
    <record id="group_prakruti_purchase_return_items_edit" model="res.groups">
        <field name="name">Edit</field>
        <field name="category_id" ref="module_prakruti_purchase_return_items"/>
    </record>
    
    <record id="group_prakruti_purchase_return_items_create" model="res.groups">
        <field name="name">Create</field>
        <field name="category_id" ref="module_prakruti_purchase_return_items"/>
    </record>
    
    <record id="group_prakruti_purchase_return_items_delete" model="res.groups">
        <field name="name">Delete</field>
        <field name="category_id" ref="module_prakruti_purchase_return_items"/>
    </record>
    
    
    <!-- ACCESS RIGHTS FOR STORE REQUEST SCREEN -->
    
    <record model="ir.module.category" id="module_prakruti_store_request">
        <field name="name">Store Request</field>
        <field name="description">Prakruti store request screen Rights</field>
        <field name="sequence">29</field>
      </record>
    
      <record id="group_prakruti_store_request_read_only" model="res.groups">
        <field name="name">Read</field>
        <field name="category_id" ref="module_prakruti_store_request"/>
    </record>
    
    <record id="group_prakruti_store_request_edit" model="res.groups">
        <field name="name">Edit</field>
        <field name="category_id" ref="module_prakruti_store_request"/>
    </record>
    
    <record id="group_prakruti_store_request_create" model="res.groups">
        <field name="name">Create</field>
        <field name="category_id" ref="module_prakruti_store_request"/>
    </record>
    
    <record id="group_prakruti_store_request_delete" model="res.groups">
        <field name="name">Delete</field>
        <field name="category_id" ref="module_prakruti_store_request"/>
    </record>
    
    
    <!-- ACCESS RIGHTS FOR STORE REQUEST APPROVE SCREEN -->
    
    
    
    <record model="ir.module.category" id="module_prakruti_store_approve_request">
        <field name="name">Store Approve Request</field>
        <field name="description">Prakruti store request screen Rights</field>
        <field name="sequence">30</field>
      </record>
    
      <record id="group_prakruti_store_approve_request_read_only" model="res.groups">
        <field name="name">Read</field>
        <field name="category_id" ref="module_prakruti_store_approve_request"/>
    </record>
    
    <record id="group_prakruti_store_approve_request_edit" model="res.groups">
        <field name="name">Edit</field>
        <field name="category_id" ref="module_prakruti_store_approve_request"/>
    </record>
    
    <record id="group_prakruti_store_approve_request_create" model="res.groups">
        <field name="name">Create</field>
        <field name="category_id" ref="module_prakruti_store_approve_request"/>
    </record>
    
    <record id="group_prakruti_store_approve_request_delete" model="res.groups">
        <field name="name">Delete</field>
        <field name="category_id" ref="module_prakruti_store_approve_request"/>
    </record>
    
    
    <!-- ACCESS RIGHTS FOR STORE ISSUE SCREEN -->
    
    
    
    <record model="ir.module.category" id="module_prakruti_store_issue">
            <field name="name">Store Issue</field>
        <field name="description">Prakruti store issue Rights</field>
        <field name="sequence">30</field>
      </record>
    
      <record id="group_prakruti_store_issue_read_only" model="res.groups">
        <field name="name">Read</field>
        <field name="category_id" ref="module_prakruti_store_issue"/>
    </record>
    
    <record id="group_prakruti_store_issue_edit" model="res.groups">
        <field name="name">Edit</field>
        <field name="category_id" ref="module_prakruti_store_issue"/>
    </record>
    
    <record id="group_prakruti_store_issue_create" model="res.groups">
        <field name="name">Create</field>
        <field name="category_id" ref="module_prakruti_store_issue"/>
    </record>
    
    <record id="group_prakruti_store_issue_delete" model="res.groups">
        <field name="name">Delete</field>
        <field name="category_id" ref="module_prakruti_store_issue"/>
    </record>
    
    
    
    
     <!--   Material Outward Note Access Rights   -->
    
   
    <record model="ir.module.category" id="module_prakruti_material_outward_note">
            <field name="name">Material Outward Note</field>
        <field name="description">Material Outward Note Access Rights</field>
        <field name="sequence">31</field>
      </record>
    
      <record id="group_prakruti_material_outward_note_read_only" model="res.groups">
        <field name="name">Read</field>
        <field name="category_id" ref="module_prakruti_material_outward_note"/>
    </record>
    
    <record id="group_prakruti_material_outward_note_edit" model="res.groups">
        <field name="name">Edit</field>
        <field name="category_id" ref="module_prakruti_material_outward_note"/>
    </record>
    
    <record id="group_prakruti_material_outward_note_create" model="res.groups">
        <field name="name">Create</field>
        <field name="category_id" ref="module_prakruti_material_outward_note"/>
    </record>
    
    <record id="group_prakruti_material_outward_note_delete" model="res.groups">
        <field name="name">Delete</field>
        <field name="category_id" ref="module_prakruti_material_outward_note"/>
    </record>
    
    
    <!--QUALITY CONTROL   -->
    
   <record model="ir.module.category" id="module_prakruti_quality_control">
        <field name="name">Quality Control</field>
        <field name="description">Quality Control Access Rights</field>
        <field name="sequence">32</field>
      </record>
    
      <record id="group_prakruti_quality_control_read_only" model="res.groups">
        <field name="name">Read</field>
        <field name="category_id" ref="module_prakruti_quality_control"/>
    </record>
    
    <record id="group_prakruti_quality_control_edit" model="res.groups">
        <field name="name">Edit</field>
        <field name="category_id" ref="module_prakruti_quality_control"/>
    </record>
    
    <record id="group_prakruti_quality_control_create" model="res.groups">
        <field name="name">Create</field>
        <field name="category_id" ref="module_prakruti_quality_control"/>
    </record>
    
    <record id="group_prakruti_quality_control_delete" model="res.groups">
        <field name="name">Delete</field>
        <field name="category_id" ref="module_prakruti_quality_control"/>
    </record>
    
    <!-- QC HIGHER APPROVAL -->
     <record model="ir.module.category" id="module_prakruti_quality_control_ha">
        <field name="name">Quality Control HA</field>
        <field name="description">Quality Control HA Access Rights</field>
        <field name="sequence">33</field>
      </record>
    
      <record id="group_prakruti_quality_control_ha_read_only" model="res.groups">
        <field name="name">Read</field>
        <field name="category_id" ref="module_prakruti_quality_control_ha"/>
    </record>
    
    <record id="group_prakruti_quality_control_ha_edit" model="res.groups">
        <field name="name">Edit</field>
        <field name="category_id" ref="module_prakruti_quality_control_ha"/>
    </record>
    
    <record id="group_prakruti_quality_control_ha_create" model="res.groups">
        <field name="name">Create</field>
        <field name="category_id" ref="module_prakruti_quality_control_ha"/>
    </record>
    
    <record id="group_prakruti_quality_control_ha_delete" model="res.groups">
        <field name="name">Delete</field>
        <field name="category_id" ref="module_prakruti_quality_control_ha"/>
    </record>
    
    
    
    <!-- DEPARTMENT SORTING -->
    
    <record model="ir.module.category" id="module_prakruti_record_access_management">
        <field name="name">Allowed Departments</field>
        <field name="description">Allowed Departments</field>
        <field name="sequence">1</field>
    </record>
    
    
    
    
      <record id="group_account_data" model="res.groups">
	    <field name="name">ACCOUNTS</field>
		<field name="category_id" ref="module_prakruti_record_access_management" />
	</record>
	
	 <record id="group_Electrical_data" model="res.groups">
	    <field name="name">ELECTRICAL</field>
		<field name="category_id" ref="module_prakruti_record_access_management" />
	</record>
	
	 <record id="group_Admin_data" model="res.groups">
	    <field name="name">ADMINISTRATION</field>
		<field name="category_id" ref="module_prakruti_record_access_management" />
	</record>
	  
	 <record id="group_Manufacturing_data" model="res.groups">
	    <field name="name">MANUFACTURING</field>
		<field name="category_id" ref="module_prakruti_record_access_management" />
	</record>
	
	 <record id="group_IT_data" model="res.groups">
	    <field name="name">IT</field>
		<field name="category_id" ref="module_prakruti_record_access_management" />
	</record>
	
	 <record id="group_Purchase_data" model="res.groups">
	    <field name="name">PURCHASE</field>
		<field name="category_id" ref="module_prakruti_record_access_management" />
	</record>
	
	 <record id="group_Engineering_data" model="res.groups">
	    <field name="name">ENGINEERING</field>
		<field name="category_id" ref="module_prakruti_record_access_management" />
	</record>
	
	 <record id="group_Instrumentation_data" model="res.groups">
	    <field name="name">INSTRUMENTATION</field>
		<field name="category_id" ref="module_prakruti_record_access_management" />
	</record>
	
	
	 <record id="group_Stores_data" model="res.groups">
        <field name="name">Prakruti Products Private Limited</field>
        <field name="category_id" ref="module_prakruti_record_access_management"/>
        <field name="implied_ids" eval="[(4, ref('group_account_data')),(4, ref('group_Electrical_data')),(4, ref('group_Admin_data')),(4, ref('group_Manufacturing_data')),(4, ref('group_IT_data')),(4, ref('group_Purchase_data')),(4, ref('group_Engineering_data')),(4, ref('group_Instrumentation_data'))]"/>
    </record>
    
    
    
    <!-- ACCESS RIGHTS FOR PRAKRUTI SALES INQUIRY -->
        
  <record model="ir.module.category" id="module_prakruti_sales_inquiry">
        <field name="name">Sales Inquiry</field>
        <field name="description">Prakruti sales inquiry screen Rights</field>
        <field name="sequence">34</field>
    </record>
    
    <record id="group_prakruti_sales_inquiry_read_only" model="res.groups">
        <field name="name">Read</field>
        <field name="category_id" ref="module_prakruti_sales_inquiry"/>
    </record>
    
    <record id="group_prakruti_sales_inquiry_edit" model="res.groups">
        <field name="name">Edit</field>
        <field name="category_id" ref="module_prakruti_sales_inquiry"/>
    </record>
    
    <record id="group_prakruti_sales_inquiry_create" model="res.groups">
        <field name="name">Create</field>
        <field name="category_id" ref="module_prakruti_sales_inquiry"/>
    </record>
    
    <record id="group_prakruti_sales_inquiry_delete" model="res.groups">
        <field name="name">Delete</field>
        <field name="category_id" ref="module_prakruti_sales_inquiry"/>
    </record>
    
    
     <!-- ACCESS RIGHTS FOR PRAKRUTI SALES QUOTATION -->
    
 <record model="ir.module.category" id="module_prakruti_sales_quotation">
        <field name="name">Sales Quotation</field>
        <field name="description">Prakruti sales Quotation screen Rights</field>
        <field name="sequence">35</field>
    </record>
    
    <record id="group_prakruti_sales_quotation_read_only" model="res.groups">
        <field name="name">Read</field>
        <field name="category_id" ref="module_prakruti_sales_quotation"/>
    </record>
    
    <record id="group_prakruti_sales_quotation_edit" model="res.groups">
        <field name="name">Edit</field>
        <field name="category_id" ref="module_prakruti_sales_quotation"/>
    </record>
    
    <record id="group_prakruti_sales_quotation_create" model="res.groups">
        <field name="name">Create</field>
        <field name="category_id" ref="module_prakruti_sales_quotation"/>
    </record>
    
    <record id="group_prakruti_sales_quotation_delete" model="res.groups">
        <field name="name">Delete</field>
        <field name="category_id" ref="module_prakruti_sales_quotation"/>
    </record>
    
     <!-- ACCESS RIGHTS FOR PRAKRUTI SALES ORDER -->
    
 <record model="ir.module.category" id="module_prakruti_sales_order">
        <field name="name">Sales Order</field>
        <field name="description">Prakruti sales Order screen Rights</field>
        <field name="sequence">36</field>
    </record>
    
    <record id="group_prakruti_sales_order_read_only" model="res.groups">
        <field name="name">Read</field>
        <field name="category_id" ref="module_prakruti_sales_order"/>
    </record>
    
    <record id="group_prakruti_sales_order_edit" model="res.groups">
        <field name="name">Edit</field>
        <field name="category_id" ref="module_prakruti_sales_order"/>
    </record>
    
    <record id="group_prakruti_sales_order_create" model="res.groups">
        <field name="name">Create</field>
        <field name="category_id" ref="module_prakruti_sales_order"/>
    </record>
    
    <record id="group_prakruti_sales_order_delete" model="res.groups">
        <field name="name">Delete</field>
        <field name="category_id" ref="module_prakruti_sales_order"/>
    </record>
    
    <!-- ACCESS RIGHTS FOR PRODUCTION SLIP -->
    
 <record model="ir.module.category" id="module_prakruti_production_slip">
        <field name="name">Production Slip</field>
        <field name="description">Prakruti Production Slip</field>
        <field name="sequence">37</field>
    </record>
    
    <record id="group_prakruti_production_slip_read_only" model="res.groups">
        <field name="name">Read</field>
        <field name="category_id" ref="module_prakruti_production_slip"/>
    </record>
    
    <record id="group_prakruti_production_slip_edit" model="res.groups">
        <field name="name">Edit</field>
        <field name="category_id" ref="module_prakruti_production_slip"/>
    </record>
    
    <record id="group_prakruti_production_slip_create" model="res.groups">
        <field name="name">Create</field>
        <field name="category_id" ref="module_prakruti_production_slip"/>
    </record>
    
    <record id="group_prakruti_production_slip_delete" model="res.groups">
        <field name="name">Delete</field>
        <field name="category_id" ref="module_prakruti_production_slip"/>
    </record>
    
    
    <!-- ACCESS RIGHTS FOR DISPATCH -->
    
  <record model="ir.module.category" id="module_prakruti_dispatch">
        <field name="name">Dispatch</field>
        <field name="description">Prakruti Dispatch</field>
        <field name="sequence">38</field>
    </record>
    
    <record id="group_prakruti_dispatch_read_only" model="res.groups">
        <field name="name">Read</field>
        <field name="category_id" ref="module_prakruti_dispatch"/>
    </record>
    
    <record id="group_prakruti_dispatch_edit" model="res.groups">
        <field name="name">Edit</field>
        <field name="category_id" ref="module_prakruti_dispatch"/>
    </record>
    
    <record id="group_prakruti_dispatch_create" model="res.groups">
        <field name="name">Create</field>
        <field name="category_id" ref="module_prakruti_dispatch"/>
    </record>
    
    <record id="group_prakruti_dispatch_delete" model="res.groups">
        <field name="name">Delete</field>
        <field name="category_id" ref="module_prakruti_dispatch"/>
    </record>
     <!-- ACCESS RIGHTS FOR  DISPATCH QUALITY CHECK-->
    
   <record model="ir.module.category" id="module_prakruti_quality_check">
        <field name="name">Dispatch Quality Check</field>
        <field name="description">Prakruti QC</field>
        <field name="sequence">39</field>
    </record>
    
    <record id="group_prakruti_quality_check_read_only" model="res.groups">
        <field name="name">Read</field>
        <field name="category_id" ref="module_prakruti_quality_check"/>
    </record>
    
    <record id="group_prakruti_quality_check_edit" model="res.groups">
        <field name="name">Edit</field>
        <field name="category_id" ref="module_prakruti_quality_check"/>
    </record>
    
    <record id="group_prakruti_quality_check_create" model="res.groups">
        <field name="name">Create</field>
        <field name="category_id" ref="module_prakruti_quality_check"/>
    </record>
    
    <record id="group_prakruti_quality_check_delete" model="res.groups">
        <field name="name">Delete</field>
        <field name="category_id" ref="module_prakruti_quality_check"/>
    </record>
    
      
    <!-- ACCESS RIGHTS FOR PRAKRUTI DISPATCH QA -->
        
  <record model="ir.module.category" id="module_prakruti_quality_check_qa">
        <field name="name">Dispatch QA</field>
        <field name="description">Prakruti Dispatch QA screen Rights</field>
        <field name="sequence">34</field>
    </record>
    
    <record id="group_prakruti_quality_check_qa_read_only" model="res.groups">
        <field name="name">Read</field>
        <field name="category_id" ref="module_prakruti_quality_check_qa"/>
    </record>
    
    <record id="group_prakruti_quality_check_qa_edit" model="res.groups">
        <field name="name">Edit</field>
        <field name="category_id" ref="module_prakruti_quality_check_qa"/>
    </record>
    
    <record id="group_prakruti_quality_check_qa_create" model="res.groups">
        <field name="name">Create</field>
        <field name="category_id" ref="module_prakruti_quality_check_qa"/>
    </record>
    
    <record id="group_prakruti_quality_check_qa_delete" model="res.groups">
        <field name="name">Delete</field>
        <field name="category_id" ref="module_prakruti_quality_check_qa"/>
    </record>
    
    
    <!-- ACCESS RIGHTS FOR  DISPATCH QUALITY CHECK  HA -->
    
   <record model="ir.module.category" id="module_prakruti_quality_check_ha">
        <field name="name">Dispatch Quality Check HA</field>
        <field name="description">Prakruti QC HA</field>
        <field name="sequence">62</field>
    </record>
    
    <record id="group_prakruti_quality_check_ha_read_only" model="res.groups">
        <field name="name">Read</field>
        <field name="category_id" ref="module_prakruti_quality_check_ha"/>
    </record>
    
    <record id="group_prakruti_quality_check_ha_edit" model="res.groups">
        <field name="name">Edit</field>
        <field name="category_id" ref="module_prakruti_quality_check_ha"/>
    </record>
    
    <record id="group_prakruti_quality_check_ha_create" model="res.groups">
        <field name="name">Create</field>
        <field name="category_id" ref="module_prakruti_quality_check_ha"/>
    </record>
    
    <record id="group_prakruti_quality_check_ha_delete" model="res.groups">
        <field name="name">Delete</field>
        <field name="category_id" ref="module_prakruti_quality_check_ha"/>
    </record>
    
    
      <!-- ACCESS RIGHTS FOR PRAKRUTI SALES INVOICE -->
    
  <record model="ir.module.category" id="module_prakruti_sales_invoice">
        <field name="name">Sales Invoice</field>
        <field name="description">Prakruti sales Invoice screen Rights</field>
        <field name="sequence">40</field>
    </record>
    
    <record id="group_prakruti_sales_invoice_read_only" model="res.groups">
        <field name="name">Read</field>
        <field name="category_id" ref="module_prakruti_sales_invoice"/>
    </record>
    
    <record id="group_prakruti_sales_invoice_edit" model="res.groups">
        <field name="name">Edit</field>
        <field name="category_id" ref="module_prakruti_sales_invoice"/>
    </record>
    
    <record id="group_prakruti_sales_invoice_create" model="res.groups">
        <field name="name">Create</field>
        <field name="category_id" ref="module_prakruti_sales_invoice"/>
    </record>
    
    <record id="group_prakruti_sales_invoice_delete" model="res.groups">
        <field name="name">Delete</field>
        <field name="category_id" ref="module_prakruti_sales_invoice"/>
    </record>
    
    
    
    
    <!-- ACCESS RIGHTS FOR PRAKRUTI GRN QC -->
    
   <record model="ir.module.category" id="module_prakruti_sales_return_grn_qc">
        <field name="name">Sales GRN Qc</field>
        <field name="description">Prakruti sales GRN qc screen Rights</field>
        <field name="sequence">41</field>
    </record>
    
    <record id="group_module_prakruti_sales_return_grn_qc_read_only" model="res.groups">
        <field name="name">Read</field>
        <field name="category_id" ref="module_prakruti_sales_return_grn_qc"/>
    </record>
    
    <record id="group_module_prakruti_sales_return_grn_qc_edit" model="res.groups">
        <field name="name">Edit</field>
        <field name="category_id" ref="module_prakruti_sales_return_grn_qc"/>
    </record>
    
    <record id="group_module_prakruti_sales_return_grn_qc_create" model="res.groups">
        <field name="name">Create</field>
        <field name="category_id" ref="module_prakruti_sales_return_grn_qc"/>
    </record>
    
    <record id="group_module_prakruti_sales_return_grn_qc_delete" model="res.groups">
        <field name="name">Delete</field>
        <field name="category_id" ref="module_prakruti_sales_return_grn_qc"/>
    </record>
    
    
    
     <!-- ACCESS RIGHTS FOR PRAKRUTI SALES  GRN QC HA-->
    
   <record model="ir.module.category" id="module_prakruti_sales_return_grn_qc_ha">
        <field name="name">Sales GRN Qc HA</field>
        <field name="description">Prakruti sales GRN qc  HA screen Rights</field>
        <field name="sequence">64</field>
    </record>
    
    <record id="group_module_prakruti_sales_return_grn_qc_ha_read_only" model="res.groups">
        <field name="name">Read</field>
        <field name="category_id" ref="module_prakruti_sales_return_grn_qc_ha"/>
    </record>
    
    <record id="group_module_prakruti_sales_return_grn_qc_ha_edit" model="res.groups">
        <field name="name">Edit</field>
        <field name="category_id" ref="module_prakruti_sales_return_grn_qc_ha"/>
    </record>
    
    <record id="group_module_prakruti_sales_return_grn_qc_ha_create" model="res.groups">
        <field name="name">Create</field>
        <field name="category_id" ref="module_prakruti_sales_return_grn_qc_ha"/>
    </record>
    
    <record id="group_module_prakruti_sales_return_grn_qc_ha_delete" model="res.groups">
        <field name="name">Delete</field>
        <field name="category_id" ref="module_prakruti_sales_return_grn_qc_ha"/>
    </record>
    
     <!-- ACCESS RIGHTS FOR SALES PROFORMA INVOICE -->
    
    
 <record model="ir.module.category" id="module_prakruti_sales_proforma_invoice">
        <field name="name">Sales Proforma Invoice</field>
        <field name="description">Prakruti Sales Proforma Invoice screen Rights</field>
        <field name="sequence">29</field>
    </record>
    
    <record id="group_prakruti_sales_proforma_invoice_read_only" model="res.groups">
        <field name="name">Read</field>
        <field name="category_id" ref="module_prakruti_sales_proforma_invoice"/>
    </record>
    
    <record id="group_prakruti_sales_proforma_invoice_edit" model="res.groups">
        <field name="name">Edit</field>
        <field name="category_id" ref="module_prakruti_sales_proforma_invoice"/>
    </record>
    
    <record id="group_prakruti_sales_proforma_invoice_create" model="res.groups">
        <field name="name">Create</field>
        <field name="category_id" ref="module_prakruti_sales_proforma_invoice"/>
    </record>
    
    <record id="group_prakruti_sales_proforma_invoice_delete" model="res.groups">
        <field name="name">Delete</field>
        <field name="category_id" ref="module_prakruti_sales_proforma_invoice"/>
    </record>    
       
     
     <!-- ACCESS RIGHTS FOR SALES GRN -->
  <record model="ir.module.category" id="module_prakruti_sales_return_grn">
        <field name="name">Sales GRN</field>
        <field name="description">Prakruti Sales GRN screen Rights</field>
        <field name="sequence">29</field>
    </record>
    
    <record id="group_prakruti_sales_return_grn_read_only" model="res.groups">
        <field name="name">Read</field>
        <field name="category_id" ref="module_prakruti_sales_return_grn"/>
    </record>
    
    <record id="group_prakruti_sales_return_grn_edit" model="res.groups">
        <field name="name">Edit</field>
        <field name="category_id" ref="module_prakruti_sales_return_grn"/>
    </record>
    
    <record id="group_prakruti_sales_return_grn_create" model="res.groups">
        <field name="name">Create</field>
        <field name="category_id" ref="module_prakruti_sales_return_grn"/>
    </record>
    
    <record id="group_prakruti_sales_return_grn_delete" model="res.groups">
        <field name="name">Delete</field>
        <field name="category_id" ref="module_prakruti_sales_return_grn"/>
    </record>  
    
    
    <!-- ACCESS RIGHTS FOR PRAKRUTI SALES SCRAP -->
   
    <record model="ir.module.category" id="module_prakruti_sales_scrap">
        <field name="name">Sales Scrap</field>
        <field name="description">Prakruti sales Scrap screen Rights</field>
        <field name="sequence">41</field>
    </record>
    
    <record id="group_module_prakruti_sales_scrap_read_only" model="res.groups">
        <field name="name">Read</field>
        <field name="category_id" ref="module_prakruti_sales_scrap"/>
    </record>
    
    <record id="group_module_prakruti_sales_scrap_edit" model="res.groups">
        <field name="name">Edit</field>
        <field name="category_id" ref="module_prakruti_sales_scrap"/>
    </record>
    
    <record id="group_module_prakruti_sales_scrap_create" model="res.groups">
        <field name="name">Create</field>
        <field name="category_id" ref="module_prakruti_sales_scrap"/>
    </record>
    
    <record id="group_module_prakruti_sales_scrap_delete" model="res.groups">
        <field name="name">Delete</field>
        <field name="category_id" ref="module_prakruti_sales_scrap"/>
    </record>
    
    
    
    <!-- ACCESS RIGHTS FOR SALES RETURN -->
  <record model="ir.module.category" id="module_prakruti_sales_return">
        <field name="name">Sales Return</field>
        <field name="description">Prakruti Sales Return screen Rights</field>
        <field name="sequence">29</field>
    </record>
    
    <record id="group_prakruti_sales_return_read_only" model="res.groups">
        <field name="name">Read</field>
        <field name="category_id" ref="module_prakruti_sales_return"/>
    </record>
    
    <record id="group_prakruti_sales_return_edit" model="res.groups">
        <field name="name">Edit</field>
        <field name="category_id" ref="module_prakruti_sales_return"/>
    </record>
    
    <record id="group_prakruti_sales_return_create" model="res.groups">
        <field name="name">Create</field>
        <field name="category_id" ref="module_prakruti_sales_return"/>
    </record>
    
    <record id="group_prakruti_sales_return_delete" model="res.groups">
        <field name="name">Delete</field>
        <field name="category_id" ref="module_prakruti_sales_return"/>
    </record>   
    
    
    
    <!-- ACCESS RIGHTS FOR SPECIFICATION -->
    
   <record model="ir.module.category" id="module_prakruti_product_specification_main">
        <field name="name">Specification</field>
        <field name="description">Prakruti sales Invoice screen Rights</field>
        <field name="sequence">44</field>
    </record>
    
    <record id="group_prakruti_product_specification_main_read_only" model="res.groups">
        <field name="name">Read</field>
        <field name="category_id" ref="module_prakruti_product_specification_main"/>
    </record>
    
    <record id="group_prakruti_product_specification_main_edit" model="res.groups">
        <field name="name">Edit</field>
        <field name="category_id" ref="module_prakruti_product_specification_main"/>
    </record>
    
    <record id="group_prakruti_product_specification_main_create" model="res.groups">
        <field name="name">Create</field>
        <field name="category_id" ref="module_prakruti_product_specification_main"/>
    </record>
    
    <record id="group_prakruti_product_specification_main_delete" model="res.groups">
        <field name="name">Delete</field>
        <field name="category_id" ref="module_prakruti_product_specification_main"/>
    </record>
    
    
    <!-- PURCHASE REJECTION RIGHTS  -->
      
       <record model="ir.module.category" id="module_purchase_rejection_management">
        <field name="name">Purchase Rejection</field>
        <field name="description">Purchase Rejection</field>
        <field name="sequence">21</field>
      </record>

      <record id="group_purchase_rejection_management" model="res.groups">
	 <field name="name">Rejection</field>
	 <field name="category_id" ref="module_purchase_rejection_management" />
      </record>
      
      
      <!-- SALES REJECTION RIGHTS  -->
      
       <record model="ir.module.category" id="module_sales_rejection_management">
        <field name="name">Sales Rejection</field>
        <field name="description"> Rejection</field>
        <field name="sequence">22</field>
      </record>

      <record id="group_sales_rejection_management" model="res.groups">
	 <field name="name">Rejection</field>
	 <field name="category_id" ref="module_sales_rejection_management" />
      </record>
      
       <!-- ACCESS RIGHTS FOR PRAKRUTI SALES INVOICE TRACKING -->
  <record model="ir.module.category" id="module_prakruti_logistics_invoice_tracking">
        <field name="name">Sales Invoice Tracking</field>
        <field name="description">Prakruti sales invoice tracking screen Rights</field>
        <field name="sequence">41</field>
    </record>
    
    <record id="group_module_prakruti_logistics_invoice_tracking_read_only" model="res.groups">
        <field name="name">Read</field>
        <field name="category_id" ref="module_prakruti_logistics_invoice_tracking"/>
    </record>
    
    <record id="group_module_prakruti_logistics_invoice_tracking_edit" model="res.groups">
        <field name="name">Edit</field>
        <field name="category_id" ref="module_prakruti_logistics_invoice_tracking"/>
    </record>
    
    <record id="group_module_prakruti_logistics_invoice_tracking_create" model="res.groups">
        <field name="name">Create</field>
        <field name="category_id" ref="module_prakruti_logistics_invoice_tracking"/>
    </record>
    
    <record id="group_module_prakruti_logistics_invoice_tracking_delete" model="res.groups">
        <field name="name">Delete</field>
        <field name="category_id" ref="module_prakruti_logistics_invoice_tracking"/>
    </record>-->
    
    
     <!-- ACCESS RIGHTS FOR REQUISITION ANALYSIS SCREEN -->
    
   <record model="ir.module.category" id="module_prakruti_purchase_requisition_analysis">
        <field name="name">Purchase Requisition Analysis</field>
        <field name="description">Prakruti Purchase Requisition Rights</field>
        <field name="sequence">43</field>
      </record>
      
    <record id="group_prakruti_requisition_analysis_read_only" model="res.groups">
        <field name="name">Read</field>
        <field name="category_id" ref="module_prakruti_purchase_requisition_analysis"/>
    </record>
    
    <record id="group_prakruti_requisition_analysis_edit" model="res.groups">
        <field name="name">Edit</field>
        <field name="category_id" ref="module_prakruti_purchase_requisition_analysis"/>
    </record>
      
    <record id="group_prakruti_requisition_analysis_create" model="res.groups">
        <field name="name">Create</field>
        <field name="category_id" ref="module_prakruti_purchase_requisition_analysis"/>
    </record>
    
    <record id="group_prakruti_requisition_analysis_delete" model="res.groups">
        <field name="name">Delete</field>
        <field name="category_id" ref="module_prakruti_purchase_requisition_analysis"/>
    </record>
    
    <!--     TARRIF MASTER -->
    
    <record model="ir.module.category" id="module_prakruti_tarrif_master_analysis">
        <field name="name">Tarrif Master</field>
        <field name="description">Prakruti Tarrif Master Rights</field>
        <field name="sequence">43</field>
      </record>
      
    <record id="group_prakruti_tarrif_master_read_only" model="res.groups">
        <field name="name">Read</field>
        <field name="category_id" ref="module_prakruti_tarrif_master_analysis"/>
    </record>
    
    <record id="group_prakruti_tarrif_master_edit" model="res.groups">
        <field name="name">Edit</field>
        <field name="category_id" ref="module_prakruti_tarrif_master_analysis"/>
    </record>
      
    <record id="group_prakruti_tarrif_master_create" model="res.groups">
        <field name="name">Create</field>
        <field name="category_id" ref="module_prakruti_tarrif_master_analysis"/>
    </record>
    
    <record id="group_prakruti_tarrif_master_delete" model="res.groups">
        <field name="name">Delete</field>
        <field name="category_id" ref="module_prakruti_tarrif_master_analysis"/>
    </record>
    
    
     <!--     Gate PASS -->
    
    <record model="ir.module.category" id="module_prakruti_gate_pass_check">
        <field name="name">Gate Pass</field>
        <field name="description">Prakruti Gate Pass Rights</field>
        <field name="sequence">50</field>
      </record>
      
    <record id="group_prakruti_gate_pass_read_only" model="res.groups">
        <field name="name">Read</field>
        <field name="category_id" ref="module_prakruti_gate_pass_check"/>
    </record>
    
    <record id="group_prakruti_gate_pass_edit" model="res.groups">
        <field name="name">Edit</field>
        <field name="category_id" ref="module_prakruti_gate_pass_check"/>
    </record>
      
    <record id="group_prakruti_gate_pass_create" model="res.groups">
        <field name="name">Create</field>
        <field name="category_id" ref="module_prakruti_gate_pass_check"/>
    </record>
    
    <record id="group_prakruti_gate_pass_delete" model="res.groups">
        <field name="name">Delete</field>
        <field name="category_id" ref="module_prakruti_gate_pass_check"/>
    </record>
    
     <!--     Credit Note -->
    
    <record model="ir.module.category" id="module_prakruti_credit_note">
        <field name="name">Credit Note </field>
        <field name="description">Credit Note Rights</field>
        <field name="sequence">50</field>
      </record>
      
    <record id="group_prakruti_credit_note_read_only" model="res.groups">
        <field name="name">Read</field>
        <field name="category_id" ref="module_prakruti_credit_note"/>
    </record>
    
    <record id="group_prakruti_credit_note_edit" model="res.groups">
        <field name="name">Edit</field>
        <field name="category_id" ref="module_prakruti_credit_note"/>
    </record>
      
    <record id="group_prakruti_credit_note_create" model="res.groups">
        <field name="name">Create</field>
        <field name="category_id" ref="module_prakruti_credit_note"/>
    </record>
    
    <record id="group_prakruti_credit_note_delete" model="res.groups">
        <field name="name">Delete</field>
        <field name="category_id" ref="module_prakruti_credit_note"/>
    </record>
    
       
         <!--     Debit Note -->
    
    <record model="ir.module.category" id="module_prakruti_debit_note">
        <field name="name">Debit Note </field>
        <field name="description">Debit Note Rights</field>
        <field name="sequence">50</field>
      </record>
      
    <record id="group_prakruti_debit_note_read_only" model="res.groups">
        <field name="name">Read</field>
        <field name="category_id" ref="module_prakruti_debit_note"/>
    </record>
    
    <record id="group_prakruti_debit_note_edit" model="res.groups">
        <field name="name">Edit</field>
        <field name="category_id" ref="module_prakruti_debit_note"/>
    </record>
      
    <record id="group_prakruti_debit_note_create" model="res.groups">
        <field name="name">Create</field>
        <field name="category_id" ref="module_prakruti_debit_note"/>
    </record>
    
    <record id="group_prakruti_debit_note_delete" model="res.groups">
        <field name="name">Delete</field>
        <field name="category_id" ref="module_prakruti_debit_note"/>
    </record>
    
    
     <!--     Debit Note  HA-->
    
    <record model="ir.module.category" id="module_prakruti_debit_note_ha">
        <field name="name">Debit Note HA </field>
        <field name="description">Debit Note HA Rights</field>
        <field name="sequence">60</field>
      </record>
      
    <record id="group_prakruti_debit_note_ha_read_only" model="res.groups">
        <field name="name">Read</field>
        <field name="category_id" ref="module_prakruti_debit_note_ha"/>
    </record>
    
    <record id="group_prakruti_debit_note_ha_edit" model="res.groups">
        <field name="name">Edit</field>
        <field name="category_id" ref="module_prakruti_debit_note_ha"/>
    </record>
      
    <record id="group_prakruti_debit_note_ha_create" model="res.groups">
        <field name="name">Create</field>
        <field name="category_id" ref="module_prakruti_debit_note_ha"/>
    </record>
    
    <record id="group_prakruti_debit_note_ha_delete" model="res.groups">
        <field name="name">Delete</field>
        <field name="category_id" ref="module_prakruti_debit_note_ha"/>
    </record>
    
         <!--     Rejection Store-->
    
    <record model="ir.module.category" id="module_prakruti_material_rejected_store">
        <field name="name"> Rejection Store </field>
        <field name="description"> Rejection Store Rights</field>
        <field name="sequence">60</field>
      </record>
      
    <record id="group_prakruti_material_rejected_store_read_only" model="res.groups">
        <field name="name">Read</field>
        <field name="category_id" ref="module_prakruti_material_rejected_store"/>
    </record>
    
    <record id="group_prakruti_material_rejected_store_edit" model="res.groups">
        <field name="name">Edit</field>
        <field name="category_id" ref="module_prakruti_material_rejected_store"/>
    </record>
      
    <record id="group_prakruti_material_rejected_store_create" model="res.groups">
        <field name="name">Create</field>
        <field name="category_id" ref="module_prakruti_material_rejected_store"/>
    </record>
    
    <record id="group_prakruti_material_rejected_store_delete" model="res.groups">
        <field name="name">Delete</field>
        <field name="category_id" ref="module_prakruti_material_rejected_store"/>
    </record>
    
    
        <!--     A.R Number-->
    
    <record model="ir.module.category" id="module_prakruti_specification_ar_no">
        <field name="name"> A R Number </field>
        <field name="description"> Specification A R NumberRights</field>
        <field name="sequence">60</field>
      </record>
      
    <record id="group_prakruti_specification_ar_no_read_only" model="res.groups">
        <field name="name">Read</field>
        <field name="category_id" ref="module_prakruti_specification_ar_no"/>
    </record>
    
    <record id="group_prakruti_specification_ar_no_edit" model="res.groups">
        <field name="name">Edit</field>
        <field name="category_id" ref="module_prakruti_specification_ar_no"/>
    </record>
      
    <record id="group_prakruti_specification_ar_no_create" model="res.groups">
        <field name="name">Create</field>
        <field name="category_id" ref="module_prakruti_specification_ar_no"/>
    </record>
    
    <record id="group_prakruti_specification_ar_no_delete" model="res.groups">
        <field name="name">Delete</field>
        <field name="category_id" ref="module_prakruti_specification_ar_no"/>
    </record>
    
        
    <!-- ACCESS RIGHTS FOR PRAKRUTI DISPATCH QA HA-->
        
  <record model="ir.module.category" id="module_prakruti_quality_check_qa_ha">
        <field name="name">Dispatch QA HA</field>
        <field name="description">Prakruti Dispatch QA HA screen Rights</field>
        <field name="sequence">34</field>
    </record>
    
    <record id="group_prakruti_quality_check_qa_ha_read_only" model="res.groups">
        <field name="name">Read</field>
        <field name="category_id" ref="module_prakruti_quality_check_qa_ha"/>
    </record>
    
    <record id="group_prakruti_quality_check_qa_ha_edit" model="res.groups">
        <field name="name">Edit</field>
        <field name="category_id" ref="module_prakruti_quality_check_qa_ha"/>
    </record>
    
    <record id="group_prakruti_quality_check_qa_ha_create" model="res.groups">
        <field name="name">Create</field>
        <field name="category_id" ref="module_prakruti_quality_check_qa_ha"/>
    </record>
    
    <record id="group_prakruti_quality_check_qa_ha_delete" model="res.groups">
        <field name="name">Delete</field>
        <field name="category_id" ref="module_prakruti_quality_check_qa_ha"/>
    </record>
    
    
        
    <!-- ACCESS RIGHTS FOR PRAKRUTI Process DISPATCH QA -->
        
  <record model="ir.module.category" id="module_prakruti_process_quality_control_qa">
        <field name="name">Process Dispatch QA</field>
        <field name="description">Prakruti Process Dispatch QA screen Rights</field>
        <field name="sequence">34</field>
    </record>
    
    <record id="group_prakruti_process_quality_control_qa_read_only" model="res.groups">
        <field name="name">Read</field>
        <field name="category_id" ref="module_prakruti_process_quality_control_qa"/>
    </record>
    
    <record id="group_prakruti_process_quality_control_qa_edit" model="res.groups">
        <field name="name">Edit</field>
        <field name="category_id" ref="module_prakruti_process_quality_control_qa"/>
    </record>
    
    <record id="group_prakruti_process_quality_control_qa_create" model="res.groups">
        <field name="name">Create</field>
        <field name="category_id" ref="module_prakruti_process_quality_control_qa"/>
    </record>
    
    <record id="group_prakruti_process_quality_control_qa_delete" model="res.groups">
        <field name="name">Delete</field>
        <field name="category_id" ref="module_prakruti_process_quality_control_qa"/>
    </record>
    
        
    <!-- ACCESS RIGHTS FOR PRAKRUTI Process Dispatch QA HA-->
        
  <record model="ir.module.category" id="module_prakruti_process_quality_check_qa_ha">
        <field name="name">Process Dispatch QA HA</field>
        <field name="description">Prakruti Process Dispatch QA HA screen Rights</field>
        <field name="sequence">34</field>
    </record>
    
    <record id="group_prakruti_process_quality_check_qa_ha_read_only" model="res.groups">
        <field name="name">Read</field>
        <field name="category_id" ref="module_prakruti_process_quality_check_qa_ha"/>
    </record>
    
    <record id="group_prakruti_process_quality_check_qa_ha_edit" model="res.groups">
        <field name="name">Edit</field>
        <field name="category_id" ref="module_prakruti_process_quality_check_qa_ha"/>
    </record>
    
    <record id="group_prakruti_process_quality_check_qa_ha_create" model="res.groups">
        <field name="name">Create</field>
        <field name="category_id" ref="module_prakruti_process_quality_check_qa_ha"/>
    </record>
    
    <record id="group_prakruti_process_quality_check_qa_ha_delete" model="res.groups">
        <field name="name">Delete</field>
        <field name="category_id" ref="module_prakruti_process_quality_check_qa_ha"/>
    </record>
    
    
        
    <!-- ACCESS RIGHTS FOR PRAKRUTI BMR Requisition-->
        
  <record model="ir.module.category" id="module_prakruti_bmr_requisition">
        <field name="name">BMR Requisition</field>
        <field name="description">Prakruti BMR Requisition screen Rights</field>
        <field name="sequence">34</field>
    </record>
    
    <record id="group_prakruti_bmr_requisition_read_only" model="res.groups">
        <field name="name">Read</field>
        <field name="category_id" ref="module_prakruti_bmr_requisition"/>
    </record>
    
    <record id="group_prakruti_bmr_requisition_edit" model="res.groups">
        <field name="name">Edit</field>
        <field name="category_id" ref="module_prakruti_bmr_requisition"/>
    </record>
    
    <record id="group_prakruti_bmr_requisition_create" model="res.groups">
        <field name="name">Create</field>
        <field name="category_id" ref="module_prakruti_bmr_requisition"/>
    </record>
    
    <record id="group_prakruti_bmr_requisition_delete" model="res.groups">
        <field name="name">Delete</field>
        <field name="category_id" ref="module_prakruti_bmr_requisition"/>
    </record>
    
    
    
        
    <!-- ACCESS RIGHTS FOR PRAKRUTI Production Planning-->
        
  <record model="ir.module.category" id="module_prakruti_production_planning">
        <field name="name">Production Planning</field>
        <field name="description">Prakruti Production Planning screen Rights</field>
        <field name="sequence">34</field>
    </record>
    
    <record id="group_prakruti_production_planning_read_only" model="res.groups">
        <field name="name">Read</field>
        <field name="category_id" ref="module_prakruti_production_planning"/>
    </record>
    
    <record id="group_prakruti_production_planning_edit" model="res.groups">
        <field name="name">Edit</field>
        <field name="category_id" ref="module_prakruti_production_planning"/>
    </record>
    
    <record id="group_prakruti_production_planning_create" model="res.groups">
        <field name="name">Create</field>
        <field name="category_id" ref="module_prakruti_production_planning"/>
    </record>
    
    <record id="group_prakruti_production_planning_delete" model="res.groups">
        <field name="name">Delete</field>
        <field name="category_id" ref="module_prakruti_production_planning"/>
    </record>
    
    
    
    <!--    Manual Gate PASS -->

    <record model="ir.module.category" id="module_prakruti_gate_pass_manual">
        <field name="name">Manual Gate Pass</field>
        <field name="description">Prakruti Manual Gate Pass Rights</field>
        <field name="sequence">50</field>
      </record>

    <record id="group_prakruti_gate_pass_manual_read_only" model="res.groups">
        <field name="name">Read</field>
        <field name="category_id" ref="module_prakruti_gate_pass_manual"/>
    </record>

    <record id="group_prakruti_gate_pass_manual_edit" model="res.groups">
        <field name="name">Edit</field>
        <field name="category_id" ref="module_prakruti_gate_pass_manual"/>
    </record>

    <record id="group_prakruti_gate_pass_manual_create" model="res.groups">
        <field name="name">Create</field>
        <field name="category_id" ref="module_prakruti_gate_pass_manual"/>
    </record>

    <record id="group_prakruti_gate_pass_manual_delete" model="res.groups">
        <field name="name">Delete</field>
        <field name="category_id" ref="module_prakruti_gate_pass_manual"/>
    </record>
    
    
    
        
    <!-- ACCESS RIGHTS FOR PRAKRUTI STOCK ADJUSTMENTS-->
        
  <record model="ir.module.category" id="module_prakruti_stock_adjustments">
        <field name="name">Prakruti Stock Adjustments</field>
        <field name="description">Prakruti Stock Adjustments</field>
        <field name="sequence">1</field>
    </record>
    
    <record id="group_prakruti_stock_adjustments_read_only" model="res.groups">
        <field name="name">Read</field>
        <field name="category_id" ref="module_prakruti_stock_adjustments"/>
    </record>
    
    <record id="group_prakruti_stock_adjustments_edit" model="res.groups">
        <field name="name">Edit</field>
        <field name="category_id" ref="module_prakruti_stock_adjustments"/>
    </record>
    
    <record id="group_prakruti_stock_adjustments_create" model="res.groups">
        <field name="name">Create</field>
        <field name="category_id" ref="module_prakruti_stock_adjustments"/>
    </record>
    
    <record id="group_prakruti_stock_adjustments_delete" model="res.groups">
        <field name="name">Delete</field>
        <field name="category_id" ref="module_prakruti_stock_adjustments"/>
    </record>
    
    
    
    
    
    
<!--   PRODUCT GROUP   -->
    
    
     <record model="ir.module.category" id="module_prakruti_product_group">
        <field name="name">Product Group</field>
        <field name="description">Prakruti Product</field>
        <field name="sequence">20</field>
      </record>
      
      
    
    <record id="group_prakruti_product_group_user_readonly" model="res.groups">
        <field name="name">Read</field>
        <field name="category_id" ref="module_prakruti_product_group"/>
    </record>
    
    
     <record id="group_prakruti_product_group_user_create" model="res.groups">
        <field name="name">Create</field>
        <field name="category_id" ref="module_prakruti_product_group"/>
    </record>
    
    
    <record id="group_prakruti_product_group_user_edit" model="res.groups">
        <field name="name">Edit</field>
        <field name="category_id" ref="module_prakruti_product_group"/>
    </record>
    
    <record id="group_prakruti_product_group_user_delete" model="res.groups">
        <field name="name">Delete</field>
        <field name="category_id" ref="module_prakruti_product_group"/>
    </record>
    
    
</data>
</openerp>
