<?xml version="1.0" encoding="utf-8"?>
<odoo>
    <data noupdate="1">

        <!--Email template -->
        <record id="email_template_edi_sale" model="mail.template">
            <field name="name">Sales Order - Send by Email</field>
            <field name="email_from">${(object.user_id.email and '%s &lt;%s&gt;' % (object.user_id.name, object.user_id.email) or '')|safe}</field>
            <field name="subject">${object.company_id.name} ${object.state in ('draft', 'sent') and 'Quotation' or 'Order'} (Ref ${object.name or 'n/a' })</field>
            <field name="partner_to">${object.partner_invoice_id.id}</field>
            <field name="model_id" ref="sale.model_sale_order"/>
            <field name="auto_delete" eval="True"/>
            <field name="report_template" ref="report_sale_order"/>
            <field name="report_name">${(object.name or '').replace('/','_')}_${object.state == 'draft' and 'draft' or ''}</field>
            <field name="lang">${object.partner_id.lang}</field>
            <field name="body_html"><![CDATA[
<div style="font-family: 'Lucida Grande', Ubuntu, Arial, Verdana, sans-serif; font-size: 12px; color: rgb(34, 34, 34); background-color: #FFF; ">

    <p>Hello ${object.partner_id.name},</p>
    
    <p>Here is your ${object.state in ('draft', 'sent') and 'quotation' or 'order confirmation'} from ${object.company_id.name}: </p>

    <p style="border-left: 1px solid #8e0000; margin-left: 30px;">
       &nbsp;&nbsp;<strong>REFERENCES</strong><br />
       &nbsp;&nbsp;Order number: <strong>${object.name}</strong><br />
       &nbsp;&nbsp;Order total: <strong>${object.amount_total} ${object.pricelist_id.currency_id.name}</strong><br />
       &nbsp;&nbsp;Order date:  ${format_tz(object.date_order, tz=user.tz, context={'lang':object.partner_id.lang})} <br />
       % if object.origin:
       &nbsp;&nbsp;Order reference: ${object.origin}<br />
       % endif
       % if object.client_order_ref:
       &nbsp;&nbsp;Your reference: ${object.client_order_ref}<br />
       % endif
       % if object.user_id:
       &nbsp;&nbsp;Your contact: <a href="mailto:${object.user_id.email or ''}?subject=Order%20${object.name}">${object.user_id.name}</a>
       % endif
    </p>

    % if object.paypal_url:
    <br/>
    <p>It is also possible to directly pay with Paypal:</p>
        <a style="margin-left: 120px;" href="${object.paypal_url}">
            <img class="oe_edi_paypal_button" src="/sale/static/img/btn_paynowcc_lg.gif"/>
        </a>
    % endif

    <br/>
    <p>If you have any question, do not hesitate to contact us.</p>
    <p>Thank you for choosing ${object.company_id.name or 'us'}!</p>
    <br/>
    <br/>
    <div style="width: 375px; margin: 0px; padding: 0px; background-color: #8E0000; border-top-left-radius: 5px 5px; border-top-right-radius: 5px 5px; background-repeat: repeat no-repeat;">
        <h3 style="margin: 0px; padding: 2px 14px; font-size: 12px; color: #DDD;">
            <strong style="text-transform:uppercase;">${object.company_id.name}</strong></h3>
    </div>
    <div style="width: 347px; margin: 0px; padding: 5px 14px; line-height: 16px; background-color: #F2F2F2;">
        <span style="color: #222; margin-bottom: 5px; display: block; ">
            ${object.company_id.partner_id.sudo().with_context(show_address=True, html_format=True).name_get()[0][1] | safe}
        </span>
        % if object.company_id.phone:
            <div style="margin-top: 0px; margin-right: 0px; margin-bottom: 0px; margin-left: 0px; padding-top: 0px; padding-right: 0px; padding-bottom: 0px; padding-left: 0px; ">
                Phone:&nbsp; ${object.company_id.phone}
            </div>
        % endif
        % if object.company_id.website:
            <div>
                Web :&nbsp;<a href="${object.company_id.website}">${object.company_id.website}</a>
            </div>
        %endif
        <p></p>
    </div>
</div>
            ]]></field>
        </record>

    </data>
</odoo>
