<?xml version="1.0" encoding="utf-8"?>
<openerp>
    <data>
    <record id="view_prakruti_debit_note_tree" model="ir.ui.view">
            <field name="name">Debit Note Tree</field>
            <field name="model">prakruti.debit.note</field>
            <field name="arch" type="xml">
                <tree string="Debit Note">
                    <field name="debit_note_no"/>
                    <field name="debit_date"/>
                    <field name="return_id"/>
                    <field name="vendor_id"/>
                    <field name="subtotal"/>
                </tree>
            </field>
        </record>
     <record model="ir.ui.view" id="view_prakruti_debit_note_pivot">
            <field name="name">prakruti.debit.note.pivot</field>
            <field name="model">prakruti.debit.note</field>
            <field name="arch" type="xml">
                <pivot string=" Material Outward " display_quantity="True">
                    <field name="vendor_id" type="row"/>
                    <field name="return_id"/>
                </pivot>
            </field>
        </record>
        
        <record id="view_prakruti_debit_note_form" model="ir.ui.view">
            <field name="name">Debit Note Form</field>
            <field name="model">prakruti.debit.note</field>
            <field name="arch" type="xml">
                <form string="Debit Note">
                         <header>                   
                             <button name="to_ha" string="To HA" type="object" attrs="{'invisible':[('ha_flag', '=', 1)]}"/>
                         </header>
                        <group invisible="True">
                            <field name='note_no'/> 
                            <field name='auto_no'/> 
                            <field name='req_no_control_id'/>
                        </group>
                        <field name='flag_display_product' invisible= "True"/>
                        <field name='flag_delete_product' invisible= "True"/>
                        <field name='ha_flag' invisible= "True"/>
                            <div class="oe_title">
                                <label for="return_id" string="Select Return:"/>
                                <h1><field name="return_id" placeholder="Select Here" on_change="onchange_return_id(return_id)" options="{'no_open': True, 'no_create': True}"/></h1>
                            </div>
                        <group string="Information" colspan="2" col="4">
                            <field name="debit_note_no"/>
                            <field name="debit_date" attrs="{'readonly':[('ha_flag', '=', 1)]}"/>
                            <field name="vendor_id" options="{'no_open': True, 'no_create': True}" attrs="{'readonly':[('ha_flag', '=', 1)]}"/>
                            <field name="po_no" attrs="{'readonly':[('ha_flag', '=', 1)]}"/>
                            <field name="order_date" attrs="{'readonly':[('ha_flag', '=', 1)]}"/>
                        </group>
                    <button name="action_list_products"  string="List" type="object" attrs="{'invisible':[('flag_display_product', '=', 1)]}"/>
                    <button name="action_delete_products"  string="Delete" type="object" attrs="{'invisible':[('flag_delete_product', '=', 1)]}"/>
                        <notebook>
                            <page string="Product Info.">
                                <field name="order_line" attrs="{'readonly':[('ha_flag', '=', 1)]}">
                                    <tree editable='bottom' create= "false">
                                        <field name="product_id" options='{"no_open": True, "no_create": True}' />
                                        <field name="uom_id" options='{"no_open": True, "no_create": True}'/>
                                        <field name="return_qty"/>
                                        <field name="unit_price"/>
                                        <field name='total'/>
                                    </tree>                       
                                </field>
                                <group>
                                    <group class="oe_subtotal_footer oe_right">
                                        <field name='subtotal'/> 
                                    </group>
                                </group>
                                <page string="Other Details">
                                    <field name="notes"/>
                                </page>
                            </page>
                        </notebook>
                </form>
            </field>
        </record>
        
        <record id="action_prakruti_debit_note_form" model="ir.actions.act_window">
            <field name="name">Debit Note</field>
            <field name="res_model">prakruti.debit.note</field>
            <field name="view_type">form</field>
            <field name="view_mode">tree,form,pivot</field>
        </record>
        
        <menuitem  name="Debit Note"  action="action_prakruti_debit_note_form" id="menu_action_prakruti_debit_note_form_1" parent="prakruti_credit_note_main_sub_menu" sequence="2" groups="group_prakruti_debit_note_read_only,group_prakruti_debit_note_edit,group_prakruti_debit_note_create,group_prakruti_debit_note_delete"
                  />
        
       
        
    </data>
</openerp>