<?xml version="1.0" encoding="utf-8"?>
<openerp>
    <data>
    <record id="view_prakruti_debit_note_ha_tree" model="ir.ui.view">
            <field name="name">Debit Note HA Tree</field>
            <field name="model">prakruti.debit.note.ha</field>
            <field name="arch" type="xml">
                <tree string="Debit Note HA" create="false">
                    <field name="debit_note_no"/>
                    <field name="debit_date"/>
                    <field name="return_id"/>
                    <field name="vendor_id"/>
                    <field name="subtotal"/>
                </tree>
            </field>
        </record>
     <record model="ir.ui.view" id="view_prakruti_debit_note_ha_pivot">
            <field name="name">prakruti.debit.note.ha.pivot</field>
            <field name="model">prakruti.debit.note.ha</field>
            <field name="arch" type="xml">
                <pivot string=" Material Outward " display_quantity="True">
                    <field name="vendor_id" type="row"/>
                    <field name="return_id"/>
                </pivot>
            </field>
        </record>
        
        <record id="view_prakruti_debit_note_ha_form" model="ir.ui.view">
            <field name="name">Debit Note HA Form</field>
            <field name="model">prakruti.debit.note.ha</field>
            <field name="arch" type="xml">
                <form string="Debit Note" create="false">
                            <div class="oe_title">
                                <label for="return_id" string="Return No:" />
                                <h1><field name="return_id" options="{'no_open': True, 'no_create': True}" readonly="True"/></h1>
                            </div>
                        <group string="Information" colspan="2" col="4">
                            <field name="debit_note_no"/>
                            <field name="debit_date" readonly="True"/>
                            <field name="vendor_id" options="{'no_open': True, 'no_create': True}" readonly="True"/>
                        </group>
                        <notebook>
                            <page string="Product Info.">
                                <field name="order_line">
                                    <tree editable='bottom' create= "false" delete="false">
                                        <field name="product_id" options='{"no_open": True, "no_create": True}' readonly="True"/>
                                        <field name="uom_id" options='{"no_open": True, "no_create": True}' readonly="True"/>
                                        <field name="return_qty"/>
                                        <field name="unit_price"/>
                                        <field name='total'/>
                                       
                                    </tree>                       
                                </field>
                                <group>
                                    <group class="oe_subtotal_footer oe_right">
                                        <field name='subtotal'/> 
                                       
                                    </group>
                                </group>
                                <page string="Other Details">
                                    <field name="notes"/>
                                </page>
                            </page>
                        </notebook>
                </form>
            </field>
        </record>
        
        <record id="action_prakruti_debit_note_ha_form" model="ir.actions.act_window">
            <field name="name">Debit Note HA</field>
            <field name="res_model">prakruti.debit.note.ha</field>
            <field name="view_type">form</field>
            <field name="view_mode">tree,form,pivot</field>
        </record>
        
        
        
        <menuitem  name="Debit Note HA"  action="action_prakruti_debit_note_ha_form" id="menu_action_prakruti_debit_note_ha_form_1" parent="prakruti_credit_note_main_sub_menu" sequence="3" groups="group_prakruti_debit_note_ha_delete,group_prakruti_debit_note_ha_create,group_prakruti_debit_note_ha_edit,group_prakruti_debit_note_ha_read_only"/>
        
       
        
    </data>
</openerp>