id,name,model_id:id,group_id:id,perm_read,perm_write,perm_create,perm_unlink

access_prakruti_gm_report,report_access_prakruti_gm_report,model_prakruti_gm_report,prakruti_dashboard.group_prakruti_dashboard_report_permissions_management,1,0,0,0
access_prakruti_store_report,report_access_prakruti_store_report,model_prakruti_store_report,prakruti_dashboard.group_prakruti_dashboard_report_permissions_management,1,0,0,0

access_prakruti_purchase_report,report_access_prakruti_purchase_report,model_prakruti_purchase_report,prakruti_dashboard.group_prakruti_dashboard_report_permissions_management,1,0,0,0
access_prakruti_sales_report,report_access_prakruti_sales_report,model_prakruti_sales_report,prakruti_dashboard.group_prakruti_dashboard_report_permissions_management,1,0,0,0

access_prakruti_quality_report,report_access_prakruti_quality_report,model_prakruti_quality_report,prakruti_dashboard.group_prakruti_dashboard_report_permissions_management,1,0,0,0

