<?xml version="1.0" encoding="utf-8"?>
<openerp>
<data noupdate="0">    
    
    <record model="ir.module.category" id="report_prakruti_dashboard_readonly_permissions_management">
        <field name="name">Dashboard</field>
        <field name="description">Dashboard</field>
    </record>
    
      <record id="group_prakruti_dashboard_report_permissions_management" model="res.groups">
        <field name="name">Read</field>
        <field name="category_id" ref="report_prakruti_dashboard_readonly_permissions_management"/>
    </record>
    
   
</data>
</openerp>
