<?xml version="1.0" encoding="utf-8"?>
<openerp>
    <data noupdate="1">
        <!-- After installation of the module, open the related menu -->
        <record id="action_client_mrp_menu" model="ir.actions.client">
            <field name="name">Open MRP Menu</field>
            <field name="tag">reload</field>
            <field name="params" eval="{'menu_id': ref('base.menu_mrp_root')}"/>
        </record>
        <record id="base.open_menu" model="ir.actions.todo">
            <field name="action_id" ref="action_client_mrp_menu"/>
            <field name="state">open</field>
        </record>
    </data>
    <data>
        <record id="view_mrp_config" model="ir.ui.view">
            <field name="name">mrp settings</field>
            <field name="model">mrp.config.settings</field>
            <field name="arch" type="xml">
                <form string="Configure Manufacturing" class= "oe_form_configuration">
                    <header>
                        <button string="Apply" type="object" name="execute" class="oe_highlight"/>
                        <button string="Cancel" type="object" name="cancel" class="oe_link"/>
                    </header>
                    <group string="Manufacturing Order">
                        <field name="group_product_variant" widget="radio"/>
                        <field name="module_mrp_byproduct" widget="radio"/>
                        <field name="group_mrp_routings" widget="radio"/>
                        <field name="module_mrp_operations" widget="radio"/>
                    </group>
                    <group string="Master Data">
                        <field name="group_rounding_efficiency" widget="radio"/>
                    </group>
                </form>
            </field>
        </record>
        <record id="action_mrp_configuration" model="ir.actions.act_window">
            <field name="name">Configure Manufacturing</field>
            <field name="type">ir.actions.act_window</field>
            <field name="res_model">mrp.config.settings</field>
            <field name="view_mode">form</field>
            <field name="target">inline</field>
        </record>

        <menuitem id="base.menu_mrp_config" name="Settings" parent="menu_mrp_configuration"
            sequence="0" action="action_mrp_configuration" groups="base.group_configuration"/>
    </data>
</openerp>
