<?xml version="1.0" encoding="utf-8"?>
<openerp>
 <data>
        <record model="ir.ui.view" id="view_prakruti_production_transfer_note_qc_search">
            <field name="name">prakruti.production_transfer_note_qc.search</field>
            <field name="model">prakruti.production_transfer_note_qc</field>
            <field name="arch" type="xml">
                <search string="Product Wise Search">
                   
                    <field name="ptn_no"/>
                    <field name="qc_date"/>
                    <field name="batch_no"/>
                    <field name="checked_by"/>
                </search>
            </field>
        </record>
        <record model="ir.ui.view" id="view_prakruti_production_transfer_note_qc_form">
            <field name="name">prakruti.production_transfer_note_qc.form</field>
            <field name="model">prakruti.production_transfer_note_qc</field>
            <field name="arch" type="xml">
                <form string="Prakruti PTN Information" create= "false">
                     <sheet>
                        <header position="inside">  
                                <button name="action_to_inward" string= "Done" type="object" attrs="{'invisible':[('state','in',('qc_check_done','approved','rejected','to_ha'))]}" />
                                <button name="action_to_ha" string="HA" type="object" attrs="{'invisible':[('flag_count_reject','!=',2)]}"   />
                                 <field name= "state" widget='statusbar'/>
                       </header>
                        <group>
                            <group colspan="2" col='4'>
                                <field name="ptn_no"/>
                                <field name="qc_date"/>
                                <field name="batch_no" options="{'no_create': True, 'no_open': True, 'no_create_edit' : True}"/>
                                <field name="checked_by" options="{'no_create': True, 'no_open': True, 'no_create_edit' : True}"/>
                                <field name='flag_count_reject' invisible="True"/>
                             </group>
                           
                              <notebook colspan="2"> 
                                <page  string="Product Details" create= "false">
                                    <field name='grid_id'/>
                                </page>
                               
                            </notebook>
                        </group>
                     </sheet>
                </form>
            </field>
        </record>
    
     
        <!-- Tree view of Prakruti PTN Information -->
        <record model="ir.ui.view" id="view_prakruti_production_transfer_note_qc_tree">
            <field name="name">prakruti.production_transfer_note_qc.tree</field>
            <field name="model">prakruti.production_transfer_note_qc</field>
            <field name="arch" type="xml">
                <tree string="Prakruti store request Information" create= "false">
                   
                    <field name="ptn_no"/>
                    <field name="qc_date"/>
                    <field name="batch_no"/>
                    <field name="checked_by"/>
                </tree>
            </field>
        </record>
	
        
        
         <record model="ir.ui.view" id="view_prakruti_production_transfer_note_qc_line_tree">
            <field name="name">prakruti.production_transfer_note_qc_line.tree</field>
            <field name="model">prakruti.production_transfer_note_qc_line</field>
            <field name="arch" type="xml">
                <tree string="Prakruti Production Transfer Note QC Line " editable='bottom' create= 'false'>
                    <field name="product_id" options="{'no_create': True, 'no_open': True, 'no_create_edit' : True}"/>
                    <field name="uom_id" options="{'no_create': True, 'no_open': True, 'no_create_edit' : True}"/>
                    <field name="description"/>
                    <field name="specification_id" domain="[('product_id','=','product_id')]" options="{'no_create': True, 'no_open': True, 'no_create_edit' : True}"/>
                    <field name="ar_id" options="{'no_create': True, 'no_open': True, 'no_create_edit' : True}"  domain="[('specification_id','=',specification_id)]"/>
                    <field name="mrg_quantity"/>
                    <field name="accepted_qty" />
                    <field name="rejected_qty" />
                    <field name="qc_status" />
                    <field name="test_result"/>
                    <field name="remarks"/>
                    <field name="common_inward_line_id" invisible="True"/>
                    <field name="main_id" invisible="True"/>
                </tree>
            </field>
        </record>
        
        
        
     <record model="ir.ui.view" id="view_prakruti_production_transfer_note_qc_pivot">
            <field name="name">prakruti.production_transfer_note_qc.pivot</field>
            <field name="model">prakruti.production_transfer_note_qc</field>
            <field name="arch" type="xml">
                <pivot string=" Prakruti PTN" display_quantity="True">
                    <field name="batch_no" type="row"/>
                </pivot>
            </field>
        </record>
        

        <!-- Action for Prakruti store  request Information -->
        <record model="ir.actions.act_window" id="prakruti_production_transfer_note_qc_action">
            <field name="name">Prakruti PTN</field>
            <field name="res_model">prakruti.production_transfer_note_qc</field>
            <field name="view_type">form</field>
            <field name="view_mode">tree,form,pivot</field>
        </record>
	
	
        
        <menuitem name="Production Inward" id="prakruti_production_quality_control_sub_menu" parent="prakruti.prakruti_quality_control_main_menu" sequence="3" />	
	<menuitem name="Production Inward QC" id="prakruti_production_transfer_note_qc_menu"
            action="prakruti_production_transfer_note_qc_action" sequence="1"
                  parent="prakruti_production_quality_control_sub_menu"  groups="group_prakruti_production_transfer_note_qc_read_only,group_prakruti_production_transfer_note_qc_create,group_prakruti_production_transfer_note_qc_edit,group_prakruti_production_transfer_note_qc_delete"/>   

        <!--==== END Prakruti store  request  Information ==== -->
   

</data>
</openerp>
