<?xml version="1.0" encoding="utf-8"  ?>
<openerp>
 <data>
        <record model="ir.ui.view" id="view_prakruti_production_search">
            <field name="name">prakruti.production.search</field>
            <field name="model">prakruti.production</field>
            <field name="arch" type="xml">
                <search string="Product Wise Search">
                    <field name ="subplant_id"/>
                    <field name ="batch_id"/>
                    <field name ="batch_size" />
                    <field name ="batch_allocation_date" />
                    <field name ="batch_end_date" />
                    <field name ="production_date"/>
                    <field name ="category_type"/>
                    <field name ='status'/>
                </search>
            </field>
        </record>
     <!-- FORM VIEW PRODUCTION -->
     <record model="ir.ui.view" id="view_prakruti_production_form">
        <field name="name">Production</field>
        <field name="model">prakruti.production</field>
        <field name="arch" type="xml">
            <form string="Production" >
                <header>
                    <field name='status' widget='statusbar'/>
                </header>
                <group>
                    <field name ='production_name' invisible="True"/>
                        <field name ="bmr_no" invisible="True"/>
<!--                     <field name ='extraction_production' invisible="True"/> -->
                </group>
                <button name="allocate_batch_no" string="Allocate the Batch" type="object" attrs="{'invisible':[('status', '=', 'batch_alloted')]}" class="oe_highlight"/>
                <group colspan="4" col="4">
                    <field name ="subplant_id"  options="{'no_create': True, 'no_open': True, 'no_create_edit' : True}" domain="['&amp;',('plant_type','=','extraction'),('plant_allocated_flag','=',0)]" attrs="{'readonly':[('status', '=', 'batch_alloted')]}"/>
                    <field name ="batch_id" on_change="onchange_batch_id(batch_id)" domain="['&amp;',('batch_allocated_flag','=',0),('subplant_id','=',subplant_id)]" options="{'no_create': True, 'no_open': True, 'no_create_edit' : True}" attrs="{'readonly':[('status', '=', 'batch_alloted')]}"/>
                    <field name ="batch_size" attrs="{'readonly':[('status', '=', 'batch_alloted')]}"/>
                    <field name ="batch_allocation_date" attrs="{'readonly':[('status', '=', 'batch_alloted')]}"/>
                    <field name ="batch_end_date" attrs="{'readonly':[('status', '=', 'batch_alloted')]}"/>
                    <field name ="production_date" attrs="{'readonly':[('status', '=', 'batch_alloted')]}"/>
                    <field name ="category_type" attrs="{'readonly':[('status', '=', 'batch_alloted')]}"/>
                    <field name ="created_by" options="{'no_create': True, 'no_open': True, 'no_create_edit' : True}"/>
                    <field name ="total_output_yeild"/>
                    <field name ="pulverisation" invisible="True" />
                    <field name ="extraction_new" invisible="True"/>
                    <field name ="precipitation" invisible="True"/>
                    <field name ="bleaching" invisible="True"/>
                    <field name ="filtration" invisible="True"/>
                    <field name ="concentration" invisible="True"/>
                    <field name ="evaporation" invisible="True" />
                    <field name ="spent_cooling_unloading" invisible="True"/>
                    <field name ="maturation_crystalization"  invisible="True"/>
                    <field name ="stirring" invisible="True"/>
                    <field name ="water_striiping_chart" invisible="True"/>
                    <field name ="charcolisation_chart" invisible="True" />
                    <field name ="spray_drying_chart" invisible="True"/>
                    <field name ="drying_chart" invisible="True" />
                    <field name ="milling" invisible="True" />
                    <field name ="sieving" invisible="True" />
                    <field name ="magnetic_particle_seperation" invisible="True"/>
                    <field name ="blending" invisible="True"/>
                    <field name ="heat_sterilization" invisible="True"/>
                    <field name ="spent_stripping" invisible="True"/>
                </group>
                
                <separator string ='Pulverization' attrs="{'invisible':[('pulverisation', '=', 'no')]}"/>
                <field name='pulverization_production_id' attrs="{'invisible':[('pulverisation', '=', 'no')]}"/>
            
                <separator string ='Extraction'  attrs="{'invisible':[('extraction_new', '=', 'no')]}"/>
                <field name='extraction_production_id' attrs="{'invisible':[('extraction_new', '=', 'no')]}"/>
               
                <separator string ='Precipitation'  attrs="{'invisible':[('precipitation', '=', 'no')]}"/>
                <field name='precipitation_production_id' attrs="{'invisible':[('precipitation', '=', 'no')]}"/>
                
                <separator string ='Bleaching'  attrs="{'invisible':[('bleaching', '=', 'no')]}"/>
                <field name='bleaching_production_id' attrs="{'invisible':[('bleaching', '=', 'no')]}"/>
                
                <separator string ='Filtration'  attrs="{'invisible':[('filtration', '=', 'no')]}"/>
                <field name='filtration_production_id' attrs="{'invisible':[('filtration', '=', 'no')]}"/>
               
                <separator string ='Concentration' attrs="{'invisible':[('concentration', '=', 'no')]}"/>
                <field name='concentration_production_id' attrs="{'invisible':[('concentration', '=', 'no')]}"/>
                <group  class="oe_subtotal_footer oe_right">
                    <field name ="total_extract_charged" attrs="{'invisible':[('concentration', '=', 'no')]}"/>
                    <field name ="total_semi_concentrate" attrs="{'invisible':[('concentration', '=', 'no')]}"/>
                    <field name ="total_solvent_recovered" attrs="{'invisible':[('concentration', '=', 'no')]}"/>
                </group>
                
                <separator string ='Evaporation' attrs="{'invisible':[('evaporation', '=', 'no')]}"/>
                <field name='evaporation_production_id' attrs="{'invisible':[('evaporation', '=', 'no')]}"/>
                
                <group  class="oe_subtotal_footer oe_right">
                    <field name ="total_extract_charged_eve" attrs="{'invisible':[('evaporation', '=', 'no')]}"/>
                    <field name ="total_semi_concentrate_eve" attrs="{'invisible':[('evaporation', '=', 'no')]}"/>
                    <field name ="total_solvent_recovered_eve" attrs="{'invisible':[('evaporation', '=', 'no')]}"/>
                </group>
                
                <separator string ='Spent Stripping &amp; Purging' attrs="{'invisible':[('spent_stripping', '=', 'no')]}"/>
                <field name='stripping_production_id' attrs="{'invisible':[('spent_stripping', '=', 'no')]}"/>
                
                <separator string ='Spent Cooling &amp; Unloading' attrs="{'invisible':[('spent_cooling_unloading', '=', 'no')]}"/>
                <field name='cooling_production_id' attrs="{'invisible':[('spent_cooling_unloading', '=', 'no')]}"/>
                
                <separator string ='Maturation &amp; Crystalization' attrs="{'invisible':[('maturation_crystalization', '=', 'no')]}"/>
                <field name='maturation_production_id' attrs="{'invisible':[('maturation_crystalization', '=', 'no')]}"/>
                
                <separator string ='Other Extraction' attrs="{'invisible':[('stirring', '=', 'no')]}"/>
                <field name='stirring_production_id' attrs="{'invisible':[('stirring', '=', 'no')]}"/>
                
                <separator string ='Water Stripping Chart'  attrs="{'invisible':[('water_striiping_chart', '=', 'no')]}"/>
                <field name='water_stripping_production_id' attrs="{'invisible':[('water_striiping_chart', '=', 'no')]}"/>
                
                <separator string ='Charcolization Chart'  attrs="{'invisible':[('charcolisation_chart', '=', 'no')]}"/>
                <field name='charcolization_production_id' attrs="{'invisible':[('charcolisation_chart', '=', 'no')]}"/> 
               
                <separator string ='Spray Drying' attrs="{'invisible':[('spray_drying_chart', '=', 'no')]}"/>
                <field name='spray_production_id' attrs="{'invisible':[('spray_drying_chart', '=', 'no')]}"/>
               
                
                <separator string ='Drying' attrs="{'invisible':[('drying_chart', '=', 'no')]}"/>
                <field name='extraction_drying_id' attrs="{'invisible':[('drying_chart', '=', 'no')]}"/>
                
                <separator string ='Milling' attrs="{'invisible':[('milling', '=', 'no')]}"/>
                <field name='milling_production_id' attrs="{'invisible':[('milling', '=', 'no')]}"/>
                  <group  class="oe_subtotal_footer oe_right">
                        <field name ="total_input_qty" attrs="{'invisible':[('milling', '=', 'no')]}"/>
                        <field name ="total_output_qty" attrs="{'invisible':[('milling', '=', 'no')]}"/>
                        
                </group>

                <separator string ='Sieving' attrs="{'invisible':[('sieving', '=', 'no')]}"/>
                <field name='sieving_production_id' attrs="{'invisible':[('sieving', '=', 'no')]}"/>
                  <group  class="oe_subtotal_footer oe_right">
                        <field name ="total_input_qty_si" attrs="{'invisible':[('sieving', '=', 'no')]}"/>
                        <field name ="total_output_qty_si" attrs="{'invisible':[('sieving', '=', 'no')]}"/>
                        
                </group>
                
                <separator string ='Magnetic Particle Separation' attrs="{'invisible':[('magnetic_particle_seperation', '=', 'no')]}"/>
                <field name='magnetic_production_id' attrs="{'invisible':[('magnetic_particle_seperation', '=', 'no')]}"/>
                  <group class="oe_subtotal_footer oe_right">
                        <field name ="total_input_qty_ms" attrs="{'invisible':[('magnetic_particle_seperation', '=', 'no')]}"/>
                        <field name ="total_output_qty_ms" attrs="{'invisible':[('magnetic_particle_seperation', '=', 'no')]}"/>
                </group>
                
                <separator string ='Blending' attrs="{'invisible':[('blending', '=', 'no')]}"/>
                <field name='blending_production_id' attrs="{'invisible':[('blending', '=', 'no')]}"/>
                  <group class="oe_subtotal_footer oe_right">
                        <field name ="total_input_qty_bl" attrs="{'invisible':[('blending', '=', 'no')]}"/>
                        <field name ="total_output_qty_bl" attrs="{'invisible':[('blending', '=', 'no')]}"/>
                </group>
                
                <separator string ='Heat Sterilization' attrs="{'invisible':[('heat_sterilization', '=', 'no')]}"/>
                <field name='sterilization_production_id' attrs="{'invisible':[('heat_sterilization', '=', 'no')]}"/>
                  <group class="oe_subtotal_footer oe_right">
                        <field name ="total_input_qty_hs" attrs="{'invisible':[('heat_sterilization', '=', 'no')]}"/>
                        <field name ="total_output_qty_hs" attrs="{'invisible':[('heat_sterilization', '=', 'no')]}"/>
                </group>
                
                 <separator string ='Packing' />
                <field name='packing_production_id' />
             
                <separator string ='Break Down'/>
                <field name='breakdown_production_id'/>
                
                <separator string ='Remarks'/>
                <field name='remarks'/>
                
            </form>
        </field>
    </record>
    
     <!-- TREE VIEW PRODUCTION -->
    <record model="ir.ui.view" id="view_prakruti_production_tree">
            <field name="name">Production</field>
            <field name="model">prakruti.production</field>
            <field name="arch" type="xml">
                <tree string="Production"   >
                    <field name ="subplant_id"/>
                    <field name ="batch_id"/>
                    <field name ="batch_size" />
                    <field name ="batch_allocation_date" />
                    <field name ="batch_end_date" />
                    <field name ="production_date"/>
                    <field name ="category_type"/>
                    <field name ='status'/>
                </tree>
            </field>
        </record>   
        
        <!-- TREE VIEW PULVERIZATION -->
    <record model="ir.ui.view" id="view_prakruti_pulverization_tree">
            <field name="name">Pulverization</field>
            <field name="model">prakruti.production_pulverization</field>
            <field name="arch" type="xml">
                <tree string="Pulverization" editable="bottom"   >
                    <field name ="process_id"/>
                    <field name ="std_time" widget='float_time'/>
                    <field name ="shift_id" options="{'no_create': True, 'no_open': True, 'no_create_edit' : True}"/>

                    <field name ="qty_charge_pulverizer"/>
                    <field name ="start_time"/>
                    <field name ="end_time" />
                    <field name ="qty_powder"/>
                    <field name ="done_by"  options="{'no_create': True, 'no_open': True, 'no_create_edit' : True}"/>
                    <field name ="checked_by"  options="{'no_create': True, 'no_open': True, 'no_create_edit' : True}"/>
                    <field name ="remarks"/>
                </tree>
            </field>
        </record>   
        
    <!-- TREE VIEW EXTRACTION-->
    <record model="ir.ui.view" id="view_prakruti_extraction_tree">
            <field name="name">Extraction</field>
            <field name="model">prakruti.production_extraction</field>
            <field name="arch" type="xml">
                <tree string="Extraction" editable="bottom"   >
                    <field name ="process_id"/>
                    <field name ="std_time" widget='float_time'/>
                    <field name ="shift_id" options="{'no_create': True, 'no_open': True, 'no_create_edit' : True}"/>
                    <field name ="equipment"   options="{'no_create': True, 'no_open': True, 'no_create_edit' : True}" />
                    <field name ="ext_no"/>
                    <field name ="from_time"/>
                    <field name ="to_time"/>
                    <field name ="fresh"/>
                    <field name ="recd"/>
                    <field name ="counter_current_ext_no"/>
                    <field name ="qty"/>
                    <field name ="total"/>
                    <field name ="extract_qty_ltr"/>
                    <field name ="tds_per"/>
               <!--     <field name ="ar_no"/>-->
                    <field name ="done_by"  options="{'no_create': True, 'no_open': True, 'no_create_edit' : True}"/>
                    <field name ="checked_by" options="{'no_create': True, 'no_open': True, 'no_create_edit' : True}"/>
                    <field name ="remarks"/>
                </tree>
            </field>
        </record> 
        
     <!-- TREE VIEW PRECIPITATION-->
    <record model="ir.ui.view" id="view_prakruti_precipitation_tree">
            <field name="name">Precipitation</field>
            <field name="model">prakruti.production_precipitation</field>
            <field name="arch" type="xml">
                <tree string="Precipitation" editable="bottom"   >
                    <field name ="process_id"/>
                    <field name ="std_time" widget='float_time'/>
                    <field name ="shift_id" options="{'no_create': True, 'no_open': True, 'no_create_edit' : True}"/>
                    <field name ="extract_charged" />
                    <field name ="precipitation_start" />
                    <field name ="precipitation_end"  />
                    <field name ="ph_value"/>
                    <field name ="consumable"/>
                    <field name ="filtration_start" />
                    <field name ="filtration_end" />
                    <field name ="done_by"  options="{'no_create': True, 'no_open': True, 'no_create_edit' : True}"/>
                    <field name ="checked_by" options="{'no_create': True, 'no_open': True, 'no_create_edit' : True}"/>
                    <field name ="remarks"/>
                </tree>
            </field>
        </record> 
        
        
    <!-- TREE VIEW BLEACHING-->
    <record model="ir.ui.view" id="view_prakruti_bleaching_tree">
            <field name="name">Bleaching</field>
            <field name="model">prakruti.production_bleaching</field>
            <field name="arch" type="xml">
                <tree string="Bleaching" editable="bottom"    >
                    <field name ="process_id"/>
                    <field name ="std_time" widget='float_time'/>
                    <field name ="shift_id" options="{'no_create': True, 'no_open': True, 'no_create_edit' : True}"/>
                    <field name ="heating_start_time"/>
                    <field name ="bleaching_agent_qty"/>
                    <field name ="bleaching_agent_name"/>
                    <field name ="temperature"/>
                    <field name ="heating_stop_time"/>
                    <field name ="cooling_start_time"/>
                    <field name ="cooling_end_time"/>
                    <field name ="done_by"  options="{'no_create': True, 'no_open': True, 'no_create_edit' : True}"/>
                    <field name ="checked_by" options="{'no_create': True, 'no_open': True, 'no_create_edit' : True}"/>
                    <field name ="remarks"/>
                </tree>
            </field>
        </record> 
        
        
    <!-- TREE VIEW FILTRATION-->
    <record model="ir.ui.view" id="view_prakruti_filtration_tree">
            <field name="name">Filtration</field>
            <field name="model">prakruti.production_filtration</field>
            <field name="arch" type="xml">
                <tree string="Filtration" editable="bottom"   >
                    <field name ="process_id"/>
                    <field name ="std_time" widget='float_time'/>
                    <field name ="shift_id" options="{'no_create': True, 'no_open': True, 'no_create_edit' : True}"/>
                    <field name ="no_of_filter_plates" />
                    <field name ="start_time"/>
                    <field name ="water_wash_start_time"/>
                    <field name ="water_wash_end_time"/>
                    <field name ="end_time"/>
                    <field name ="done_by"  options="{'no_create': True, 'no_open': True, 'no_create_edit' : True}"/>
                    <field name ="checked_by" options="{'no_create': True, 'no_open': True, 'no_create_edit' : True}"/>
                    <field name ="remarks"/>
                </tree>
            </field>
        </record> 
        
        
    <!-- TREE VIEW CONCENTRATION-->
    <record model="ir.ui.view" id="view_prakruti_concentration_tree">
            <field name="name">Concentration</field>
            <field name="model">prakruti.production_concentration</field>
            <field name="arch" type="xml">
                <tree string="Concentration" editable="bottom"    >
                    <field name ="process_id"/>
                    <field name ="std_time" widget='float_time'/>
                    <field name ="shift_id" options="{'no_create': True, 'no_open': True, 'no_create_edit' : True}"/>
                    <field name ="equipment_code"  options="{'no_create': True, 'no_open': True, 'no_create_edit' : True}"/>
                    <field name ="start_time"/>
                    <field name ="end_time"/>
                    <field name ="qty_charged_lts"/>
                    <field name ="temperature"/>
                    <field name ="qty_recovered_solvent"/>
                    <field name ="qty_concentrate_collected"/>
                    <field name ="done_by"  options="{'no_create': True, 'no_open': True, 'no_create_edit' : True}"/>
                    <field name ="checked_by" options="{'no_create': True, 'no_open': True, 'no_create_edit' : True}"/>
                    
                    
                    
                    <field name ="remarks" />
                </tree>
            </field>
        </record> 
        
    <!-- TREE VIEW EVAPORATION-->
    <record model="ir.ui.view" id="view_prakruti_evaporation_tree">
            <field name="name">Evaporation</field>
            <field name="model">prakruti.production_evaporation</field>
            <field name="arch" type="xml">
                <tree string="Evaporation" editable="bottom"   >
                    <field name ="process_id"/>
                    <field name ="std_time" widget='float_time'/>
                    <field name ="shift_id" options="{'no_create': True, 'no_open': True, 'no_create_edit' : True}"/>
                    <field name ="equipment_code" options="{'no_create': True, 'no_open': True, 'no_create_edit' : True}"/>
                    <field name ="start_time"/>
                    <field name ="end_time"/>
                    <field name ="qty_charged_lts"/>
                    <field name ="temperature"/>
                    <field name ="qty_recovered_solvent"/>
                    <field name ="qty_concentrate_collected"/>
                    <field name ="done_by"  options="{'no_create': True, 'no_open': True, 'no_create_edit' : True}"/>
                    <field name ="checked_by" options="{'no_create': True, 'no_open': True, 'no_create_edit' : True}"/>
                    
                    
                    <field name ="remarks"/>
                </tree>
            </field>
        </record> 
        
    <!-- TREE VIEW Spent Stripping & Purging-->
    <record model="ir.ui.view" id="view_prakruti_stripping_purging_tree">
            <field name="name">Spent Stripping &amp; Purging</field>
            <field name="model">prakruti.production_stripping_purging</field>
            <field name="arch" type="xml">
                <tree string="Spent Stripping &amp; Purging" editable="bottom"   >
                    <field name ="process_id"/>
                    <field name ="std_time" widget='float_time'/>
                    <field name ="shift_id" options="{'no_create': True, 'no_open': True, 'no_create_edit' : True}"/>
                    <field name ="stripping_start_time"/>
                    <field name ="stripping_end_time"/>
                    <field name ="purging_start_time"/>
                    <field name ="purging_end_time"/>
                    <field name ="done_by"  options="{'no_create': True, 'no_open': True, 'no_create_edit' : True}"/>
                    <field name ="checked_by" options="{'no_create': True, 'no_open': True, 'no_create_edit' : True}"/>
                    <field name ="remarks"/>
                </tree>
            </field>
        </record>
        
     <!-- TREE VIEW Spent Cooling & Unloading-->
    <record model="ir.ui.view" id="view_prakruti_coolind_unloading_tree">
            <field name="name">Spent Cooling &amp; Unloading</field>
            <field name="model">prakruti.production_cooling_unloading</field>
            <field name="arch" type="xml">
                <tree string="Spent Cooling &amp; Unloading" editable="bottom"   >
                    <field name ="process_id"/>
                    <field name ="std_time" widget='float_time'/>
                    <field name ="shift_id" options="{'no_create': True, 'no_open': True, 'no_create_edit' : True}"/>
                    <field name ="spent_cooling_start_time"/>
                    <field name ="spent_cooling_end_time"/>
                    <field name ="spent_unloading_start_time"/>
                    <field name ="spent_unloading_end_time"/>
                    <field name ="done_by"  options="{'no_create': True, 'no_open': True, 'no_create_edit' : True}"/>
                    <field name ="checked_by" options="{'no_create': True, 'no_open': True, 'no_create_edit' : True}"/>
                    <field name ="remarks"/>
                </tree>
            </field>
        </record>
        
        
     <!-- TREE VIEW Maturation & Crystalization-->
    <record model="ir.ui.view" id="view_prakruti_maturation_crystalization_tree">
            <field name="name">Maturation &amp; Crystalization</field>
            <field name="model">prakruti.production_maturation_crystalization</field>
            <field name="arch" type="xml">
                <tree string="Maturation &amp; Crystalization" editable="bottom"    >
                    <field name ="process_id"/>
                    <field name ="std_time" widget='float_time'/>
                    <field name ="shift_id"  options="{'no_create': True, 'no_open': True, 'no_create_edit' : True}" />
                    <field name ="weight_oleoresin" />
                    <field name ="volume_ethyl_added"/>
                    <field name ="volume_crystal_solvent"/>
                    <field name ="adding_mixing_start_time"/>
                    <field name ="adding_mixing_end_time"/>
                    <field name ="done_by"  options="{'no_create': True, 'no_open': True, 'no_create_edit' : True}"/>
                    <field name ="checked_by" options="{'no_create': True, 'no_open': True, 'no_create_edit' : True}"/>
                    <field name ="remarks"/>
                </tree>
            </field>
        </record> 
    
        
    <!-- TREE VIEW Stirring & Settling-->
    <record model="ir.ui.view" id="view_prakruti_stirring_settling_tree">
            <field name="name">Stirring &amp; Settling</field>
            <field name="model">prakruti.production_stirring_settling</field>
            <field name="arch" type="xml">
                <tree string="Stirring &amp; Settling" editable="bottom"    >
                    <field name ="process_id"/>
                    <field name ="std_time" widget='float_time'/>
                    <field name ="shift_id"  options="{'no_create': True, 'no_open': True, 'no_create_edit' : True}" />
                    <field name ="qty_solvent" />
                    <field name ="qty_solvent_recovered"/>
                    <field name ="qty_solvent_used" />
                    <field name ="stirring_start_time"/>
                    <field name ="stirring_end_time"/>
                    <field name ="settling_start_time"/>
                    <field name ="settling_end_time"/>
                    <field name ="separation_start_time"/>
                    <field name ="separation_end_time"/>
                    <field name ="done_by"  options="{'no_create': True, 'no_open': True, 'no_create_edit' : True}"/>
                    <field name ="checked_by" options="{'no_create': True, 'no_open': True, 'no_create_edit' : True}"/>
                    <field name ="remarks"/>
                </tree>
            </field>
        </record> 
        
    
    <!-- TREE VIEW Water Stripping Chart-->
    <record model="ir.ui.view" id="view_prakruti_water_stripping_tree">
            <field name="name">Water Stripping Chart</field>
            <field name="model">prakruti.production_water_stripping</field>
            <field name="arch" type="xml">
                <tree string="Water Stripping Chart" editable="bottom"   >
                    <field name ="process_id"/>
                    <field name ="std_time" widget='float_time'/>
                    <field name ="shift_id"  options="{'no_create': True, 'no_open': True, 'no_create_edit' : True}"/>
                    <field name ="from_time"/>
                    <field name ="to_time"/>
                    <field name ="qty_water_charged" />
                    <field name ="temperature"/>
                    <field name ="vaccum"/>
                    <field name ="qty_distilled_water"/>
                    <field name ="done_by"  options="{'no_create': True, 'no_open': True, 'no_create_edit' : True}"/>
                    <field name ="checked_by" options="{'no_create': True, 'no_open': True, 'no_create_edit' : True}"/>
                    <field name ="remarks"/>
                </tree>
            </field>
        </record> 
        
    
        <!-- TREE VIEW Charcolization Chart-->
    <record model="ir.ui.view" id="view_prakruti_charcoalization_tree">
            <field name="name">Charcolization Chart</field>
            <field name="model">prakruti.production_charcolization</field>
            <field name="arch" type="xml">
                <tree string="Charcolization Chart" editable="bottom"    >
                    <field name ="process_id"/>
                    <field name ="std_time" widget='float_time'/>
                    <field name ="shift_id" options="{'no_create': True, 'no_open': True, 'no_create_edit' : True}"/>
                    <field name ="ext_no" />
                    <field name ="qty_charged"/>
                    <field name ="from_time"/>
                    <field name ="to_time"/>
                    <field name ="temperature"/>
                    <field name ="done_by"  options="{'no_create': True, 'no_open': True, 'no_create_edit' : True}"/>
                    <field name ="checked_by" options="{'no_create': True, 'no_open': True, 'no_create_edit' : True}"/>
                    <field name ="remarks"/>
                </tree>
            </field>
        </record> 
    
        
    <!-- TREE VIEW Spray Drying-->
    <record model="ir.ui.view" id="view_prakruti_spray_drying_tree">
            <field name="name">Spray Drying</field>
            <field name="model">prakruti.production_spray_drying</field>
            <field name="arch" type="xml">
                <tree string="Spray Drying" editable="bottom"    >
                    <field name ="process_id"/>
                    <field name ="std_time" widget='float_time'/>
                    <field name ="shift_id" options="{'no_create': True, 'no_open': True, 'no_create_edit' : True}"/>
                    <field name ="qty_charged" />
                    <field name ="from_time"/>
                    <field name ="to_time"/>
                    <field name ="temperature_inlet"/>
                    <field name ="temperature_outlet"/>
                    <field name ="dried_qty"/>
                    <field name ="done_by"  options="{'no_create': True, 'no_open': True, 'no_create_edit' : True}"/>
                    <field name ="checked_by" options="{'no_create': True, 'no_open': True, 'no_create_edit' : True}"/>
                    <field name ="remarks"/>
                </tree>
            </field>
        </record> 
     
    
        
    <!-- TREE VIEW DRYING-->
    <record model="ir.ui.view" id="view_prakruti_drying_tree">
            <field name="name">Drying</field>
            <field name="model">prakruti.production_drying</field>
            <field name="arch" type="xml">
                <tree string="Drying" editable="bottom"   >
                    <field name ="process_id"/>
                    <field name ="std_time" widget='float_time'/>
                    <field name ="shift_id"  options="{'no_create': True, 'no_open': True, 'no_create_edit' : True}"/>
                    <field name ="qty_charged" />
                    <field name ="from_time"/>
                    <field name ="to_time"/>
                    <field name ="temperature_inlet"/>
                    <field name ="temperature_outlet"/>
                    <field name ="dried_qty"/>
                    <field name ="done_by"  options="{'no_create': True, 'no_open': True, 'no_create_edit' : True}"/>
                    <field name ="checked_by" options="{'no_create': True, 'no_open': True, 'no_create_edit' : True}"/>
                    <field name ="remarks"/>
                </tree>
            </field>
        </record>     
        
    <!-- TREE VIEW Milling-->
    <record model="ir.ui.view" id="view_prakruti_milling_tree">
            <field name="name">Milling</field>
            <field name="model">prakruti.production_milling</field>
            <field name="arch" type="xml">
                <tree string="Milling" editable="bottom"   >
                    <field name ="process_id"/>
                    <field name ="std_time" widget='float_time'/>
                    <field name ="shift_id"  options="{'no_create': True, 'no_open': True, 'no_create_edit' : True}" />
                    <field name ="start_time"/>
                    <field name ="end_time"/>
                    <field name ="batch_no" />
                    <field name ="lot_no"/>
                    <field name ="mesh_id" domain="[ ('subplant_id','=',parent.subplant_id)]" options="{'no_create': True, 'no_open': True, 'no_create_edit' : True}"/>
                    <field name ="input_qty"/>
                    <field name ="output_qty"/>
                    <field name ="return_qty"/>
                    <field name ="done_by"  options="{'no_create': True, 'no_open': True, 'no_create_edit' : True}"/>
                    <field name ="checked_by" options="{'no_create': True, 'no_open': True, 'no_create_edit' : True}"/>
                    <field name ="remarks"/>
                </tree>
            </field>
        </record>
        
    
     <!-- TREE VIEW Sieving-->
    <record model="ir.ui.view" id="view_prakruti_sieving_tree">
            <field name="name">Sieving</field>
            <field name="model">prakruti.production_sieving</field>
            <field name="arch" type="xml">
                <tree string="Sieving" editable="bottom"    >
                    <field name ="process_id"/>
                    <field name ="std_time" widget='float_time'/>
                    <field name ="shift_id"  options="{'no_create': True, 'no_open': True, 'no_create_edit' : True}" />
                    <field name ="start_time"/>
                    <field name ="end_time"/>
                    <field name ="batch_no" />
                    <field name ="lot_no"/>
                    <field name ="sieve_id" domain="[ ('subplant_id','=',parent.subplant_id)]" options="{'no_create': True, 'no_open': True, 'no_create_edit' : True}"/>
                    <field name ="input_qty"/>
                    <field name ="output_qty"/>
                    <field name ="return_qty"/>
                    <field name ="done_by"  options="{'no_create': True, 'no_open': True, 'no_create_edit' : True}"/>
                    <field name ="checked_by" options="{'no_create': True, 'no_open': True, 'no_create_edit' : True}"/>
                    <field name ="remarks"/>
                </tree>
            </field>
        </record>
        
        
    <!-- TREE VIEW Magnetic Particle Separation-->
    <record model="ir.ui.view" id="view_prakruti_magnetic_separation_tree">
            <field name="name">Magnetic Particle Separation</field>
            <field name="model">prakruti.production_magnetic_particle_separation</field>
            <field name="arch" type="xml">
                <tree string="Magnetic Particle Separation" editable="bottom"   >
                    <field name ="process_id"/>
                    <field name ="std_time" widget='float_time'/>
                    <field name ="shift_id"  options="{'no_create': True, 'no_open': True, 'no_create_edit' : True}" />
                    <field name ="start_time"/>
                    <field name ="end_time"/>
                    <field name ="batch_no" />
                    <field name ="lot_no"/>
                    <field name ="input_qty"/>
                    <field name ="output_qty"/>
                    <field name ="done_by"  options="{'no_create': True, 'no_open': True, 'no_create_edit' : True}"/>
                    <field name ="checked_by" options="{'no_create': True, 'no_open': True, 'no_create_edit' : True}"/>
                    <field name ="remarks"/>
                </tree>
            </field>
        </record>
        
     
    <!-- TREE VIEW Blending-->
    <record model="ir.ui.view" id="view_prakruti_blending_tree">
            <field name="name">Blending</field>
            <field name="model">prakruti.production_blending</field>
            <field name="arch" type="xml">
                <tree string="Blending" editable="bottom"   >
                    <field name ="process_id"/>
                    <field name ="std_time" widget='float_time'/>
                    <field name ="shift_id"  options="{'no_create': True, 'no_open': True, 'no_create_edit' : True}" />
                    <field name ="start_time"/>
                    <field name ="end_time"/>
                    <field name ="batch_no" />
                    <field name ="lot_no"/>
                    <field name ="input_qty"/>
                    <field name ="output_qty"/>
                    <field name ="done_by"  options="{'no_create': True, 'no_open': True, 'no_create_edit' : True}"/>
                    <field name ="checked_by" options="{'no_create': True, 'no_open': True, 'no_create_edit' : True}"/>
                    <field name ="remarks"/>
                </tree>
            </field>
        </record>
        
    
    <!-- TREE VIEW Heat Sterilization-->
    <record model="ir.ui.view" id="view_prakruti_heat_sterilization_tree">
            <field name="name">Heat Sterilization</field>
            <field name="model">prakruti.production_heat_sterilization</field>
            <field name="arch" type="xml">
                <tree string="Heat Sterilization" editable="bottom"   >
                    <field name ="process_id"/>
                    <field name ="std_time" widget='float_time'/>
                    <field name ="shift_id" options="{'no_create': True, 'no_open': True, 'no_create_edit' : True}"/>
                    <field name ="start_time"/>
                    <field name ="end_time"/>
                    <field name ="input_qty"/>
                    <field name ="output_qty"/>
                    <field name ="done_by"  options="{'no_create': True, 'no_open': True, 'no_create_edit' : True}"/>
                    <field name ="checked_by" options="{'no_create': True, 'no_open': True, 'no_create_edit' : True}"/>
                    <field name ="remarks"/>
                </tree>
            </field>
        </record>
        
        
         <!-- TREE VIEW Packing -->
    <record model="ir.ui.view" id="view_prakruti_production_packing_tree">
            <field name="name">Packing</field>
            <field name="model">prakruti.production_packing</field>
            <field name="arch" type="xml">
                <tree string="Packing" editable="bottom"   >
                    <field name ="process_id"/>
                    <field name ="std_time" widget='float_time'/>
                    <field name ="machine_id" options="{'no_create': True, 'no_open': True, 'no_create_edit' : True}"/>
                    <field name ="start_time"/>
                    <field name ="end_time"/>
                    <field name ="packing_style"/>
                    <field name ="no_of_packing"/>
                    <field name ="done_by" options="{'no_create': True, 'no_open': True, 'no_create_edit' : True}"/>
                    <field name ="checked_by" options="{'no_create': True, 'no_open': True, 'no_create_edit' : True}"/>
                    <field name ="remarks"/>
                </tree>
            </field>
        </record>   
        
        
        
     <!-- TREE VIEW Break Down Item-->
    <record model="ir.ui.view" id="view_prakruti_production_breakdown_tree">
            <field name="name">Production Break Down</field>
            <field name="model">prakruti.production_breakdown</field>
            <field name="arch" type="xml">
                <tree string="Production Break Down" editable="bottom" >
                     <field name ="process_id"/> 
                    <field name ="machine_id"  options="{'no_create': True, 'no_open': True, 'no_create_edit' : True}"/>
                    <field name ="breakdown_id" />
                    <field name ="running_hours"/>
                    <field name ="breakdown_hours"/>
                      <field name ="checked_by" options="{'no_create': True, 'no_open': True, 'no_create_edit' : True}"/>  
                    <field name ="remarks"/>
                </tree>
            </field>
        </record>
    
     <record model="ir.ui.view" id="view_prakruti_production_pivot">
            <field name="name">prakruti.production.pivot</field>
            <field name="model">prakruti.production</field>
            <field name="arch" type="xml">
                <pivot string=" Production" display_quantity="True">
                    <field name="subplant_id" type="row"/>
                </pivot>
            </field>
        </record>
        
        
    <record model="ir.actions.act_window" id="prakruti_production_action">
            <field name="name">Production</field>
            <field name="res_model">prakruti.production</field>
            <field name="view_type">form</field>
            <field name="view_mode">tree,form,pivot</field>
        </record>
        
        
       
        <menuitem id="prakruti_production_main_sub_menu" name="Extraction Production" action="prakruti_production_action" sequence="4"
                  parent="prakruti_production_slip_main_sub_menu"
                  groups="group_prakruti_production_read_only,group_prakruti_production_create,group_prakruti_production_edit,group_prakruti_production_delete"/>
  
</data>
</openerp>
            
                        