<?xml version="1.0" encoding="utf-8"?>
<openerp>
 <data>
        <record model="ir.ui.view" id="view_prakruti_production_transfer_note_search">
            <field name="name">prakruti.production_transfer_note.search</field>
            <field name="model">prakruti.production_transfer_note</field>
            <field name="arch" type="xml">
                <search string="Product Wise Search">
                   
                   <field name="ptn_no"/>
                   <field name="batch_no"/>
                   <field name="date"/>
                   <field name="state"/>
                </search>
            </field>
        </record>
        <record model="ir.ui.view" id="view_prakruti_production_transfer_note_form">
            <field name="name">prakruti.production_transfer_note.form</field>
            <field name="model">prakruti.production_transfer_note</field>
            <field name="arch" type="xml">
                <form string="Prakruti Production Transfer Note Information" >
                         <sheet>
                            <header>  
                                <button name="action_to_inward" string= "To Inward" type="object"  attrs="{'invisible':[('state', 'in', ('inward'))]}"/>
                                <field name='state' widget='statusbar'/>
                            </header>
                            <group>
                                <field name="ptn_no"/>
                                <field name="date"/>
                                <field name="batch_no" on_change="onchange_batch_no(batch_no)" domain="[('batch_allocated_flag','=',1),('is_batch_closed','=','open')]" options="{'no_create': True, 'no_open': True, 'no_create_edit' : True}"/>
                                <!--<field name='product_id' options="{'no_create': True, 'no_open': True, 'no_create_edit' : True}"  invisible="True"/>-->
                                <field name="batch_allocated_by" readonly="True"/>
                             </group>
                             <group>
                                <field name='pt_no' invisible="True"/>
                                <field name='auto_no' invisible="True"/>
                                <field name='req_no_control_id' invisible="True"/>
                                <field name ="bmr_no" invisible="True"/>
                             </group>
                             <button name="action_list_products_for_extraction"  string="List Out Extraction Info." type="object" attrs="{'invisible':[('batch_allocated_by', 'in', ('syrup','tablet'))]}"/>
                             <button name="action_list_products_for_tablet"  string="List Out Tablet Info." type="object" attrs="{'invisible':[('batch_allocated_by', 'in', ('syrup','extraction'))]}"/>
                             <button name="action_list_products_for_syrup"  string="List Out Syrup Info." type="object" attrs="{'invisible':[('batch_allocated_by', 'in', ('tablet','extraction'))]}"/>
                              <notebook colspan="2"> 
                                <page  string="Product Details">
                                    <field name='grid_id'/>
                                </page>
                                <page string="Other Details">
                                    <group colspan="2" col='4'>
                                        <field name='doc_no' attrs="{'readonly':[('state', 'not in', ('ptn'))]}"/>
                                        <field name='dept_from' options="{'no_create': True, 'no_open': True, 'no_create_edit' : True}" attrs="{'readonly':[('state', 'not in', ('ptn'))]}" />
                                        <field name='dept_to' options="{'no_create': True, 'no_open': True, 'no_create_edit' : True}" attrs="{'readonly':[('state', 'not in', ('ptn'))]}"/>
                                        <field name='rev_no' options="{'no_create': True, 'no_open': True, 'no_create_edit' : True}" attrs="{'readonly':[('state', 'not in', ('ptn'))]}"/>
                                        <field name='prepared_by' options="{'no_create': True, 'no_open': True, 'no_create_edit' : True}" attrs="{'readonly':[('state', 'not in', ('ptn'))]}"/>
                                        <field name='store_incharge' options="{'no_create': True, 'no_open': True, 'no_create_edit' : True}" attrs="{'readonly':[('state', 'not in', ('ptn'))]}"/>
                                        <field name='approved_by' options="{'no_create': True, 'no_open': True, 'no_create_edit' : True}" attrs="{'readonly':[('state', 'not in', ('ptn'))]}"/>
                                        <field name='ref_if_any' />
                                    </group>
                                </page>
                            </notebook>
                     </sheet>
                </form>
            </field>
        </record>
    
     
        <!-- Tree view of Prakruti PTN Information -->
        <record model="ir.ui.view" id="view_prakruti_production_transfer_note_tree">
            <field name="name">prakruti.production_transfer_note.tree</field>
            <field name="model">prakruti.production_transfer_note</field>
            <field name="arch" type="xml">
                <tree string="Prakruti Production Transfer Note Information" >
                   
                   <field name="ptn_no"/>
                   <field name="batch_no"/>
                   <field name="date"/>
                   <field name="state"/>
                </tree>
            </field>
        </record>
	
        
        
         <record model="ir.ui.view" id="view_prakruti_production_transfer_note_line_tree">
            <field name="name">prakruti.production_transfer_note_line.tree</field>
            <field name="model">prakruti.production_transfer_note_line</field>
            <field name="arch" type="xml">
                <tree string="Prakruti Production Transfer Note Line " editable='bottom' create='false'>
                    <field name="product_id"/>
                    <field name="uom_id" />
                    <field name="description"/>
                    <field name="specification_id"  domain="[('product_id','=','product_id')]" options="{'no_create': True, 'no_open': True, 'no_create_edit' : True}"/>
                    <field name="packing_style"/>
                    <field name="packing_qty"/>
                    <field name="total_output_qty"/>
                    <field name="qc_status" invisible="True"/>
                    <field name="remarks" />
                    <field name="main_id" invisible="True"/>
                </tree>
            </field>
        </record>
        
        
        
        
     <record model="ir.ui.view" id="view_prakruti_production_transfer_note_pivot">
            <field name="name">prakruti.production_transfer_note_.pivot</field>
            <field name="model">prakruti.production_transfer_note</field>
            <field name="arch" type="xml">
                <pivot string=" Prakruti Production Transfer Note" display_quantity="True">
                    <field name="batch_no" type="row"/>
                </pivot>
            </field>
        </record>
        
        
        

        <!-- Action for Prakruti store  request Information -->
        <record model="ir.actions.act_window" id="prakruti_production_transfer_note_action">
            <field name="name">Prakruti Production Transfer Note</field>
            <field name="res_model">prakruti.production_transfer_note</field>
            <field name="view_type">form</field>
            <field name="view_mode">tree,form,pivot</field>
        </record>
	
	
        
        
        <menuitem name="Production Transfer Note" id="prakruti_production_transfer_note_main_menu"
            action="prakruti_production_transfer_note_action" sequence="7"
                  parent="prakruti_production_slip_main_sub_menu" groups="group_prakruti_production_transfer_note_read_only,group_prakruti_production_transfer_note_create,group_prakruti_production_transfer_note_edit,group_prakruti_production_transfer_note_delete"/>
   

</data>
</openerp>
