<?xml version="1.0" encoding="utf-8"  ?>
<openerp>
 <data>
        <record model="ir.ui.view" id="view_prakruti_tablet_production_search">
            <field name="name">prakruti.tablet_production.search</field>
            <field name="model">prakruti.tablet_production</field>
            <field name="arch" type="xml">
                <search string="Product Wise Search">
                    <field name ="subplant_id"/>
                    <field name ="batch_id"/>
                    <field name ="batch_size" />
                    <field name ="batch_allocation_date" />
                    <field name ="batch_end_date" />
                    <field name ="date"/>
                    <field name ='status'/>
                </search>
            </field>
        </record>
      <!-- FORM VIEW TABLET PRODUCTION -->
     <record model="ir.ui.view" id="view_prakruti_tablet_production_form">
        <field name="name"> Tablet Production</field>
        <field name="model">prakruti.tablet_production</field>
        <field name="arch" type="xml">
            <form string="Tablet Production" >
                <header>
                    <field name='status' widget='statusbar'/>
                </header>
                <group>
                    <field name ='production_name' invisible="True"/>
                        <field name ="bmr_no" invisible="True"/>
                </group>
                <button name="allocate_batch_no" string="Allocate the Batch" type="object"  attrs="{'invisible':[('status', '=', 'batch_alloted')]}" class="oe_highlight"/>
                <group colspan="4" col="4">
                    <field name ="subplant_id" options="{'no_create': True, 'no_open': True, 'no_create_edit' : True}" domain="['&amp;',('plant_type','=','tablet'),('plant_allocated_flag','=',0)]" attrs="{'readonly':[('status', '=', 'batch_alloted')]}"/>
                    <field name ="batch_id"  on_change="onchange_batch_id(batch_id)" domain="['&amp;',('batch_allocated_flag','=',0),('subplant_id','=',subplant_id)]" options="{'no_create': True, 'no_open': True, 'no_create_edit' : True}" attrs="{'readonly':[('status', '=', 'batch_alloted')]}"/>
                    <field name ="batch_size" attrs="{'readonly':[('status', '=', 'batch_alloted')]}"/>
                    <field name ="date" attrs="{'readonly':[('status', '=', 'batch_alloted')]}"/>
                    <field name ="batch_allocation_date" attrs="{'readonly':[('status', '=', 'batch_alloted')]}"/>
                    <field name ="batch_end_date" attrs="{'readonly':[('status', '=', 'batch_alloted')]}"/>
                    <field name ="created_by" options="{'no_create': True, 'no_open': True, 'no_create_edit' : True}"/>
                    <field name ="total_output_yeild"/>
                    <field name ="sieving"  invisible="True"/>
                    <field name ="preparation_of_binder"  invisible="True"/>
                    <field name ="granulation"  invisible="True"/>
                    <field name ="semi_drying"  invisible="True"/>
                    <field name ="final_drying"  invisible="True"/>
                    <field name ="milling"  invisible="True"/>
                    <field name ="api_addition" invisible="True"/>
                    <field name ="blending"  invisible="True"/>
                    <field name ="compression"  invisible="True"/>
                    <field name ="tablet_coating"  invisible="True"/>
                    <field name ="coating" invisible="True"/>
                    <field name ="inspection"  invisible="True"/>
                    <field name ="metal_inspection"  invisible="True"/>
                    <field name ="packing" invisible="True"/>
<!--                     <field name ="equipment_down_time"  invisible="True"/> -->
<!--                     <field name ="breakdown"  invisible="True"/> -->
                </group>
                
                <separator string ='Sieving' attrs="{'invisible':[('sieving', '=', 'no')]}"/>
                <field name='tablet_sieving_id' attrs="{'invisible':[('sieving', '=', 'no')]}"/>
                <group class="oe_subtotal_footer oe_right">
                    <field name ="total_weight_before_si" attrs="{'invisible':[('sieving', '=', 'no')]}"/>
                    <field name ="total_weight_after_si" attrs="{'invisible':[('sieving', '=', 'no')]}" />
                </group>
                <separator string ='Preparartion of Binder' attrs="{'invisible':[('preparation_of_binder', '=', 'no')]}"/>
                <field name='tablet_binder_id' attrs="{'invisible':[('preparation_of_binder', '=', 'no')]}"/>
                <separator string ='Granulation' attrs="{'invisible':[('granulation', '=', 'no')]}"/>
                <field name='tablet_granulation_id' attrs="{'invisible':[('granulation', '=', 'no')]}"/>
                <separator string ='Semi Drying' attrs="{'invisible':[('semi_drying', '=', 'no')]}"/>
                <field name='tablet_semi_drying_id' attrs="{'invisible':[('semi_drying', '=', 'no')]}"/>
                <separator string =' Final Drying'  attrs="{'invisible':[('final_drying', '=', 'no')]}"/>
                <field name='tablet_final_drying_id'  attrs="{'invisible':[('final_drying', '=', 'no')]}"/>
                <separator string ='Milling' attrs="{'invisible':[('milling', '=', 'no')]}"/>
                <field name='tablet_milling_id' attrs="{'invisible':[('milling', '=', 'no')]}"/>
                <group class="oe_subtotal_footer oe_right">
                    <field name ="total_weight_before_mi" attrs="{'invisible':[('milling', '=', 'no')]}"/>
                    <field name ="total_weight_after_mi" attrs="{'invisible':[('milling', '=', 'no')]}" />
                </group>
                <separator string ='Other Ingredient/API addition' attrs="{'invisible':[('api_addition', '=', 'no')]}"/>
                <field name='tablet_api_addition_id' attrs="{'invisible':[('api_addition', '=', 'no')]}"/>
                <separator string ='Blending' attrs="{'invisible':[('blending', '=', 'no')]}"/>
                <field name='tablet_blending_id' attrs="{'invisible':[('blending', '=', 'no')]}"/>
                <separator string ='Compression\Capsule Filling' attrs="{'invisible':[('compression', '=', 'no')]}"/>
                <field name='tablet_compression_id' attrs="{'invisible':[('compression', '=', 'no')]}"/>
                <separator string ='Preparation Of Coating Solution ' attrs="{'invisible':[('tablet_coating', '=', 'no')]}"/>
                <field name='tablet_coating_preparation_id' attrs="{'invisible':[('tablet_coating', '=', 'no')]}"/>
                  <group class="oe_subtotal_footer oe_right">
                        <field name ="total_input_qty_pc" attrs="{'invisible':[('tablet_coating', '=', 'no')]}"/>
                        <field name ="total_output_qty_pc" attrs="{'invisible':[('tablet_coating', '=', 'no')]}"/>
                </group>
                
                <separator string ='Coating' attrs="{'invisible':[('coating', '=', 'no')]}"/>
                <field name='tablet_coating_id' attrs="{'invisible':[('coating', '=', 'no')]}"/>
                  <group class="oe_subtotal_footer oe_right">
=                        <field name ="total_input_qty_c" attrs="{'invisible':[('coating', '=', 'no')]}"/>
                        <field name ="total_output_qty_c" attrs="{'invisible':[('coating', '=', 'no')]}"/>
                </group>
                
                <separator string ='Tablet Inspection' attrs="{'invisible':[('inspection', '=', 'no')]}"/>
                <field name='tablet_inspection_id' attrs="{'invisible':[('inspection', '=', 'no')]}"/>
                <separator string ='Metal Detection' attrs="{'invisible':[('metal_inspection', '=', 'no')]}"/>
                <field name='tablet_metal_inspection_id' attrs="{'invisible':[('metal_inspection', '=', 'no')]}"/>

                <separator string ='Packing' attrs="{'invisible':[('packing', '=', 'no')]}"/>
                <field name='tablet_packing_id' attrs="{'invisible':[('packing', '=', 'no')]}"/>
                <separator string ='Break Down'/>
                <field name='breakdown_production_id'/>
                
                <separator string ='Remarks'/>
                <field name='remarks'/>
               
                
            </form>
        </field>
    </record>
    
    <record model="ir.ui.view" id="view_prakruti_tablet_production_tree">
            <field name="name">Tablet Production</field>
            <field name="model">prakruti.tablet_production</field>
            <field name="arch" type="xml">
                <tree string="Tablet Production"   >
                    <field name ="subplant_id"/>
                    <field name ="batch_id"/>
                    <field name ="batch_size" />
                    <field name ="batch_allocation_date" />
                    <field name ="batch_end_date" />
                    <field name ="date"/>
                    <field name ='status'/>
                </tree>
            </field>
        </record>   
        
        
    
     <!-- TREE VIEW sieving -->
    <record model="ir.ui.view" id="view_prakruti_production_tablet_production_sieving_tree">
            <field name="name">Sieving</field>
            <field name="model">prakruti.tablet_production_sieving</field>
            <field name="arch" type="xml">
                <tree string="Sieving" editable="top"  >
                    <!--<field name ="stage_id"/>
                    <field name ="stage_code" />-->
                    <field name ="process_id"/>
                    <field name ="standard_time" widget='float_time'/>
                    <field name ="equipment_code" options="{'no_create': True, 'no_open': True, 'no_create_edit' : True}"/>
                    <field name ="ingredient_name"/>
                    <field name ="sieve_id" domain="[ ('subplant_id','=',parent.subplant_id)]" options="{'no_create': True, 'no_open': True, 'no_create_edit' : True}"/>
                    <field name ="weight_before"/>
                    <field name ="weight_after"/>
                    <field name ="rejection"/>
                    <field name ="start_time"   />
                    <field name ="end_time"   />
                    <field name ="done_by" options="{'no_create': True, 'no_open': True, 'no_create_edit' : True}"/>
                    <field name ="checked_by" options="{'no_create': True, 'no_open': True, 'no_create_edit' : True}"/>
                    <field name ="remarks"/>
                </tree>
            </field>
        </record>  
        
        
        
    <!-- TREE VIEW Binder -->
    <record model="ir.ui.view" id="view_prakruti_tablet_production_binder_tree">
            <field name="name">Binder</field>
            <field name="model">prakruti.tablet_production_binder</field>
            <field name="arch" type="xml">
                <tree string="Binder" editable="top"  >
                    <!--<field name ="stage_id"/>
                    <field name ="stage_code" />-->
                    <field name ="process_id"/>
                    <field name ="standard_time" widget='float_time'/>
                    <field name ="solvent"/>
                    <field name ="solvent1"/>
                   <field name ="equipment_code" options="{'no_create': True, 'no_open': True, 'no_create_edit' : True}"/>
                    <field name ="binding_agent" />
                    <field name ="qty_solvent_1kg"/>
                    <field name ="qty_solvent_2kg"/>
                    <field name ="start_time"   />
                    <field name ="end_time"   />
                    <field name ="qty_binder_solution"/>
                    <field name ="temperature"/>
                    <field name ="done_by" options="{'no_create': True, 'no_open': True, 'no_create_edit' : True}"/>
                    <field name ="checked_by" options="{'no_create': True, 'no_open': True, 'no_create_edit' : True}"/>
                    <field name ="remarks"/>
                    
                </tree>
            </field>
        </record>   
        
        
    <!-- TREE VIEW granulation -->
    <record model="ir.ui.view" id="view_prakruti_tablet_production_granulation_tree">
            <field name="name">Granulation</field>
            <field name="model">prakruti.tablet_production_granulation</field>
            <field name="arch" type="xml">
                <tree string="Granulation" editable="top"  >
                    <field name ="process_id"/>
                    <field name ="standard_time" widget='float_time'/>
                    <field name ="stage_id"/>
                    <!--<field name ="stage_code" />-->
                   <field name ="equipment_code" options="{'no_create': True, 'no_open': True, 'no_create_edit' : True}"/>
                    <field name ="start_time"   />
                    <field name ="end_time"   />
                    <field name ="qty_used" />
                    <field name ="impellar"/>
                    <field name ="chopper"/>
                    <field name ="temperature"/>
                    <field name ="done_by" options="{'no_create': True, 'no_open': True, 'no_create_edit' : True}"/>
                    <field name ="checked_by" options="{'no_create': True, 'no_open': True, 'no_create_edit' : True}"/>
                    <field name ="remarks"/>
                    
                </tree>
            </field>
        </record>   
     
        
        
        
     <!-- TREE VIEW semi drying -->
    <record model="ir.ui.view" id="view_prakruti_tablet_production_semi_drying_tree">
            <field name="name">Semi Drying</field>
            <field name="model">prakruti.tablet_production_semi_drying</field>
            <field name="arch" type="xml">
                <tree string="Semi Drying" editable="top"  >
                    <!--<field name ="stage_id"/>
                    <field name ="stage_code" />-->
                    <field name ="process_id"/>
                    <field name ="standard_time" widget='float_time'/>
                    <field name ="equipment_code"  options="{'no_create': True, 'no_open': True, 'no_create_edit' : True}"/>
                    <field name ="start_time"   />
                    <field name ="end_time"   />
                    <field name ="inlet" />
                    <field name ="exhaust"/>
                    <field name ="done_by" options="{'no_create': True, 'no_open': True, 'no_create_edit' : True}"/>
                    <field name ="checked_by" options="{'no_create': True, 'no_open': True, 'no_create_edit' : True}"/>
                    <field name ="remarks"/>
                    
                </tree>
            </field>
        </record>  
    
     <!-- TREE VIEW final drying -->
    <record model="ir.ui.view" id="view_prakruti_tablet_production_final_drying_tree">
            <field name="name">Final Drying</field>
            <field name="model">prakruti.tablet_production_final_drying</field>
            <field name="arch" type="xml">
                <tree string="Final Drying" editable="top"  >
                    <!--<field name ="stage_id"/>
                    <field name ="stage_code" />-->
                    <field name ="process_id"/>
                    <field name ="standard_time" widget='float_time'/>
                    <field name ="equipment_code" options="{'no_create': True, 'no_open': True, 'no_create_edit' : True}"/>
                    <field name ="start_time"   />
                    <field name ="end_time"   />
                    <field name ="inlet_air_flow" />
                    <field name ="duration" />
                    <field name ="lod_of_granules" />
                    <field name ="inlet" />
                    <field name ="exhaust" />
                    <field name ="done_by" options="{'no_create': True, 'no_open': True, 'no_create_edit' : True}"/>
                    <field name ="checked_by" options="{'no_create': True, 'no_open': True, 'no_create_edit' : True}"/>
                    <field name ="remarks"/>
                </tree>
            </field>
        </record>  
    
        
         <!-- TREE VIEW milling -->
    <record model="ir.ui.view" id="view_prakruti_tablet_production_milling_tree">
            <field name="name">Milling</field>
            <field name="model">prakruti.tablet_production_milling</field>
            <field name="arch" type="xml">
                <tree string="Milling" editable="top"  >
                    <!--<field name ="stage_id"/>
                    <field name ="stage_code" />-->
                    <field name ="process_id"/>
                    <field name ="standard_time" widget='float_time'/>
                    <field name ="equipment_code" options="{'no_create': True, 'no_open': True, 'no_create_edit' : True}"/>
                    <field name ="ingredient_name"/>
                    <field name ="mesh_id" domain="[ ('subplant_id','=',parent.subplant_id)]" options="{'no_create': True, 'no_open': True, 'no_create_edit' : True}"/>
                    <field name ="weight_before"/>
                    <field name ="weight_after"/>
                    <field name ="rejection"/>
                    <field name ="start_time"   />
                    <field name ="end_time"   />
                    <field name ="done_by" options="{'no_create': True, 'no_open': True, 'no_create_edit' : True}"/>
                    <field name ="checked_by" options="{'no_create': True, 'no_open': True, 'no_create_edit' : True}"/>
                    <field name ="remarks"/>
                </tree>
            </field>
        </record> 
        
        
        
        
        <!-- TREE VIEW APIAddition -->
    <record model="ir.ui.view" id="view_prakruti_tablet_production_api_addition_tree">
            <field name="name">API Addition</field>
            <field name="model">prakruti.tablet_production_api_addition</field>
            <field name="arch" type="xml">
                <tree string="API Addition" editable="top"  >
                    <!--<field name ="stage_id"/>
                    <field name ="stage_code" />-->
                    <field name ="process_id"/>
                    <field name ="standard_time" widget='float_time'/>
                    <field name ="equipment_code" options="{'no_create': True, 'no_open': True, 'no_create_edit' : True}"/>
                    <field name ="ingredient_name"/>
                    <field name ="quantity"/>
                    <field name ="start_time"   />
                    <field name ="end_time"   />
                    <field name ="temperature"/>
                    <field name ="done_by" options="{'no_create': True, 'no_open': True, 'no_create_edit' : True}"/>
                    <field name ="checked_by" options="{'no_create': True, 'no_open': True, 'no_create_edit' : True}"/>
                    <field name ="remarks"/>
                    
                </tree>
            </field>
        </record> 
        
        
    
     <!-- TREE VIEW Blendding -->
    <record model="ir.ui.view" id="view_prakruti_tablet_production_blending_tree">
            <field name="name">Blending</field>
            <field name="model">prakruti.tablet_production_blending</field>
            <field name="arch" type="xml">
                <tree string="Blending" editable="top"   >
                    <!--<field name ="stage_id"/>
                    <field name ="stage_code" />-->
                    <field name ="process_id"/>
                    <field name ="standard_time" widget='float_time'/>
                    <field name ="equipment_code" options="{'no_create': True, 'no_open': True, 'no_create_edit' : True}"/>
                    <field name ="start_time"   />
                    <field name ="end_time"   />
                    <field name ="input_qty"/>
                    <field name ="output_qty"/>
                    <field name ="done_by" options="{'no_create': True, 'no_open': True, 'no_create_edit' : True}"/>
                    <field name ="checked_by" options="{'no_create': True, 'no_open': True, 'no_create_edit' : True}"/>
                    <field name ="remarks"/>
                    
                </tree>
            </field>
        </record>  
    
 <!-- TREE VIEW Compression-->
    <record model="ir.ui.view" id="view_prakruti_tablet_production_compression_tree">
            <field name="name">Compression\Capsule Filling</field>
            <field name="model">prakruti.tablet_production_compression</field>
            <field name="arch" type="xml">
                <tree string="Compression\Capsule Filling" editable="top"   >
                    <!--<field name ="stage_id"/>
                    <field name ="stage_code" />-->
                    <field name ="process_id"/>
                    <field name ="standard_time" widget='float_time'/>
                    <field name ="equipment_code"  options="{'no_create': True, 'no_open': True, 'no_create_edit' : True}"/>
                    <field name ="qty_for_compression"/>
                    <field name ="qty_after_compression"/>
                    <field name ="start_time"   />
                    <field name ="end_time"   />
                    <field name ="done_by" options="{'no_create': True, 'no_open': True, 'no_create_edit' : True}"/>
                    <field name ="checked_by" options="{'no_create': True, 'no_open': True, 'no_create_edit' : True}"/>
                    <field name ="remarks"/>
                    
                </tree>
            </field>
        </record>  
    
  <!-- TREE VIEW Coating-->
    <record model="ir.ui.view" id="view_prakruti_tablet_production_coating_preparation_tree">
            <field name="name">Coating Preparation</field>
            <field name="model">prakruti.tablet_production_coating_preparation</field>
            <field name="arch" type="xml">
                <tree string="Coating Preparation" editable="top"   >
                    <field name ="process_id"/>
                    <field name ="standard_time" widget='float_time'/>
                    <field name ="coating_material_name"/>
                    <field name ="solvent_name"/>
                    <field name ="name_solvent"/>
                    <field name ="equipment_code" options="{'no_create': True, 'no_open': True, 'no_create_edit' : True}"/>
                    <field name ="qty_coating_material"/>
                    <field name ="qty_solvent"/>
                    <field name ="solvent_qty"/>
                    <field name ="temperature"/>
                    <field name ="start_time"   />
                    <field name ="end_time"   />
                    <field name ="input_qty"/>
                    <field name ="output_qty"/>
                    <field name ="done_by" options="{'no_create': True, 'no_open': True, 'no_create_edit' : True}"/>
                    <field name ="checked_by" options="{'no_create': True, 'no_open': True, 'no_create_edit' : True}"/>
                    <field name ="remarks"/>
                    
                </tree>
            </field>
        </record>  
    

    
  <!-- TREE VIEW Coating-->
    <record model="ir.ui.view" id="view_prakruti_tablet_production_coating_tree">
            <field name="name">Coating </field>
            <field name="model">prakruti.tablet_production_coating</field>
            <field name="arch" type="xml">
                <tree string="Coating" editable="top"  >
                    <!--<field name ="stage_id"/>
                    <field name ="stage_code" />-->
                    <field name ="process_id"/>
                    <field name ="standard_time" widget='float_time'/>
                    <field name ="equipment_code" options="{'no_create': True, 'no_open': True, 'no_create_edit' : True}"/>
                    <field name ="start_time"   />
                    <field name ="end_time"   />
                    <field name ="input_qty"/>
                    <field name ="output_qty"/>
                    <field name ="pan_speed"/>
                    <field name ="spray_rate"/>
                    <field name ="tablet_bed_temp"/>
                    <field name ="automization_pressure"/>
                    <field name ="inlet"/>
                    <field name ="exhaust"/>
                    <field name ="done_by" options="{'no_create': True, 'no_open': True, 'no_create_edit' : True}"/>
                    <field name ="checked_by" options="{'no_create': True, 'no_open': True, 'no_create_edit' : True}"/>
                    <field name ="remarks"/>
                </tree>
            </field>
        </record>  
    

   <!-- TREE VIEW TabletInspection-->
    <record model="ir.ui.view" id="view_prakruti_tablet_production_inspection_tree">
            <field name="name">Tablet Inspection </field>
            <field name="model">prakruti.tablet_production_tablet_inspection</field>
            <field name="arch" type="xml">
                <tree string="Tablet Inspection" editable="top"  >
                    <!--<field name ="stage_id"/>
                    <field name ="stage_code" />-->
                    <field name ="process_id"/>
                    <field name ="standard_time" widget='float_time'/>
                    <field name ="equipment_code" options="{'no_create': True, 'no_open': True, 'no_create_edit' : True}"/>
                    <field name ="total_coated"/>
                    <field name ="rejected_tablets"/>
                    <field name ="rejected_percentage"/>
                    <field name ="start_time"   />
                    <field name ="end_time"   />
                    <field name ="done_by"/>
                    <field name ="checked_by"/>
                    <field name ="remarks"/>
                </tree>
            </field>
        </record>  
    

    <!-- TREE VIEW MetalDetection-->
    <record model="ir.ui.view" id="view_prakruti_tablet_production_metal_detection_tree">
            <field name="name">Metal Detection</field>
            <field name="model">prakruti.tablet_production_metal_detection</field>
            <field name="arch" type="xml">
                <tree string="Metal Detection" editable="top"  >
                   <!-- <field name ="stage_id"/>
                    <field name ="stage_code" />-->
                    <field name ="process_id"/>
                    <field name ="standard_time" widget='float_time'/>
                    <field name ="equipment_code"  options="{'no_create': True, 'no_open': True, 'no_create_edit' : True}"/>
                    <field name ="total_coated"/>
                    <field name ="rejected_tablets"/>
                    <field name ="rejected_percentage"/>
                    <field name ="start_time"   />
                    <field name ="end_time"   />
                    <field name ="done_by" options="{'no_create': True, 'no_open': True, 'no_create_edit' : True}"/>
                    <field name ="checked_by" options="{'no_create': True, 'no_open': True, 'no_create_edit' : True}"/>
                    <field name ="remarks"/>
                </tree>
            </field>
        </record>  
    

    

    
      <!-- TREE VIEW packing-->
    <record model="ir.ui.view" id="view_prakruti_tablet_production_packing_tree">
            <field name="name">Packing</field>
            <field name="model">prakruti.tablet_production_packing</field>
            <field name="arch" type="xml">
                <tree string="Packing" editable="top"  >
                    <!--<field name ="stage_id"/>
                    <field name ="stage_code" />-->
                    <field name ="process_id"/>
                    <field name ="standard_time" widget='float_time'/>
                    <field name ="packing_style"/>
                    <field name ="packing_qty"/>
                    <field name ="equipment_code"  options="{'no_create': True, 'no_open': True, 'no_create_edit' : True}"/>
                    <field name ="start_time"   />
                    <field name ="end_time"   />
                    <field name ="done_by" options="{'no_create': True, 'no_open': True, 'no_create_edit' : True}"/>
                    <field name ="checked_by" options="{'no_create': True, 'no_open': True, 'no_create_edit' : True}"/>
                    <field name ="remarks"/>
                </tree>
            </field>
        </record>  
    

    
      <!-- TREE VIEW dwn time-->
   <!-- <record model="ir.ui.view" id="view_prakruti_tablet_production_down_time_tree">
            <field name="name">Equipment Down Time</field>
            <field name="model">prakruti.tablet_production_equipment_down_time</field>
            <field name="arch" type="xml">
                <tree string="Equipment Down Time" editable="top" >
                    <field name ="process_id"/>
                    <field name ="stage_code" />
                    <field name ="equipment_code"/>
                    <field name ="start_time"   />
                    <field name ="end_time"   />
                    <field name ="remarks"/>
                </tree>
            </field>
        </record>  -->
    

    
     
    
      <!-- TREE VIEW Production Deviations-->
   <!-- <record model="ir.ui.view" id="view_prakruti_tablet_production_deviations_tree">
            <field name="name">Deviations</field>
            <field name="model">prakruti.tablet_production_deviations</field>
            <field name="arch" type="xml">
                <tree string="Equipment Down Time" editable="top" >
                    <field name ="process_id"/>
                    <field name ="stage_code" />
                    <field name ="equipment_code"/>
                    <field name ="deviation"/>
                    <field name ="start_time"   />
                    <field name ="end_time"   />
                    <field name ="remarks"/>
                </tree>
            </field>
        </record>-->
        
        
     <!-- TREE VIEW Break Down Item-->
    <record model="ir.ui.view" id="view_prakruti_production_tablet_breakdown_tree">
            <field name="name">Production Break Down</field>
            <field name="model">prakruti.production_tablet_breakdown</field>
            <field name="arch" type="xml">
                <tree string="Production Break Down" editable="top"  >
                    <field name ="process_id"/>
                    <field name ="machine_id"  options="{'no_create': True, 'no_open': True, 'no_create_edit' : True}"/>
                    <field name ="breakdown_id"/>
                    <field name ="running_hours"/>
                    <field name ="breakdown_hours"/>
                      <field name ="checked_by" options="{'no_create': True, 'no_open': True, 'no_create_edit' : True}"/> 
                    <field name ="remarks"/>
                </tree>
            </field>
        </record>
    

        
     <record model="ir.ui.view" id="view_prakruti_tablet_production_pivot">
            <field name="name">prakruti.tablet_production.pivot</field>
            <field name="model">prakruti.tablet_production</field>
            <field name="arch" type="xml">
                <pivot string=" Tablet Production" display_quantity="True">
                    <field name="subplant_id" type="row"/>
                    <field name="created_by"/>
                </pivot>
            </field>
        </record>
        
    
     <record model="ir.actions.act_window" id="prakruti_tablet_production_action">
            <field name="name">Tablet Production</field>
            <field name="res_model">prakruti.tablet_production</field>
            <field name="view_type">form</field>
            <field name="view_mode">tree,form,pivot</field>
        </record>
        
    
        
        
   
       
        <menuitem id="prakruti_tablet_production_main_sub_menu" name="Tablet Production" action="prakruti_tablet_production_action" sequence="5"
                  parent="prakruti_production_slip_main_sub_menu" groups="prakruti.group_prakruti_tablet_production_read_only,prakruti.group_prakruti_tablet_production_create,prakruti.group_prakruti_tablet_production_edit,prakruti.group_prakruti_tablet_production_delete"/>
  
</data>
</openerp>
            
                
    

    
     

    
    
