<?xml version="1.0" encoding="utf-8"  ?>
<openerp>
 <data>
        <record model="ir.ui.view" id="view_prakruti_breakdown_search">
            <field name="name">prakruti.breakdown.search</field>
            <field name="model">prakruti.breakdown</field>
            <field name="arch" type="xml">
                <search string="Product Wise Search">
                    <field name ="plant"/>
                    <field name ="machine_plant"/>
                    <field name ="date"/>
                    <field name ="breakdown_item"/>
                    <field name ="breakdown_hours"/>
                    <field name ="remarks"/>
                </search>
            </field>
        </record>
     
     <record model="ir.ui.view" id="view_prakruti_breakdown_form">
        <field name="name">Breakdown </field>
        <field name="model">prakruti.breakdown</field>
        <field name="arch" type="xml">
            <form string="Breakdown " >
                <group>
                    <field name ="plant" style="width:35%%"  options="{'no_create': True, 'no_open': True, 'no_create_edit' : True}"/>
                    <field name ="date" style="width:35%%"/>
                    <field name ="machine_plant" style="width:35%%"  options="{'no_create': True, 'no_open': True, 'no_create_edit' : True}"/>
                    <field name ="breakdown_item" style="width:35%%"  options="{'no_create': True, 'no_open': True, 'no_create_edit' : True}"/>
                    <field name ="breakdown_hours" style="width:35%%"/>
                    <field name ="remarks" style="width:35%%"/>
                    
                </group>
            </form>
        </field>
    </record>
    <record model="ir.ui.view" id="view_prakruti_breakdown_tree">
            <field name="name">Breakdown </field>
            <field name="model">prakruti.breakdown</field>
            <field name="arch" type="xml">
                <tree string="Breakdown " >
                    <field name ="plant"/>
                    <field name ="machine_plant"/>
                    <field name ="date"/>
                    <field name ="breakdown_item"/>
                    <field name ="breakdown_hours"/>
                    <field name ="remarks"/>
                </tree>
            </field>
        </record>  
     <record model="ir.ui.view" id="view_prakruti_breakdown_pivot">
            <field name="name">prakruti.breakdown.pivot</field>
            <field name="model">prakruti.breakdown</field>
            <field name="arch" type="xml">
                <pivot string=" Breakdown" display_quantity="True">
                    <field name="plant" type="row"/>
                    <field name="machine_plant"/>
                    <field name ="breakdown_item"/>
                </pivot>
            </field>
        </record>  
        
    <record model="ir.actions.act_window" id="prakruti_breakdown_action">
            <field name="name">Breakdown </field>
            <field name="res_model">prakruti.breakdown</field>
            <field name="view_type">form</field>
            <field name="view_mode">tree,form,pivot</field>
        </record>
        

       
        <menuitem id="prakruti_breakdown_sub_menu" name="Breakdown " action="prakruti_breakdown_action" sequence="2"
                  parent="prakruti_production_production_sub_menu" groups="group_prakruti_breakdown_read_only,group_prakruti_breakdown_edit,group_prakruti_breakdown_create,group_prakruti_breakdown_delete"/>
  
</data>
</openerp>
            
                        