<?xml version="1.0" encoding="utf-8"  ?>
<openerp>
 <data>
     
        <record model="ir.ui.view" id="view_prakruti_syrup_production_search">
            <field name="name">prakruti.syrup_production.search</field>
            <field name="model">prakruti.syrup_production</field>
            <field name="arch" type="xml">
                <search string="Product Wise Search">
                    <field name ="subplant_id"/>
                    <field name ="batch_id"/>
                    <field name ="batch_size" />
                    <field name ="batch_allocation_date" />
                    <field name ="batch_end_date" />
                    <field name ="date"/>
                    <field name ='status'/>
                </search>
            </field>
        </record>
     <!-- FORM VIEW PRODUCTION -->
     <record model="ir.ui.view" id="view_prakruti_syrup_production_form">
        <field name="name">Production Syrup</field>
        <field name="model">prakruti.syrup_production</field>
        <field name="arch" type="xml">
            <form string="Production Syrup" >
                <header>
                    <field name='status' widget='statusbar'/>
                </header>
                <group>
                    <field name ='production_name' invisible="True"/>
                        <field name ="bmr_no" invisible="True"/>
                </group>
                <button name="allocate_batch_no" string="Allocate the Batch" type="object" attrs="{'invisible':[('status', '=', 'batch_alloted')]}" class="oe_highlight"/>
                <group colspan="4" col="4">
                    <field name ="subplant_id" options="{'no_create': True, 'no_open': True, 'no_create_edit' : True}" domain="['&amp;',('plant_type','=','syrup'),('plant_allocated_flag','=',0)]" attrs="{'readonly':[('status', '=', 'batch_alloted')]}"/>
                    <field name ="batch_id"  on_change="onchange_batch_id(batch_id)" options="{'no_create': True, 'no_open': True, 'no_create_edit' : True}" domain="['&amp;',('batch_allocated_flag','=',0),('subplant_id','=',subplant_id)]" attrs="{'readonly':[('status', '=', 'batch_alloted')]}"/>
                    <field name ="batch_size" attrs="{'readonly':[('status', '=', 'batch_alloted')]}"/>
                    <field name ="date" attrs="{'readonly':[('status', '=', 'batch_alloted')]}"/>
                    <field name ="batch_allocation_date" attrs="{'readonly':[('status', '=', 'batch_alloted')]}"/>
                    <field name ="batch_end_date" attrs="{'readonly':[('status', '=', 'batch_alloted')]}"/>
                    <field name ="created_by" options="{'no_create': True, 'no_open': True, 'no_create_edit' : True}"/>
                    <field name ="total_output_yeild"/>
                    <field name ="packing" invisible="True"/>
                    <field name ="pulverisation" invisible="True"/>
                    <field name ="extraction_new" invisible="True"/>
                    <field name ="other_ingredient_addition" invisible="True"/>
                    <field name ="extract_solution" invisible="True"/>
                    <field name ="soak_raw_material" invisible="True"/>
                    <field name ="autoclave" invisible="True"/>
                    <field name ="addition_preservative" invisible="True"/>
                    <field name ="preparation_syrup" invisible="True"/>
                    <field name ="ph_control_buffer" invisible="True" />
                    <field name ="solvent_name" invisible="True"/>
                    <field name ="filling" invisible="True"/>
                    <field name ="coding" invisible="True"/>
                     <field name ="filtration" invisible="True"/>
                </group>
                  
                        
                <separator string ='Pulverization' attrs="{'invisible':[('pulverisation', '=', 'no')]}"/>
                <field name='pulverization_production_syrup_id' attrs="{'invisible':[('pulverisation', '=', 'no')]}"/>
                    <group class="oe_subtotal_footer oe_right">
                        <field name ="total_weight_before" attrs="{'invisible':[('pulverisation', '=', 'no')]}"/>
                        <field name ="total_weight_after" attrs="{'invisible':[('pulverisation', '=', 'no')]}" />
                    </group>
                
                <separator string ='Preparation Of Extract Solution' attrs="{'invisible':[('extract_solution', '=', 'no')]}"/>
                <field name='extract_solution_syrup_id' attrs="{'invisible':[('extract_solution', '=', 'no')]}"/>
                    <group class="oe_subtotal_footer oe_right">
                        <field name ="total_volume_before_pe" attrs="{'invisible':[('extract_solution', '=', 'no')]}"/>
                        <field name ="total_volume_after_pe" attrs="{'invisible':[('extract_solution', '=', 'no')]}" />
                    </group>
              
                <separator string ='Soaking Of Raw Material' attrs="{'invisible':[('soak_raw_material', '=', 'no')]}"/>
                <field name='soak_raw_material_syrup_id' attrs="{'invisible':[('soak_raw_material', '=', 'no')]}"/>
    
                <separator string =' Extraction'   attrs="{'invisible':[('extraction_new', '=', 'no')]}"/>
                <field name='extraction_syrup_id'  attrs="{'invisible':[('extraction_new', '=', 'no')]}"/>
                    <group class="oe_subtotal_footer oe_right">
                        <field name ="total_weight_before_ex" attrs="{'invisible':[('extraction_new', '=', 'no')]}"/>
                    </group>
                
                <separator string =' Filtration'  attrs="{'invisible':[('filtration', '=', 'no')]}"/>
                <field name='filtration_syrup_id'  attrs="{'invisible':[('filtration', '=', 'no')]}"/>
                <separator string =' Autoclave'  attrs="{'invisible':[('autoclave', '=', 'no')]}"/>
                <field name='autoclave_syrup_id'  attrs="{'invisible':[('autoclave', '=', 'no')]}"/>
                <separator string =' Addition Of Preservative'  attrs="{'invisible':[('addition_preservative', '=', 'no')]}"/>
                <field name='addition_preservative_syrup_id'  attrs="{'invisible':[('addition_preservative', '=', 'no')]}"/>
                <separator string ='Preparation Of Syrup'  attrs="{'invisible':[('preparation_syrup', '=', 'no')]}"/>
                <field name='syrup_preparation_id'  attrs="{'invisible':[('preparation_syrup', '=', 'no')]}"/>
                    <group class="oe_subtotal_footer oe_right">
                        <field name ="total_volume_before_ps" attrs="{'invisible':[('preparation_syrup', '=', 'no')]}"/>
                        <field name ="total_volume_after_ps" attrs="{'invisible':[('preparation_syrup', '=', 'no')]}" />
                    </group>
               
                <separator string ='Other Ingredient Addition'  attrs="{'invisible':[('other_ingredient_addition', '=', 'no')]}"/>
                <field name='other_ingredient_addition_syrup_id'  attrs="{'invisible':[('other_ingredient_addition', '=', 'no')]}"/>
                <separator string ='Ph Control Buffer Action' attrs="{'invisible':[('ph_control_buffer', '=', 'no')]}"/>
                <field name='ph_control_buffer_action_syrup_id'  attrs="{'invisible':[('ph_control_buffer', '=', 'no')]}"/>
                <separator string ='Volume Make Up'  attrs="{'invisible':[('solvent_name', '=', 'no')]}"/>
                <field name='solvent_name_syrup_id'  attrs="{'invisible':[('solvent_name', '=', 'no')]}"/>
                    <group class="oe_subtotal_footer oe_right">
                        <field name ="total_volume_before_vu" attrs="{'invisible':[('solvent_name', '=', 'no')]}"/>
                        <field name ="total_volume_after_vu" attrs="{'invisible':[('solvent_name', '=', 'no')]}" />
                    </group>
               <separator string ='Filling'  attrs="{'invisible':[('filling', '=', 'no')]}"/>
                <field name='filling_syrup_id'  attrs="{'invisible':[('filling', '=', 'no')]}"/>
                <separator string ='Coding'  attrs="{'invisible':[('coding', '=', 'no')]}"/>
                <field name='coding_syrup_id'  attrs="{'invisible':[('coding', '=', 'no')]}"/>
                <separator string ='Packing'  attrs="{'invisible':[('packing', '=', 'no')]}"/>
                <field name='packing_syrup_id'  attrs="{'invisible':[('packing', '=', 'no')]}"/>
                <separator string ='Break Down' />
                <field name='breakdown_production_id'/>
                <separator string ='Remarks'/>
                <field name='remarks'/>
                
            </form>
        </field>
    </record>
     
    <record model="ir.ui.view" id="view_prakruti_syrup_production_tree">
            <field name="name">Production Syrup</field>
            <field name="model">prakruti.syrup_production</field>
            <field name="arch" type="xml">
                <tree string="Production Syrup"  >
                    <field name ="subplant_id"/>
                    <field name ="batch_id"/>
                    <field name ="batch_size" />
                    <field name ="batch_allocation_date" />
                    <field name ="batch_end_date" />
                    <field name ="date"/>
                    <field name ='status'/>
                </tree>
            </field>
        </record>   
        
       
        
        <!-- TREE VIEW PULVERIZATION -->
    <record model="ir.ui.view" id="view_prakruti_production_syrup_pulverization_tree">
            <field name="name">Pulverization</field>
            <field name="model">prakruti.production_syrup_pulverization</field>
            <field name="arch" type="xml">
                <tree string="Pulverization" editable="top"   >
                    <field name ="process_id"/>
                    <field name ="std_time" widget='float_time'/>
                    <field name ="machine_id"  zoptions="{'no_create': True, 'no_open': True, 'no_create_edit' : True}"/>
                    <field name ="start_time"/>
                    <field name ="end_time"/>
                    <field name ="weight_before"/>
                    <field name ="weight_after"/>
                    <field name ="done_by" options="{'no_create': True, 'no_open': True, 'no_create_edit' : True}"/>
                    <field name ="checked_by" options="{'no_create': True, 'no_open': True, 'no_create_edit' : True}"/>
                    <field name ="remarks"/>
                    
                </tree>
            </field>
        </record>   
     
   
        <!-- TREE VIEW EXTRACT SOLUTION -->
    <record model="ir.ui.view" id="view_prakruti_syrup_extract_solution_tree">
            <field name="name">Extract Solution</field>
            <field name="model">prakruti.syrup_extract_solution</field>
            <field name="arch" type="xml">
                <tree string="Extract Solution" editable="top"  >
                    <field name ="process_id"/>
                   <field name ="std_time" widget='float_time'/>
                    <field name ="name_of_extract"/>
                    <field name ="name_of_solvent"/>
                    <field name ="solvent_name"/>
                    <field name ="machine_id" options="{'no_create': True, 'no_open': True, 'no_create_edit' : True}"/>
                    <field name ="qty_of_extract_charged" />
                    <field name ="qty_of_solvent_charged"/>
                    <field name ="qty_of_solvent"/>
                    <field name ="start_time"/>
                    <field name ="end_time"/>
                    <field name ="volume_before"/>
                    <field name ="volume_after"/>
                    <field name ="temp_pressure_ph"/>
                    <field name ="done_by" options="{'no_create': True, 'no_open': True, 'no_create_edit' : True}"/>
                    <field name ="checked_by" options="{'no_create': True, 'no_open': True, 'no_create_edit' : True}"/>
                    <field name ="remarks"/>
                    
                </tree>
            </field>
        </record>   
     
    <!-- TREE VIEW SOAK RAW MATERIAL -->
    <record model="ir.ui.view" id="view_prakruti_soak_raw_material_tree">
            <field name="name">Soak Raw Material</field>
            <field name="model">prakruti.soak_raw_material</field>
            <field name="arch" type="xml">
                <tree string="Soak Raw Material" editable="top"   >
                    <field name ="process_id"/>
                    <field name ="std_time" widget='float_time'/>
<!--                     <field name ="name_of_extract"/> -->
                    <field name ="name_of_solvent"/>
                    <field name ="solvent_name"/>
                    <field name ="machine_id" options="{'no_create': True, 'no_open': True, 'no_create_edit' : True}"/>
                    <field name ="start_time"/>
                    <field name ="end_time"/>
                    <field name ="qty_charged" />
                    <field name ="solvent_charged"/>
                    <field name ="charged_solvent"/>
                    <field name ="temp_pressure_ph"/>
                    <field name ="done_by" options="{'no_create': True, 'no_open': True, 'no_create_edit' : True}"/>
                    <field name ="checked_by" options="{'no_create': True, 'no_open': True, 'no_create_edit' : True}"/>
                    <field name ="remarks"/>
                </tree>
            </field>
        </record>   
     
             
        <!-- TREE VIEW EXTRACTION -->
    <record model="ir.ui.view" id="view_prakruti_syrup_extraction_tree">
            <field name="name">Syrup Extraction</field>
            <field name="model">prakruti.syrup_extraction</field>
            <field name="arch" type="xml">
                <tree string="Syrup Extraction" editable="top"  >
                    <field name ="process_id"/>
                   <field name ="std_time" widget='float_time'/>
                   <!-- <field name ="name_of_extract"/>
                    <field name ="name_of_solvent"/>-->
                    <field name ="machine_id" options="{'no_create': True, 'no_open': True, 'no_create_edit' : True}"/>
                    <field name ="start_time"/>
                    <field name ="end_time"/>
                    <field name ="weight_before"/>
                    <field name ="solvent_charged"/>
                    <field name ="temp_pressure_ph"/>
                    <field name ="done_by" options="{'no_create': True, 'no_open': True, 'no_create_edit' : True}"/>
                    <field name ="checked_by" options="{'no_create': True, 'no_open': True, 'no_create_edit' : True}"/>
                    <field name ="remarks"/>
                </tree>
            </field>
        </record>  
        <!-- TREE VIEW FILTRATION -->
    <record model="ir.ui.view" id="view_prakruti_syrup_filtration_tree">
            <field name="name">Syrup Filtration</field>
            <field name="model">prakruti.syrup_filtration</field>
            <field name="arch" type="xml">
                <tree string="Syrup Filtration" editable="top"   >
                    <field name ="process_id"/>
                   <field name ="std_time" widget='float_time'/>
                  <!--  <field name ="name_of_extract"/>
                    <field name ="name_of_solvent"/>-->
                    <field name ="machine_id" options="{'no_create': True, 'no_open': True, 'no_create_edit' : True}"/>
                    <field name ="start_time"/>
                    <field name ="end_time"/>
                    <field name ="volume_collected"/>
                    <field name ="temp_pressure_ph"/>
                    <field name ="done_by" options="{'no_create': True, 'no_open': True, 'no_create_edit' : True}"/>
                    <field name ="checked_by" options="{'no_create': True, 'no_open': True, 'no_create_edit' : True}"/>
                    <field name ="remarks"/>
                </tree>
            </field>
        </record>  
     
        <!-- TREE VIEW AUTOCLAVE -->
    <record model="ir.ui.view" id="view_prakruti_syrup_autoclave_tree">
            <field name="name">Syrup Autoclave</field>
            <field name="model">prakruti.syrup_autoclave</field>
            <field name="arch" type="xml">
                <tree string="Syrup Autoclave" editable="top"  >
                    <field name ="process_id"/>
                   <field name ="std_time" widget='float_time'/>
                   <!-- <field name ="name_of_extract"/>
                    <field name ="name_of_solvent"/>-->
                    <field name ="machine_id"  options="{'no_create': True, 'no_open': True, 'no_create_edit' : True}"/>
                    <field name ="start_time"/>
                    <field name ="end_time"/>
                    <field name ="temp_pressure_ph"/>
                    <field name ="done_by" options="{'no_create': True, 'no_open': True, 'no_create_edit' : True}"/>
                    <field name ="checked_by" options="{'no_create': True, 'no_open': True, 'no_create_edit' : True}"/>
                    <field name ="remarks"/>
                </tree>
            </field>
        </record>  
        
        
        <!-- TREE VIEW ADDITION PRESERVATIVE -->
    <record model="ir.ui.view" id="view_prakruti_addition_preservative_tree">
            <field name="name">Addition Preservative</field>
            <field name="model">prakruti.addition_preservative</field>
            <field name="arch" type="xml">
                <tree string="Addition Preservative" editable="top"   >
                    <field name ="process_id"/>
                   <field name ="std_time" widget='float_time'/>
                    <!--<field name ="name_of_extract"/>
                    <field name ="name_of_solvent"/>-->
                    <field name ="machine_id" options="{'no_create': True, 'no_open': True, 'no_create_edit' : True}"/>
                    <field name ="start_time"/>
                    <field name ="end_time"/>
                    <field name ="temp_pressure_ph"/>
                    <field name ="done_by" options="{'no_create': True, 'no_open': True, 'no_create_edit' : True}"/>
                    <field name ="checked_by" options="{'no_create': True, 'no_open': True, 'no_create_edit' : True}"/>
                    <field name ="remarks"/>
                </tree>
            </field>
        </record>  
        
        
               
        <!-- TREE VIEW PREPARATION OF SYRUP -->
    <record model="ir.ui.view" id="view_prakruti_preparation_syrup_tree">
            <field name="name">Preparation Syrup</field>
            <field name="model">prakruti.preparation_syrup</field>
            <field name="arch" type="xml">
                <tree string="Preparation Syrup" editable="top"  >
                    <field name ="process_id"/>
                   <field name ="std_time" widget='float_time'/>
                    <!--<field name ="name_of_extract"/>
                    <field name ="name_of_solvent"/>-->
                    <field name ="machine_id" options="{'no_create': True, 'no_open': True, 'no_create_edit' : True}"/>
                    <field name ="quantity_of_sugar"/>
                    <field name ="volume_before"/>
                    <field name ="volume_after"/>
                    <field name ="start_time"/>
                    <field name ="end_time"/>
                    <field name ="temp_pressure_ph"/>
                    <field name ="done_by" options="{'no_create': True, 'no_open': True, 'no_create_edit' : True}"/>
                    <field name ="checked_by" options="{'no_create': True, 'no_open': True, 'no_create_edit' : True}"/>
                    <field name ="remarks"/>
                </tree>
            </field>
        </record>  
        
                    
    <!-- TREE VIEW OTHER INGREDIENT ADDITION -->
    <record model="ir.ui.view" id="view_prakruti_other_ingredient_addition_tree">
            <field name="name">Other Ingredient Addition</field>
            <field name="model">prakruti.other_ingredient_addition</field>
            <field name="arch" type="xml">
                <tree string="Other Ingredient Addition" editable="top"  >
                    <field name ="process_id"/>
                   <field name ="std_time" widget='float_time'/>
                   <!-- <field name ="name_of_extract"/>
                    <field name ="name_of_solvent"/>-->
                    <field name ="machine_id"  options="{'no_create': True, 'no_open': True, 'no_create_edit' : True}"/>
                    <field name ="ingredient_name"/>
                    <field name ="quantity"/>
                    <field name ="start_time"/>
                    <field name ="end_time"/>
                    <field name ="temp_pressure_ph"/>
                    <field name ="done_by" options="{'no_create': True, 'no_open': True, 'no_create_edit' : True}"/>
                    <field name ="checked_by" options="{'no_create': True, 'no_open': True, 'no_create_edit' : True}"/>
                    <field name ="remarks"/>
                </tree>
            </field>
        </record>  
        
         

    <!-- TREE VIEW PH CONTROL BUFFER ACTION -->
    <record model="ir.ui.view" id="view_prakruti_ph_control_buffer_action_tree">
            <field name="name">Ph Control Buffer Action</field>
            <field name="model">prakruti.ph_control_buffer_action</field>
            <field name="arch" type="xml">
                <tree string="Ph Control Buffer Action" editable="top"  >
                    <field name ="process_id"/>
                   <field name ="std_time" widget='float_time'/>
                  <!--  <field name ="name_of_extract"/>
                    <field name ="name_of_solvent"/>-->
                    <field name ="machine_id" options="{'no_create': True, 'no_open': True, 'no_create_edit' : True}"/>
                    <field name ="ingredient_name"/>
                    <field name ="quantity"/>
                    <field name ="ph_before"/>
                    <field name ="ph_after"/>
                    <field name ="start_time"/>
                    <field name ="end_time"/>
                    <field name ="done_by" options="{'no_create': True, 'no_open': True, 'no_create_edit' : True}"/>
                    <field name ="checked_by" options="{'no_create': True, 'no_open': True, 'no_create_edit' : True}"/>
                    <field name ="remarks"/>
                </tree>
            </field>
        </record>  
        
          
    <!-- TREE VIEW SOLVENT NAME -->
    <record model="ir.ui.view" id="view_prakruti_solvent_name_tree">
            <field name="name">Solvent Name</field>
            <field name="model">prakruti.solvent_name</field>
            <field name="arch" type="xml">
                <tree string="Solvent Name" editable="top"  >
                    <field name ="process_id"/>
                   <field name ="std_time" widget='float_time'/>
<!--                     <field name ="name_of_extract"/> -->
                    <field name ="name_of_solvent"/>
                    <field name ="machine_id" options="{'no_create': True, 'no_open': True, 'no_create_edit' : True}"/>
                    <field name ="volume_added"/>
                    <field name ="volume_before"/>
                    <field name ="volume_after"/>
                    <field name ="start_time"/>
                    <field name ="end_time"/>
                    <field name ="done_by" options="{'no_create': True, 'no_open': True, 'no_create_edit' : True}"/>
                    <field name ="checked_by" options="{'no_create': True, 'no_open': True, 'no_create_edit' : True}"/>
                    <field name ="remarks"/>
                 </tree>
            </field>
        </record>  

        <!-- TREE VIEW FILLING NAME -->
    <record model="ir.ui.view" id="view_prakruti_filling_tree">
            <field name="name">Filling</field>
            <field name="model">prakruti.filling</field>
            <field name="arch" type="xml">
                <tree string="Filling" editable="top"  >
                    <field name ="process_id"/>
                   <field name ="std_time" widget='float_time'/>
                   <!-- <field name ="name_of_extract"/>
                    <field name ="name_of_solvent"/>-->
                    <field name ="machine_id" options="{'no_create': True, 'no_open': True, 'no_create_edit' : True}"/>
                    <field name ="no_of_bottles_filled"/>
                    <field name ="no_of_bottles_rejected"/>
                    <field name ="total_bottles_accepted"/>
                    <field name ="start_time"/>
                    <field name ="end_time"/>
                    <field name ="done_by" options="{'no_create': True, 'no_open': True, 'no_create_edit' : True}"/>
                    <field name ="checked_by" options="{'no_create': True, 'no_open': True, 'no_create_edit' : True}"/>
                    <field name ="remarks"/>
                </tree>
            </field>
        </record>  
        
    <!-- TREE VIEW CODING -->
    <record model="ir.ui.view" id="view_prakruti_coding_tree">
            <field name="name">Coding</field>
            <field name="model">prakruti.coding</field>
            <field name="arch" type="xml">
                <tree string="Coding" editable="top"  >
                    <field name ="process_id"/>
                   <field name ="std_time" widget='float_time'/>
                   <!-- <field name ="name_of_extract"/>
                    <field name ="name_of_solvent"/>-->
                    <field name ="machine_id" options="{'no_create': True, 'no_open': True, 'no_create_edit' : True}"/>
                    <field name ="start_time"/>
                    <field name ="end_time"/>
                    <field name ="no_of_units_code"/>
                    <field name ="no_of_units_rejected"/>
                    <field name ="total_units_accepted"/>
                    <field name ="done_by" options="{'no_create': True, 'no_open': True, 'no_create_edit' : True}"/>
                    <field name ="checked_by" options="{'no_create': True, 'no_open': True, 'no_create_edit' : True}"/>
                    <field name ="remarks"/>
                </tree>
            </field>
        </record>      

        <!-- TREE VIEW Packing -->
    <record model="ir.ui.view" id="view_prakruti_packing_tree">
            <field name="name">Packing</field>
            <field name="model">prakruti.packing</field>
            <field name="arch" type="xml">
                <tree string="Packing" editable="top"  >
                    <field name ="process_id"/>
                    <field name ="std_time" widget='float_time'/>
                    <!--<field name ="name_of_extract"/>
                    <field name ="name_of_solvent"/>-->
                    <field name ="machine_id" options="{'no_create': True, 'no_open': True, 'no_create_edit' : True}"/>
                    <field name ="start_time" />
                    <field name ="end_time" />
                    <field name ="packing_style"/>
                    <field name ="no_of_packing"/>
                    <field name ="done_by" options="{'no_create': True, 'no_open': True, 'no_create_edit' : True}"/>
                    <field name ="checked_by" options="{'no_create': True, 'no_open': True, 'no_create_edit' : True}"/>
                    <field name ="remarks"/>
                </tree>
            </field>
        </record>   
        
        <!-- TREE VIEW Equipment Down Time -->
   <!-- <record model="ir.ui.view" id="view_prakruti_equipment_down_time_tree">
            <field name="name">Equipment Down Time</field>
            <field name="model">prakruti.equipment_down_time</field>
            <field name="arch" type="xml">
                <tree string="Equipment Down Time" editable="top" >
                    <field name ="process_id"/>
                   <field name ="std_time" widget='float_time'/>
                   
                    <field name ="stage"/>
                    <field name ="machine_id"/>
                    <field name ="start_time" />
                    <field name ="end_time" />
                    <field name ="remarks"/>
                    
                </tree>
            </field>
        </record>  -->
        
    <!-- TREE VIEW Deviations If Any -->
   <!-- <record model="ir.ui.view" id="view_prakruti_deviations_tree">
            <field name="name">Deviations</field>
            <field name="model">prakruti.deviations</field>
            <field name="arch" type="xml">
                <tree string="Deviations" editable="top" >
                    <field name ="process_id"/>
                   <field name ="std_time" widget='float_time'/>
                   
                    <field name ="stage"/>
                    <field name ="machine_id"/>
                    <field name ="deviation"/>
                    <field name ="start_time" />
                    <field name ="end_time" />
                    <field name ="remarks"/>
                    
                </tree>
            </field>
        </record> -->
        
        
     <!-- TREE VIEW Break Down Item-->
    <record model="ir.ui.view" id="view_prakruti_production_syrup_breakdown_tree">
            <field name="name">Production Break Down</field>
            <field name="model">prakruti.production_breakdown_syrup</field>
            <field name="arch" type="xml">
                <tree string="Production Break Down" editable="top"  >
                    <field name ="process_id"/> 
                    <field name ="machine_id" options="{'no_create': True, 'no_open': True, 'no_create_edit' : True}"/>
                    <field name ="breakdown_id"/>
                    <field name ="running_hours"/>
                    <field name ="breakdown_hours"/>
                     <field name ="checked_by"/> 
                    <field name ="remarks"/>
                </tree>
            </field>
        </record>
        
     <record model="ir.ui.view" id="view_prakruti_syrup_production_pivot">
            <field name="name">prakruti.syrup_production.pivot</field>
            <field name="model">prakruti.syrup_production</field>
            <field name="arch" type="xml">
                <pivot string=" Production Syrup" display_quantity="True">
                    <field name="subplant_id" type="row"/>
                    <field name="batch_id"/>
                    <field name="created_by"/>
                </pivot>
            </field>
        </record>
        
        
    <record model="ir.actions.act_window" id="prakruti_syrup_production_action">
            <field name="name">Production Syrup</field>
            <field name="res_model">prakruti.syrup_production</field>
            <field name="view_type">form</field>
            <field name="view_mode">tree,form,pivot</field>
        </record>
        
        
   
       
        <menuitem id="prakruti_syrup_production_main_sub_menu" name="Syrup Production" action="prakruti_syrup_production_action" sequence="6"
                  parent="prakruti_production_slip_main_sub_menu" groups="group_prakruti_syrup_production_read_only,group_prakruti_syrup_production_edit,group_prakruti_syrup_production_create,group_prakruti_syrup_production_delete"/>
  
</data>
</openerp>
            
                        