<?xml version="1.0" encoding="utf-8"?>
<openerp>
    <data>
        <record model="ir.ui.view" id="view_prakruti_syrup_search">
            <field name="name">prakruti.syrup.search</field>
            <field name="model">prakruti.syrup</field>
            <field name="arch" type="xml">
                <search string="Product Wise Search">
                    <field name ="subplant_id"  />
                    <field name ='batch_no' />
                    <field name="date"/>
                    <field name='state'/>
                </search>
            </field>
        </record>
        <record model="ir.ui.view" id="view_prakruti_syrup_form">
            <field name="name">Syrup</field>
            <field name="model">prakruti.syrup</field>
            <field name="arch" type="xml">
                <form string="Syrup">
                        <header>
                            <button name ='request_to_stores' string="Request" type="object" class="oe_highlight" attrs="{'invisible':[('state', 'in', ('sent_stores','packing_request','extra_packing_issue','extra_issue','issued_quant','issued_pack'))]}"/>
                            
                            <button name ='request_packing_material_issue' string="Packing Material Request" type="object" class="oe_highlight" attrs="{'invisible':[('state', 'in',('draft' ,'packing_request','extra_packing_issue','issued_pack'))]}"/>
                            
                            <button name ='request_to_stores_for_extra_issue' string="Issue Extra Raw Material" type="object" class="oe_highlight" attrs="{'invisible':[('state', 'in', ('draft','packing_request'))]}"/>
                            
                            <button name ='request_to_stores_for_extra_issue_packing' string="Issue Extra Packing" type="object" class="oe_highlight"  attrs="{'invisible':[('state', 'in', ('draft','sent_stores','extra_issue','issued_quant'))]}"/>
                             
                            <button name='duplicate_bom' string="Duplicate" type="object" class="oe_highlight" attrs="{'invisible':[('is_duplicate', '=', True)]}"/>
                        </header>
                            <group>
                                    <group>
                                        <field name ="is_duplicate"/>      
                                        <field name ="existing_batch_no" invisible="True"/>
                                        <field name ="subplant_id" on_change="onchange_subplant_id(subplant_id)" options="{'no_create': True, 'no_open': True, 'no_create_edit' : True}" domain="[('plant_type','=','syrup')]" style="color: red; font-weight: bold;" attrs="{'readonly':[('readonly_flag', '=', 1)]}"/>
                                        <field name='batch_no'  on_change="onchange_batch_id(batch_no)" domain="['&amp;',('plant_type','=','syrup'),('subplant_id','=',subplant_id)]" options="{'no_create': True, 'no_open': True, 'no_create_edit' : True}" attrs="{'readonly':[('readonly_flag', '=', 1)]}"/>
                                        <field name='std_batch_size_id' domain="[ ('subplant_id','=',subplant_id)]" options="{'no_create': True, 'no_open': True, 'no_create_edit' : True}" attrs="{'readonly':[('readonly_flag', '=', 1)]}"/>
                                        <field name='actual_batch_size' attrs="{'readonly':[('readonly_flag', '=', 1)]}"/>
                                    </group>
                                    <group>
                                        <field name ="date" attrs="{'readonly':[('readonly_flag', '=', 1)]}"/>
                                        <field name ="assay_per" attrs="{'readonly':[('readonly_flag', '=', 1)]}"/>
                                        <field name ='label_claim' attrs="{'readonly':[('readonly_flag', '=', 1)]}"/>
                                        <field name ='dept_id' attrs="{'readonly':[('readonly_flag', '=', 1)]}"/>
                                        <field name ='state' readonly="True"/>                             
                                        <field name ="readonly_flag" invisible="True"/>                             
                                        <field name ="duplicate_flag" invisible="True"/>
                                        <field name ="flag_count" invisible="True"/>                            
                                        <field name ="flag_display_product" invisible="True"/>                             
                                        <field name ="flag_delete_product" invisible="True"/>                 
                                        <field name ="flag_display_product1" invisible="True"/>                             
                                        <field name ="flag_delete_product1" invisible="True"/>
                                    </group>
                            </group>
                                  
                        <notebook>
                                    <page string='Product Details'>
                                        <div>
                                            <button name="action_list_products"  string="List" type="object" attrs="{'invisible':[('flag_display_product','=',1),('flag_delete_product','=',0)]}"/>
                                            <button name="action_delete_products"  string="Delete" type="object" attrs="{'invisible':[('flag_delete_product','=',1),('flag_display_product','=',0)]}"/>
                                        </div>  
                                        <field name='grid_id'>
                                            <tree editable='top'>
                                                <field name ="id" invisible="True"/>
                                                <field name='product_id' on_change="onchange_product_id(product_id)" options="{'no_create': True, 'no_open': True, 'no_create_edit' : True}" attrs="{'readonly':[('readonly_grid', '=', 1)]}"/>
                                                <field name='description' attrs="{'readonly':[('readonly_grid', '=', 1)]}"/>
                                                <field name='uom_id' options="{'no_create': True, 'no_open': True, 'no_create_edit' : True}" attrs="{'readonly':[('readonly_grid', '=', 1)]}"/>
                                                <field name='ar_no' options="{'no_create': True, 'no_open': True, 'no_create_edit' : True}" domain="[ ('product_id','=',product_id)]"/>
                                                <field name='grn_no' options="{'no_create': True, 'no_open': True, 'no_create_edit' : True}"/> 
                                                <field name='std_wgt'/>
                                                <field name='composition'/>
                                                <field name='material_weight'/>
                                                <field name='actual_weight' attrs="{'readonly':[('readonly_grid', '=', 1)]}"/>
                                                <field name='extra_qty' attrs="{'readonly':[('extra_flag', '=', 0)]}"/>
                                                <field name='issued_weight' readonly="True" />
                                                <field name='weight_return' />
                                                <field name='extra_issued_qty' readonly="True"/>
                                                <field name='weighed_by' options="{'no_create': True, 'no_open': True, 'no_create_edit' : True}"/>
                                                <field name='checked_by' options="{'no_create': True, 'no_open': True, 'no_create_edit' : True}" />
                                                <field name='extra_flag' invisible="True"/>
                                                <field name='readonly_grid' invisible="True"/>
                                            </tree>
                                        </field> 
                                    </page>
                                     <page string='Packing Details'>
                                        <div>
                                            <button name="action_list_packing_products"  string="List" type="object" attrs="{'invisible':[('flag_display_product1','=',1),('flag_delete_product1','=',0)]}"/>
                                            <button name="action_delete_packing_products"  string="Delete" type="object" attrs="{'invisible':[('flag_delete_product1','=',1),('flag_display_product1','=',0)]}"/>
                                        </div>  
                                        <field name='grid_id1'>
                                            <tree editable='top'>
                                                <field name='product_id'  on_change="onchange_product_id(product_id)" domain="[('group_ref','=',(3,24))]" attrs="{'readonly':[('readonly_grid', '=', 1)]}" options="{'no_create': True, 'no_open': True, 'no_create_edit' : True}"/>
                                                <field name='description' attrs="{'readonly':[('readonly_grid', '=', 1)]}"/>
                                                <field name='uom_id' options="{'no_create': True, 'no_open': True, 'no_create_edit' : True}" attrs="{'readonly':[('readonly_grid', '=', 1)]}"/>
                                                <field name='ar_no' options="{'no_create': True, 'no_open': True, 'no_create_edit' : True}" domain="[ ('product_id','=',product_id)]"/>
                                                <field name='grn_no' /> 
                                                <field name='std_wgt'/>
                                                <field name='composition'/>
                                                <field name='extra_no_of_packing'/>
                                                <field name='extra_issued_weight' />
                                                <field name='material_weight'/>
                                                <field name='actual_weight' attrs="{'readonly':[('readonly_grid', '=', 1)]}"/>
                                                <field name='extra_qty' attrs="{'readonly':[('extra_flag', '=', 0)]}"/>
                                                <field name='issued_weight' readonly="True" />
                                                <field name='weight_returned'/>
                                                <field name='extra_issued_qty' readonly="True" />
                                                <field name='extra_issued_packing' readonly="True" />
                                                <field name='weighed_by' options="{'no_create': True, 'no_open': True, 'no_create_edit' : True}"/>
                                                <field name='checked_by' options="{'no_create': True, 'no_open': True, 'no_create_edit' : True}" />
                                                <field name='extra_flag' invisible="True"/>
                                                <field name='readonly_grid' invisible="True"/>
                                            </tree>
                                        </field> 
                                    </page>
                                    <page string='Other details'>
                                    <group string = 'Other Information'/>
                                    <group colspan= "4" col= "4">
                                        <field name= "material_issued_by"/>
                                        <field name= 'material_checked_by'/>
                                        <field name= 'material_recieved_by'/>
                                        <field name= 'material_requested_by'/>
                                        <field name= "mrn_no"/>
                                        <field name= 'mrn_date_time' />
<!--                                         <field name= 'company_id' /> -->
                                    </group>
                                </page>
                                </notebook>
                </form>
        </field>
        </record>

        <record model="ir.ui.view" id="view_prakruti_syrup_tree">
            <field name="name">Syrup</field>
            <field name="model">prakruti.syrup</field>
            <field name="arch" type="xml">
                <tree string="Syrup">
                    <field name ="subplant_id"  options="{'no_create': True, 'no_open': True, 'no_create_edit' : True}"/>
                    <field name ='batch_no' />
                    <field name="date"/>
                    <field name='state'/>
                    <field name ="is_duplicate"/>
                </tree>
            </field>
        </record>  
        
     <record model="ir.ui.view" id="view_prakruti_syrup_pivot">
            <field name="name">prakruti.syrup.pivot</field>
            <field name="model">prakruti.syrup</field>
            <field name="arch" type="xml">
                <pivot string=" syrup" display_quantity="True">
                    <field name="subplant_id" type="row"/>
                    <field name='state'/>
                    <field name ='batch_no' />
                </pivot>
            </field>
        </record> 

        <record model="ir.actions.act_window" id="prakruti_syrup_action">
            <field name="name">Syrup</field>
            <field name="res_model">prakruti.syrup</field>
            <field name="view_type">form</field>
            <field name="view_mode">tree,form,pivot</field>
        </record>
        
       
        
        <menuitem name="Syrup BOM" id="prakruti_syrup_menu" action="prakruti_syrup_action" sequence='5'
                  parent="prakruti_production_planning_menu" groups="group_prakruti_syrup_read_only,group_prakruti_syrup_edit,group_prakruti_syrup_create,group_prakruti_syrup_delete"/>
        
    </data>
</openerp>