<?xml version="1.0" encoding="UTF-8"?>
<openerp>
    <data>	
        <record id="email_template_prakruti_invoice_tracking" model="email.template">
            <field name="name">Invoice Delivery Date Exceeds</field>
            <field name="email_from">no-reply@prakruti.com</field>          
            <field name="email_to">ravikant@prakruti.com</field>
            <field name="model_id" ref="model_prakruti_invoice_tracking_notifications"/>
            <field name="auto_delete" eval="True"/> 	    
        </record>

    </data>
</openerp>    
