<?xml version="1.0" encoding="UTF-8"?>
<openerp>
    <data>	
        <record id="email_template_plant_incharge_email_report" model="email.template">
            <field name="name">Verify Mail to Plants</field>
            <field name="email_from">production@prakruti.com</field>          
            <field name="email_to">anilkumar.r@winstrata.com</field>
            <field name="model_id" ref="model_report_production_report_email"/>
            <field name="auto_delete" eval="True"/> 	    
        </record>

    </data>
</openerp>    
