<?xml version="1.0" encoding="utf-8"?>
<openerp>
<data noupdate="0">

    <record id="group_purchase_user" model="res.groups">
        <field name="name">User</field>
        <field name="implied_ids" eval="[(4, ref('base.group_user'))]"/>
        <field name="category_id" ref="base.module_category_purchase_management"/>
    </record>

    <record id="group_purchase_manager" model="res.groups">
        <field name="name">Manager</field>
        <field name="category_id" ref="base.module_category_purchase_management"/>
        <field name="implied_ids" eval="[(4, ref('group_purchase_user'))]"/>
        <field name="users" eval="[(4, ref('base.user_root'))]"/>
    </record>

    <record id="group_analytic_accounting" model="res.groups">
        <field name="name">Analytic Accounting for Purchases</field>
        <field name="category_id" ref="base.module_category_hidden"/>
        <field name="implied_ids" eval="[(4, ref('analytic.group_analytic_accounting'))]"/>
    </record>

    <record id="group_advance_bidding" model="res.groups">
        <field name="name">Advance bidding process</field>
        <field name="category_id" ref="base.module_category_hidden"/>
    </record>

    <record id="group_manage_vendor_price" model="res.groups">
        <field name="name">Manage Vendor Price</field>
        <field name="category_id" ref="base.module_category_hidden"/>
    </record>

</data>
<data noupdate="1">

    <record model="ir.rule" id="purchase_order_comp_rule">
        <field name="name">Purchase Order multi-company</field>
        <field name="model_id" ref="model_purchase_order"/>
        <field name="global" eval="True"/>
        <field name="domain_force">['|',('company_id','=',False),('company_id','child_of',[user.company_id.id])]</field>
    </record>

    <record model="ir.rule" id="purchase_order_line_comp_rule">
        <field name="name">Purchase Order Line multi-company</field>
        <field name="model_id" ref="model_purchase_order_line"/>
        <field name="global" eval="True"/>
        <field name="domain_force">['|',('company_id','=',False),('company_id','child_of',[user.company_id.id])]</field>
    </record>

</data>
</openerp>
