<?xml version="1.0" encoding="utf-8"?>
<openerp>
    <data>
        
        <record model="ir.ui.view" id="view_prakruti_sales_inquiry_search">
            <field name="name">Prakruti Sales Inquiry Search</field>
            <field name="model">prakruti.sales_inquiry</field>
            <field name="arch" type="xml">
                <search string="Product Wise Search">
                    <field name="product_id"/>
                    <field name='inquiry_no'/>
                    <field name='inquiry_date'/>
                    <field name='customer_id'/>
                    <field name='requested_id'/>
                    <field name="state"/>
                    <field name='revised_status' />
                </search>
            </field>
        </record>
        
        
        <record model="ir.ui.view" id="view_prakruti_sales_inquiry_pivot">
            <field name="name">prakruti.sales_inquiry.pivot</field>
            <field name="model">prakruti.sales_inquiry</field>
            <field name="arch" type="xml">
                <pivot string=" Sales Inquiry" display_quantity="True">
                    <field name="requested_id" type="row"/>
                    <field name='customer_id'/>
                </pivot>
            </field>
        </record>
        
     <record model="ir.ui.view" id="view_prakruti_sales_inquiry_form">
         <field name="name">prakruti.sales_inquiry.form</field>
         <field name="model">prakruti.sales_inquiry</field>
         <field name="arch" type="xml">
             <form string="Prakruti Sales Inquiry Information">
                 <header position="inside">
                     <button name="action_to_quotation" string="To Quotation" type="object" attrs="{'invisible':[('state', 'not in', ('inquiry'))]}"/>
                    <field name='state' widget='statusbar'/>
                     <field name='revised_status' widget='statusbar' attrs="{'invisible':[('revised_status', 'not in', ('revised'))]}"/>
                 </header>
                 
                     <group  name = 'sales_inquiry' string = 'Sales Inquiry'/>
                        <group>
                            <group>
                                <field name='inquiry_date' attrs="{'readonly':[('state', 'not in', ('inquiry'))]}"/>
                                <field name='requested_id'  options="{'no_create': True, 'no_open': True, 'no_create_edit' : True}"/>
                                 <field name='shipping_id' options="{'no_create': True, 'no_open': True, 'no_create_edit' : True}" attrs="{'readonly':[('state', 'not in', ('inquiry'))]}"/>  <!--domain="[('commercial_partner_id','=',customer_id),('type','=','delivery')]"-->
                                  <field name='product_type_id' domain="[('id','=',(5,6))]"  options="{'no_create': True, 'no_open': True, 'no_create_edit' : True}" attrs="{'readonly':[('state', 'not in', ('inquiry'))]}"/>
                            </group>
                            <group>
                                <field name='inquiry_no'/>
                                <field name='customer_id' domain="[('customer','=',True)]"  options="{'no_create': True, 'no_open': True, 'no_create_edit' : True}" attrs="{'readonly':[('state', 'not in', ('inquiry'))]}"/>
                                <field name='billing_id'   options="{'no_create': True, 'no_open': True, 'no_create_edit' : True}" attrs="{'readonly':[('state', 'not in', ('inquiry'))]}"/> <!--domain="[('commercial_partner_id','=',customer_id),('type','=','invoice')]"-->
                               
                            </group>
                            <group>
                                <field name='inq_no' invisible="True"/>
                                <field name='auto_no' invisible="True"/>
                                <field name='req_no_control_id1' invisible="True"/>
                            </group>
                            <notebook colspan="2">
                                <page  string="Product Details">
                                    <field name='grid_id' attrs="{'readonly':[('state', 'not in', ('inquiry'))]}"/>
                                </page>
                                <page string="Others">
                                    <group>
                                        <field name='terms_id' attrs="{'readonly':[('state', 'not in', ('inquiry'))]}"/> 
                                        <field name='reference_no' attrs="{'readonly':[('state', 'not in', ('inquiry'))]}"/> 
                                        <field name='reference_date' attrs="{'readonly':[('state', 'not in', ('inquiry'))]}"/>
                                        <field name='revision_no' attrs="{'readonly':[('state', 'not in', ('inquiry'))]}"/>
                                        <field name="remarks" attrs="{'readonly':[('state', 'not in', ('inquiry'))]}"/>
                                        <field name="company_id"/>
                                    </group>
                                </page>
                            </notebook>
                    </group>
               
             </form>
         </field>
     </record>
     
     <record model="ir.ui.view" id="view_prakruti_sales_inquiry_tree">
         <field name="model">prakruti.sales_inquiry</field>
         <field name="arch" type="xml">
             <tree string="Prakruti Sales Inquiry Information" colors="orange:state =='partially_confirmed';brown:state =='production_slip_confirmed';red:state =='rejected';green:state =='confirm';violet:state =='partial_order';">
                 <field name='inquiry_no'/>
                 <field name='inquiry_date'/>
                 <field name='customer_id'/>
                 <field name='requested_id'/>
                 <field name="state"/>
                 <field name='revised_status' />
             </tree>
         </field>
     </record>
     <record model="ir.ui.view" id="view_prakruti_sales_inquiry_item_tree">
         <field name="name">prakruti.sales_inquiry_item.tree</field>
         <field name="model">prakruti.sales_inquiry_item</field>
         <field name="arch" type="xml">
             <tree string="Prakruti Sales Inquiry Item " editable="bottom">
                 <field name="product_id" on_change="onchange_product(product_id)" options="{'no_create': True, 'no_open': True, 'no_create_edit' : True}" domain="[ ('group_ref','=',parent.product_type_id)]"/>
                 <field name="uom_id" options="{'no_create': True, 'no_open': True, 'no_create_edit' : True}" />
                 <field name="description" />
                 <field name='customer_id' options="{'no_create': True, 'no_open': True, 'no_create_edit' : True}" invisible="True"/>
                 <field name="specification_id" options="{'no_create': True, 'no_open': True, 'no_create_edit' : True}" domain="['&amp;',('product_id','=',product_id),'|',('specification_sale_status','=',True),('common_specification','=',True)]" />
                 <field name="material_type" />
                 <field name="quantity" />
                 <field name="remarks" />
                 <field name='actual_unit_price' invisible="True"/>
                 <field name='hsn_code' invisible="True"/>
                 <field name="main_id" invisible="True"/>
             </tree>
         </field>
     </record>
     
     <record model="ir.actions.act_window" id="prakruti_sales_inquiry_action">
         <field name="name">Prakruti Sales Inquiry</field>
         <field name="res_model">prakruti.sales_inquiry</field>
         <field name="view_type">form</field>
         <field name="view_mode">tree,form,pivot</field>
     </record>
	
     <menuitem id="prakruti_sales_main_menu" name="Sales" sequence="5"  web_icon="prakruti,static/src/img/icons/SALES2.jpg"/>
     <menuitem id="prakruti_sales_main_sub_menu" name="Sales" parent="prakruti_sales_main_menu" sequence="1"/>
     <menuitem name="Sales Inquiry" id="prakruti_sales_inquiry_menu" action="prakruti_sales_inquiry_action" sequence="1" parent="prakruti_sales_main_sub_menu" 
               groups="prakruti.group_prakruti_sales_inquiry_read_only,prakruti.group_prakruti_sales_inquiry_edit,prakruti.group_prakruti_sales_inquiry_create,prakruti.group_prakruti_sales_inquiry_delete"/>
     
</data>
</openerp>
