<?xml version="1.0" encoding="utf-8"  ?>
<openerp>
 <data>
        
        <record model="ir.ui.view" id="view_prakruti_sales_invoice_search">
            <field name="name">Prakruti Sales Invoice Search</field>
            <field name="model">prakruti.sales_invoice</field>
            <field name="arch" type="xml">
                <search string="Product Wise Search">
                    <field name="product_id"/>
                    <field name ="invoice_type"/>
                    <field name ="invoice_no"/>
                    <field name ="invoice_date"/>
                    <field name ="dispatch_no" />
                    <field name ="order_no" />
                    <field name ="customer_id" />
                    <field name ="order_no" />
                    <field name="state"/>
                </search>
            </field>
        </record>
        
     <record model="ir.ui.view" id="view_prakruti_sales_invoice_pivot">
            <field name="name">prakruti.sales_invoice.pivot</field>
            <field name="model">prakruti.sales_invoice</field>
            <field name="arch" type="xml">
                <pivot string=" Sales Invoice" display_quantity="True">
                    <field name="customer_id" type="row"/>
                    <field name='state' />              
                </pivot>
            </field>
        </record>
        
        
     <record model="ir.ui.view" id="view_prakruti_sales_invoice_form">
        <field name="name">Sales Invoice</field>
        <field name="model">prakruti.sales_invoice</field>
        <field name="arch" type="xml">
            <form string="Sales Invoice" create= "false">
                <header position="inside" > 
                    <button name= 'invoice_to_return' string="Return" type="object" attrs="{'invisible':[('state', 'in',('return'))]}"/>
                    <!-- THESE BUTTONS ARE ADDED FOR SEPARATE PRINT BUTTON ACTION BASED ON INVOICE TYPE -->
                    <button  name='print_commercial_sales_invoice' string="Commercial Invoice" type="object" attrs="{'invisible':[('invoice_type', 'in',('export_invoice'))]}"/>                    
                    <button  name='print_export_sales_invoice' string="Export Invoice" type="object" attrs="{'invisible':[('invoice_type', 'in',('commercial_invoice'))]}"/>                    
                    <!--<button  name='print_excise_invoice' string="Excise Invoice" type="object" attrs="{'invisible':[('invoice_type', 'in',('d_e_i','d_ct1_i','meis_i','pro_i','r_m_i','com_i','tra_i','ex_i_s','c_i_s'))]}"/>                    
                    <button  name='print_meis_invoice' string="Meis Invoice" type="object" attrs="{'invisible':[('invoice_type', 'in',('d_ct1_i','ex_i','d_e_i','pro_i','r_m_i','com_i','tra_i','ex_i_s','c_i_s'))]}"/>                    
                    <button  name='print_processing_invoice' string="Processing Invoice" type="object" attrs="{'invisible':[('invoice_type', 'in',('d_ct1_i','ex_i','d_e_i','meis_i','r_m_i','com_i','tra_i','ex_i_s','c_i_s'))]}"/>                    
                    <button  name='print_raw_material_invoice' string="Raw Material Invoice" type="object" attrs="{'invisible':[('invoice_type', 'in',('d_ct1_i','ex_i','d_e_i','meis_i','pro_i','com_i','tra_i','ex_i_s','c_i_s'))]}"/>                    
                    <button  name='print_commercial_invoice' string="Commercial Invoice" type="object" attrs="{'invisible':[('invoice_type', 'in',('d_ct1_i','ex_i','d_e_i','meis_i','pro_i','r_m_i','tra_i','ex_i_s','c_i_s'))]}"/>
                    <button  name='print_trading_invoice' string="Trading Invoice" type="object" attrs="{'invisible':[('invoice_type', 'in',('d_ct1_i','ex_i','d_e_i','meis_i','pro_i','r_m_i','com_i','ex_i_s','c_i_s'))]}"/>
                    <button  name='print_excise_sales_invoice' string="Excise Sales Invoice" type="object" attrs="{'invisible':[('invoice_type', 'in',('d_ct1_i','ex_i','d_e_i','meis_i','pro_i','r_m_i','com_i','tra_i','c_i_s'))]}"/>
                    <button  name='print_commercial_invoice_sales' string="Commercial Sales Invoice" type="object" attrs="{'invisible':[('invoice_type', 'in',('d_ct1_i','ex_i','d_e_i','meis_i','pro_i','r_m_i','com_i','tra_i','ex_i_s'))]}"/>-->
                </header>
                <group>
                    <field name ="inv_no" invisible="True"/>
                    <field name ="auto_no" invisible="True"/>
                    <field name ="req_no_control_id" invisible="True"/>
<!--                     <field name='what_is_bed_type' invisible='True'/> -->
<!--                     <field name='what_is_ed_cess_type' invisible='True'/> -->
<!--                     <field name='what_is_sec_cess_type' invisible='True'/> -->
<!--                     <field name='formulation_bed_iamt_amount_in_words' invisible='True' /> -->
<!--                     <field name='formulation_bed_iamt_amount' invisible='True'/> -->
                    <field name='product_type_id' domain="[('id','=',(5,6))]"  options="{'no_create': True, 'no_open': True, 'no_create_edit' : True}" invisible='True'/>
                    <field name='slip_no' invisible='True'/> 
                </group>   
                <!--<group invisible="True">     
                    <field name='new_bed_amt' />
                    <field name='new_ed_cess_amt' />
                    <field name='new_sec_cess_amt' />
                    <field name='new_total_tax' />
                    <field name='new_total_vat' />
                    <field name='new_total_cst' />
                    <field name='new_total_sbc' />
                    <field name='new_total_kkc' />
                </group>-->
                        <group name = 'invoice' string = "Sales Invoice"/>
                            <group colspan="4" col="4">
                                <field name ="invoice_no" style="color: orange; font-weight: bold;"/>
                                <field name ="invoice_type" style="color: green; font-weight: bold;"/>
                                <field name ="terms_payment" />
                                <field name ="invoice_date"/>
                                <field name ="dispatch_no" />
                                <field name ="dispatch_date" />
                                <field name ="order_no" />
                                <field name ="order_date" />
                                <field name ="supplier_ref" />
                                <field name ="dispatch_through" />
                                <field name ="company_address" options="{'no_create': True, 'no_open': True, 'no_create_edit' : True}"/>
                                <field name ="customer_id" options="{'no_create': True, 'no_open': True, 'no_create_edit' : True}" /> 
                                <field name ="billing_id" options="{'no_create': True, 'no_open': True, 'no_create_edit' : True}" /> 
                                <field name ="shipping_id" options="{'no_create': True, 'no_open': True, 'no_create_edit' : True}" />
                                <field name='state' readonly="True"/>              
                                <field name='po_no' readonly="True"/>
<!--                                 <field name='type_of_product' />  -->
<!--                                 <field name='type_of_order' />   -->
                                <field name='return_id'  options="{'no_create': True, 'no_open': True, 'no_create_edit' : True}" />
                                <field name='reference_no' readonly="True"/>
                                <field name='reference_date' readonly="True"/>          
                                <field name='dispatch_id' options="{'no_create': True, 'no_open': True, 'no_create_edit' : True}" invisible="True" />
                                <field name='order_id'  options="{'no_create': True, 'no_open': True, 'no_create_edit' : True}" invisible="True"/>
                                <field name='requested_id'  options="{'no_create': True, 'no_open': True, 'no_create_edit' : True}" invisible="True"/>
                                <field name='quotation_id'  options="{'no_create': True, 'no_open': True, 'no_create_edit' : True}" invisible="True"/>
                        </group>
                        
                        <notebook>
                            <page string='Product Details'>
                                <field name='grid_id' widget='one2many_list'>
                                    <tree editable='bottom' delete= "false">
                                        <field name='product_id' options="{'no_create': True, 'no_open': True, 'no_create_edit' : True}" domain="[ ('group_ref','=',parent.product_type_id)]" />
                                        <field name="description" />
                                        <field name='uom_id' options="{'no_create': True, 'no_open': True, 'no_create_edit' : True}" />
                                        <field name='specification_id' domain="[('product_id','=',product_id)]" options="{'no_create': True, 'no_open': True, 'no_create_edit' : True}" />
                                        <field name='batch_no' options="{'no_create': True, 'no_open': True, 'no_create_edit' : True}" domain="[('subplant_id.subplant_id','=',product_id)]"/>
                                        <field name="packing_details" />
                                        <!-- GST ENTRY -->
                                        <!-- ################################################ -->
                                        <field name='hsn_code' readonly="True"/>
                                        <field name='quantity' readonly="True"/><!-- OLD ENTRY -->
                                        <field name='unit_price'/><!-- OLD ENTRY -->
                                        <field name='amount'/>
                                        <field name='discount' />
                                        <field name='taxable_value'/>
                                        <field name='proportionate_amount_to_products' invisible="True"/>
                                        <field name='taxable_value_with_charges'/>
                                        <field name='gst_rate' invisible="True"/>
                                        <field name='cgst_id' options="{'no_create': True, 'no_open': True, 'no_create_edit' : True}"/>
                                        <field name='cgst_value' invisible="True"/>
                                        <field name='cgst_amount'/>
                                        <field name='sgst_id' options="{'no_create': True, 'no_open': True, 'no_create_edit' : True}"/>
                                        <field name='sgst_value' invisible="True"/>
                                        <field name='sgst_amount'/>
                                        <field name='igst_id' options="{'no_create': True, 'no_open': True, 'no_create_edit' : True}"/>
                                        <field name='igst_value' invisible="True"/>
                                        <field name='igst_amount'/>
                                        <!-- ################################################ -->
                                        <field name='total' />
                                        <field name='remarks'/>                      
                                        <field name='status' invisible="True"/> 
                                        <!--<field name='assessable_value' invisible="True"/>
                                        <field name='iv_assessable_value' invisible="True"/>
                                        <field name='total1'  invisible="True"/>
                                        <field name='type_of_product' invisible="True"/> 
                                        <field name='type_of_order' invisible="True"/>
                                        <field name='order_type'  invisible="True"/>                  
                                        <field name='bed_itype' invisible="True"/>
                                        <field name='bed_ipercentage' invisible="True"/>
                                        <field name='bed_iqty' invisible="True"/>
                                        <field name='bed_iamt' invisible="True"/>                                        
                                        <field name='ed_cess_itype' invisible="True"/> 
                                        <field name='ed_cess_iqty' invisible="True"/>
                                        <field name='ed_cess_ipercentage' invisible="True"/>
                                        <field name='ed_cess_iamt' invisible="True"/>                                        
                                        <field name='sec_cess_itype' invisible="True"/>
                                        <field name='sec_cess_iqty' invisible="True"/>
                                        <field name='sec_cess_ipercentage' invisible="True"/> 
                                        <field name='sec_cess_iamt' invisible="True"/>
                                        <field name='mfg_date'  />
                                        <field name='exp_date' />
                                        <field name='tarrif_id'  readonly="True "/>
                                        <field name ="packing_style" />
                                        <field name ="no_of_packings" />
                                        <field name ="extra_packing" />
                                        <field name='mrp' />-->
                                    </tree>
                                </field>
                                <!--<button  name='update_sales_order_tax_line' string="Update Tax Line" type="object"  />
                                
                                <field name='tax_line_id'>
                                    <tree editable='bottom'>
                                        <field name='tax_type' options="{'no_create': True, 'no_open': True, 'no_create_edit' : True}" />
                                        <field name='select_type'/>
                                        <field name='tax_percent'/>
                                        <field name='tax_amount'/>
                                        <field name='total_value'/>
                                    </tree>
                                </field>-->
                                <group name="total_details"  string='Total'>
                                    <group class="oe_subtotal_footer oe_left">
                                        <field name='total_no_of_products' invisible="True"/>
                                        <field name='proportionate_amount_to_products' invisible="True"/>
                                        <field name='freight_charges'/>
                                        <field name='loading_and_packing_charges'/>
                                        <field name='insurance_charges'/>
                                        <field name='other_charges'/>
                                        <field name='all_additional_charges' invisible="True"/>
                                        <field name='total_amount_before_tax'/>
                                        <field name='total_cgst_amount' invisible="True"/>
                                        <field name='total_sgst_amount' invisible="True"/>
                                        <field name='total_igst_amount' invisible="True"/>
                                        <field name='total_gst_amount' />
                                        <field name='total_amount_after_tax'/>
                                        <field name='grand_total'/>
                                    </group>
                                    <group>
                                        <field name="grand_total_in_words" invisible="True"/>
                                    </group>
                                    <!--<group class="oe_subtotal_footer oe_left">
                                        <field name='subtotal'/>
                                        <field name='assessable_subtotal' invisible="True"/>
                                        <field name='assessable_value' invisible="True"/>
                                        <field name='total_assessable_value' invisible="True"/>
                                        <field name='untaxed_amount'/>
                                        <field name='transporatation_charges'/>
                                        <field name='final_grand_total'/>                                          
                                        <button name="action_calculate" string="(update)" type="object" class="oe_edit_only oe_link" /><newline/>
                                    </group>-->
                                </group>
                            </page>
                            <page  string="Other Details">
                                <group colspan="2" col="6">
                                    <field name ="destination"/>
                                    <field name ="terms_delivery"/>
                                    <field name ="vehicle_no"  />
                                    <field name ="port_of_discharge"/>
                                    <field name ="bank_details"/>
                                    <field name ="other_ref" />
                                    <field name ="goods_datetime" />
                                    <field name ="invoice_datetime"/>
                                    <field name ="exporter_datetime"/>
                                    <field name ="bl_no"/> 
                                    <field name ="bl_date"/> 
                                    <field name ="vessal_name"/> 
                                    <field name ="country_origin"/>
                                    <field name ="serial_no"/>
                                    <field name ="form_to_recieve"/>
                                    <field name ="delivery_note"/>
                                    <field name ="delivery_date"/>
                                </group>
                                <group name="payment_options" string="Advanced Payment Details">
                                    <group colspan="4" col="4">
                                        <field name='any_adv_payment'/>
                                        <field name='advance_payment_type'/>
                                        <field name='cash_amount' attrs="{'invisible':[('advance_payment_type', 'in', ('cheque','demand_draft'))]}"/>
                                        <field name='cash_remarks' attrs="{'invisible':[('advance_payment_type', 'in', ('cheque','demand_draft'))]}"/>
                                        <field name='cheque_amount' attrs="{'invisible':[('advance_payment_type', 'in', ('cash','demand_draft'))]}"/>
                                        <field name='cheque_no' attrs="{'invisible':[('advance_payment_type', 'in', ('cash','demand_draft'))]}"/>
                                        <field name='cheque_remarks' attrs="{'invisible':[('advance_payment_type', 'in', ('cash','demand_draft'))]}"/>
                                        <field name='draft_amount' attrs="{'invisible':[('advance_payment_type', 'in', ('cash','cheque'))]}"/>
                                        <field name='draft_no' attrs="{'invisible':[('advance_payment_type', 'in', ('cash','cheque'))]}"/>
                                        <field name='draft_remarks' attrs="{'invisible':[('advance_payment_type', 'in', ('cash','cheque'))]}"/>
                                    </group>
                                    <group string="Remarks">
                                        <field name ="remarks"/> 
                                        <field name ="excise_declaration"/> 
                                    </group>
                                </group>
                            </page>
                            <!--<page string="Extra" invisible="True">
                                <group name="other_tax_details"  string='Other Tax Details'>
                                    <group colspan="2" col="6">
                                        <field name='bed_type' options="{'no_create': True, 'no_open': True, 'no_create_edit' : True}"/>
                                        <field name='bed_percentage' attrs="{'invisible':[('bed_qty','&gt;','0')]}"/>
                                        <field name='bed_qty' attrs="{'invisible':[('bed_percentage','&gt;','0')]}"/>
                                        <field name='bed_amt'/>
                                        </group>  
                                        <group colspan="2" col="6">
                                        <field name='ed_cess_type' options="{'no_create': True, 'no_open': True, 'no_create_edit' : True}"/>
                                        <field name='ed_cess_percentage' attrs="{'invisible':[('ed_cess_qty','&gt;','0')]}"/> 
                                        <field name='ed_cess_qty' attrs="{'invisible':[('ed_cess_percentage','&gt;','0')]}"/>
                                        <field name='ed_cess_amt'/>
                                        </group>  
                                        <group colspan="2" col="6">  
                                        <field name='sec_cess_type' options="{'no_create': True, 'no_open': True, 'no_create_edit' : True}"/>
                                        <field name='sec_cess_percentage' attrs="{'invisible':[('sec_cess_qty','&gt;','0')]}"/> 
                                        <field name='sec_cess_qty' attrs="{'invisible':[('sec_cess_percentage','&gt;','0')]}"/>
                                        <field name='sec_cess_amt'/>
                                    </group>
                                    <group colspan="2" col="4">
                                        <field name="tax_id" options="{'no_create': True, 'no_open': True, 'no_create_edit' : True}"/>
                                        <field name='tax_value'  />
                                        <field name='total_tax' />
                                    </group>
                                    <group colspan="2" col="4">
                                        <field name="vat_id" options="{'no_create': True, 'no_open': True, 'no_create_edit' : True}"/>
                                        <field name='vat_value'  />
                                        <field name='total_vat' />
                                    </group>
                                    <group colspan="2" col="4">
                                        <field name="cst_id" options="{'no_create': True, 'no_open': True, 'no_create_edit' : True}"/>
                                        <field name='cst_value'  />
                                        <field name='total_cst' />
                                    </group>
                                    <group colspan="2" col="4">
                                        <field name="sbc_id" options="{'no_create': True, 'no_open': True, 'no_create_edit' : True}"/>
                                        <field name='sbc_value'  />
                                        <field name='total_sbc' />
                                    </group>
                                    <group colspan="2" col="4">
                                        <field name="kkc_id" options="{'no_create': True, 'no_open': True, 'no_create_edit' : True}"/>
                                        <field name='kkc_value'  />
                                        <field name='total_kkc' />
                                    </group>
                                </group>
                                
                            </page>-->
                        </notebook>
                </form>
            </field>
        </record>
        <record model="ir.ui.view" id="view_prakruti_sales_invoice_tree">
            <field name="name">Sales Invoice</field>
            <field name="model">prakruti.sales_invoice</field>
            <field name="arch" type="xml">
                <tree string="Sales Invoice" colors="orange:state =='partially_confirmed';salmon:state =='return'" create= "false">
                    <field name ="invoice_type"/>
                    <field name ="invoice_no"/>
                    <field name ="invoice_date"/>
                    <field name ="dispatch_no" />
                    <field name ="order_no" />
                    <field name ="customer_id" />
                    <field name ="order_no" />
                    <field name="state"/>
                </tree>
            </field>
        </record>   
        <record model="ir.actions.act_window" id="prakruti_sales_invoice_action">
            <field name="name">Sales Invoice</field>
            <field name="res_model">prakruti.sales_invoice</field>
            <field name="view_type">form</field>
            <field name="view_mode">tree,form,pivot</field>
        </record>

        <menuitem name="Sales Invoice" id="prakruti_sales_invoice_menu"
            action="prakruti_sales_invoice_action" sequence="4"
                  parent="prakruti_sales_main_sub_menu" groups="group_prakruti_sales_invoice_read_only,group_prakruti_sales_invoice_edit,group_prakruti_sales_invoice_create,group_prakruti_sales_invoice_delete"/>
        
</data>
</openerp>
