<?xml version="1.0" encoding="utf-8"  ?>
<openerp>
 <data>
        
        <record model="ir.ui.view" id="view_prakruti_sales_quotation_search">
            <field name="name">prakruti.sales_quotation.search</field>
            <field name="model">prakruti.sales_quotation</field>
            <field name="arch" type="xml">
                <search string="Product Wise Search">
                    <field name="product_id"/>
                    <field name='quotation_no'/>
                    <field name='quotation_date'/>
                    <field name='inquiry_no'/>
                    <field name='customer_id'/>
                    <field name="state"/>
                    <field name='revised_status' />
                    <field name='type_of_gst'/>
                </search>
            </field>
        </record>
     <record model="ir.ui.view" id="view_prakruti_sales_quotation_pivot">
            <field name="name">prakruti.sales_quotation.pivot</field>
            <field name="model">prakruti.sales_quotation</field>
            <field name="arch" type="xml">
                <pivot string="Sales Quotation" display_quantity="True">
                    <field name="customer_id" type="row"/>
                    <field name="quotation_id"/>
                </pivot>
            </field>
        </record>
     <record model="ir.ui.view" id="view_prakruti_sales_quotation_form">
        <field name="name">Sales Quotation</field>
        <field name="model">prakruti.sales_quotation</field>
        <field name="arch" type="xml">
            <form string="Sales Quotation" create= "false">
                <header position="inside"> 
                    <button name="action_to_order" string="To Order" type="object" attrs="{'invisible':[('state', 'not in', ('quotation'))]}"/>
                     <field name='state' widget='statusbar'/>
                     <field name='revised_status' widget='statusbar' attrs="{'invisible':[('revised_status', 'not in', ('revised'))]}"/>
                     </header>
                     <group>
                        <field name='auto_no' invisible="True"/>                                 
                        <field name='req_no_control_id' invisible="True"/>
                        <field name='qo_no' invisible="True"/>
<!--                         <field name='calculation_flag' invisible="True"/> -->
<!--                         <field name ="order_type" invisible="True"/> -->
                    </group>
                        <group name = 'sales_quotation' string = 'Sales Quotation'/>
                            <group colspan="4" col="4">
                                <field name ="inquiry_no"/>
                                <field name ="inquiry_date" readonly="True"/>
                                <field name ="quotation_date" attrs="{'readonly':[('state', 'not in', ('quotation'))]}"/>
                                <field name ="quotation_no" />
                                <field name ="customer_id" options="{'no_create': True, 'no_open': True, 'no_create_edit' : True}" readonly="True"/>
                                <field name='type_of_gst'/>
                                <field name ="product_type_id" options="{'no_create': True, 'no_open': True, 'no_create_edit' : True}" readonly= "True"/>
                                <field name='shipping_id' options="{'no_create': True, 'no_open': True, 'no_create_edit' : True}" attrs="{'readonly':[('state', 'not in', ('quotation'))]}"/>
                                <field name='billing_id' options="{'no_create': True, 'no_open': True, 'no_create_edit' : True}" attrs="{'readonly':[('state', 'not in', ('quotation'))]}"/>
                                <field name='quotation_id'  options="{'no_create': True, 'no_open': True, 'no_create_edit' : True}"/>
                                <field name='company_id' options="{'no_create': True, 'no_open': True, 'no_create_edit' : True}"/>
<!--                                 <field name ="type_of_product"/> -->
<!--                                 <field name ="type_of_order"/> -->
                                <field name='requested_id'  options="{'no_create': True, 'no_open': True, 'no_create_edit' : True}" invisible="True"/>
                            </group>
                        <notebook colspan="2">                        
                            <page string='Product Details'>
                                <field name='grid_id' attrs="{'readonly':[('state', 'not in', ('quotation'))]}" >
                                        <tree editable='bottom' create= "false" delete= "false">
                                            <field name='product_id' on_change="onchange_product(product_id)" options="{'no_create': True, 'no_open': True, 'no_create_edit' : True}" domain="[ ('group_ref','=',parent.product_type_id)]" readonly="True"/>
                                            <field name="description" readonly="True"/>
                                            <field name='uom_id' options="{'no_create': True, 'no_open': True, 'no_create_edit' : True}" readonly="True"/>
                                            <field name='specification_id' domain="[('product_id','=',product_id)]" options="{'no_create': True, 'no_open': True, 'no_create_edit' : True}" readonly="True"/>
                                            <!-- GST ENTRY -->
                                            <!-- ################################################ -->
                                            <field name='hsn_code' readonly="True"/>
                                            <field name='quantity' readonly="True"/><!-- OLD ENTRY -->
                                            <field name='unit_price'/><!-- OLD ENTRY -->
                                            <field name='amount'/>
                                            <field name='discount' />
                                            <field name='taxable_value'/>
                                            <field name='proportionate_amount_to_products' invisible="True"/>
                                            <field name='taxable_value_with_charges'/>
                                            <field name='gst_rate' invisible="True"/>
                                            <field name='cgst_id' options="{'no_create': True, 'no_open': True, 'no_create_edit' : True}"/>
                                            <field name='cgst_value' invisible="True"/>
                                            <field name='cgst_amount'/>
                                            <field name='sgst_id' options="{'no_create': True, 'no_open': True, 'no_create_edit' : True}"/>
                                            <field name='sgst_value' invisible="True"/>
                                            <field name='sgst_amount'/>
                                            <field name='igst_id' options="{'no_create': True, 'no_open': True, 'no_create_edit' : True}"/>
                                            <field name='igst_value' invisible="True"/>
                                            <field name='igst_amount'/>
                                            <!-- ################################################ -->
                                            <field name='total'/>
                                            <field name='remarks'/>
                                            
                                            <!-- GST ENTRY Made Invisible-->
                                            <!--<field name ="type_of_product" invisible="True"/>
                                            <field name ="type_of_order" invisible="True"/>
                                            <field name='total1'  invisible="True"/>
                                            <field name ="order_type" invisible="True" />
                                            <field name='tarrif_id'  invisible="True" />
                                            <field name='mrp' invisible="True"/>-->
                                        </tree>
                                    </field>
                                    <!-- GST ENTRY Made Invisible-->
                                    <!--<field name='tax_line_id' attrs="{'readonly':[('state', 'not in', ('quotation'))]}" invisible="True">
                                        <tree editable='bottom'>
                                            <field name='tax_type' options="{'no_create': True, 'no_open': True, 'no_create_edit' : True}"/>
                                            <field name='select_type' />
                                            <field name='tax_percent' />
                                            <field name='tax_amount' invisible="True"/>
                                            <field name='total_value'/>
                                        </tree>
                                    </field>-->
                                    <group name="total_details"  string='Total'>
                                        <group class="oe_subtotal_footer oe_left">
                                            <field name='total_no_of_products' invisible="True"/>
                                            <field name='proportionate_amount_to_products' invisible="True"/>
                                            <field name='freight_charges'/>
                                            <field name='loading_and_packing_charges'/>
                                            <field name='insurance_charges'/>
                                            <field name='other_charges'/>
                                            <field name='all_additional_charges' invisible="True"/>
                                            <field name='total_amount_before_tax'/>
                                            <field name='total_cgst_amount' invisible="True"/>
                                            <field name='total_sgst_amount' invisible="True"/>
                                            <field name='total_igst_amount' invisible="True"/>
                                            <field name='total_gst_amount' />
                                            <field name='total_amount_after_tax'/>
                                        </group>
                                        <group>
                                            <field name="grand_total_in_words" invisible="True"/>
                                        </group>
                                        <!-- GST ENTRY Made Invisible-->
                                        <!--<group class="oe_subtotal_footer oe_right" invisible="True">
                                            <field name='subtotal' readonly="True"/>
                                            <field name='assessable_subtotal' invisible="True"/>
                                            <field name='assessable_value' invisible="True"/>
                                            <field name='total_assessable_value' invisible="True"/>
                                            <field name='untaxed_amount' readonly="True"/>
                                            <field name='transporatation_charges'/>
                                            <field name='final_grand_total' readonly="True"/>
                                            <button name="action_calculate" string="(update)" type="object" class="oe_edit_only oe_link"/><newline/>
                                        </group>-->
                                       
                                    </group>
                                </page>
                                <page string='Other details'>
                                    <group> 
                                        <field name='reference_no' attrs="{'readonly':[('state', 'not in', ('quotation'))]}"/>
                                        <field name='reference_date' attrs="{'readonly':[('state', 'not in', ('quotation'))]}"/>
                                        <field name='terms' attrs="{'readonly':[('state', 'not in', ('quotation'))]}"/>
                                        <field name='remarks' attrs="{'readonly':[('state', 'not in', ('quotation'))]}"/>
                                    </group>
                               </page>
                               <!-- GST ENTRY Made Invisible-->
                               <!--<page string="Extra" invisible="True" >
                                    <group>
                                        <field name='new_bed_amt' />
                                        <field name='new_ed_cess_amt' />
                                        <field name='new_sec_cess_amt' />
                                        <field name='new_total_tax' />
                                        <field name='new_total_vat' />
                                        <field name='new_total_cst' />
                                        <field name='new_total_sbc' />
                                        <field name='new_total_kkc' />
                                    </group>
                                </page>-->
                        </notebook>
                    
                </form>
            </field>
        </record>

        
        <!-- Tree view of Prakruti sales quotation Information -->
        <record model="ir.ui.view" id="view_prakruti_sales_quotation_tree">
            <field name="name">Sales Quotation</field>
            <field name="model">prakruti.sales_quotation</field>
            <field name="arch" type="xml">
                <tree string="Sales Quotation" colors="orange:state =='partially_confirmed';brown:state =='production_slip_confirmed';red:state =='rejected';green:state =='confirm';violet:state =='partial_order';" create= "false">
                    <field name='quotation_no'/>
                    <field name='quotation_date'/>
                    <field name='inquiry_no'/>
                    <field name='customer_id'/>
                    <field name="state"/>
                    <field name='revised_status' />
                </tree>
            </field>
        </record>   
        
        
        <!-- Action for purchase Information -->
        <record model="ir.actions.act_window" id="prakruti_sales_quotation_action">
            <field name="name">Sales Quotation</field>
            <field name="res_model">prakruti.sales_quotation</field>
            <field name="view_type">form</field>
            <field name="view_mode">tree,form,pivot</field>
        </record>
           
        <menuitem name="Sales Quotation" id="prakruti_sales_quotation_menu"
            action="prakruti_sales_quotation_action" sequence="2"
                  parent="prakruti_sales_main_sub_menu"
                  groups="prakruti.group_prakruti_sales_quotation_read_only,prakruti.group_prakruti_sales_quotation_edit,prakruti.group_prakruti_sales_quotation_create,prakruti.group_prakruti_sales_quotation_delete"/>
        
</data>
</openerp>
