<?xml version="1.0" encoding="utf-8"?>
<openerp>
    <data>
        
        <record model="ir.ui.view" id="view_prakruti_production_slip_search">
            <field name="name">prakruti.production_slip.search</field>
            <field name="model">prakruti.production_slip</field>
            <field name="arch" type="xml">
                <search string="Product Wise Search">
                    <field name="product_id"/>
                    <field name="slip_no"/>
                    <field name='slip_date'/>
                    <field name='order_no'/>
                    <field name='order_date'/>
                    <field name='customer_id' />
                    <field name='state'/>
                    <field name='revised_status'/>
                </search>
            </field>
        </record>
        
        
     <record model="ir.ui.view" id="view_prakruti_production_slip_pivot">
            <field name="name">prakruti.production_slip.pivot</field>
            <field name="model">prakruti.production_slip</field>
            <field name="arch" type="xml">
                <pivot string="Production Slip" display_quantity="True">
                    <field name="state" type="row"/>
                    <field name="customer_id"/>
                </pivot>
            </field>
        </record>
        
        <record model="ir.ui.view" id="view_prakruti_production_slip_form">
            <field name="name">Prakruti Production Slip Form</field>
            <field name="model">prakruti.production_slip</field>
            <field name="arch" type="xml">
                <form string="Production Slip" create= "false">
                    <header>
                            <button name="to_salesorder" string="Set to Confirm Order" type="object" attrs="{'invisible':[('state','in',('production_slip_confirmed','partially_confirmed','confirm','rejected','partially_invoiced','invoice','partial_order','without_qc_partially_confirmed','without_qc_invoice'))]}"/> 
                            <button name= 'action_reject' string= "Rejected" type="object" attrs="{'invisible':[('state','in',('rejected','production_slip_confirmed','partially_confirmed','confirm','partially_invoiced','invoice'))]}" groups="prakruti.group_sales_rejection_management"/>
                            <field name='state' widget='statusbar'/>
                            <field name='revised_status' widget='statusbar' attrs="{'invisible':[('revised_status', 'not in', ('revised'))]}"/>
                        </header>
                        <group colspan="4" col="4">
                            <field name='slip_no' readonly= 'True'/>
                            <field name='slip_date' attrs="{'readonly':[('state','in',('production_slip_confirmed','partially_confirmed','confirm'))]}"/>
                            <field name='order_no' readonly= 'True'/>
                            <field name='order_date' readonly= 'True'/>
                            <field name='company_id' options="{'no_create': True, 'no_open': True}" readonly="True"/>
                            <field name='customer_id' readonly= 'True'/>
                            <field name='order_id'  options="{'no_create': True, 'no_open': True, 'no_create_edit' : True}" invisible="True"/>
                            <field name='requested_id'  options="{'no_create': True, 'no_open': True, 'no_create_edit' : True}" invisible="True"/>
                            <field name='quotation_id'  options="{'no_create': True, 'no_open': True, 'no_create_edit' : True}" invisible="True"/>
                        </group>
                        <group>
                            <field name='product_type_id' invisible="True"/>
                            <field name='sl_no' invisible="True"/>
                            <field name='auto_no' invisible="True"/>
                            <field name='req_no_control_id' invisible="True"/>
                            <field name='quotation_no' invisible="True"/>
                            <field name='quotation_date' invisible="True"/>
                            <field name='inquiry_date' invisible="True"/>
                            <field name='inquiry_no' invisible="True"/>
                            <field name='billing_id' invisible="True"/>
                            <field name='remarks' invisible="True"/>
                            <field name='terms' invisible="True"/>
<!--                             <field name='order_type' invisible="True"/> -->
                            <field name='all_send_to_request' invisible="True"/>
                            <field name='all_send_to_planning' invisible="True"/>
                        </group>
                        <notebook>
                            <page string="Product Info.">                  
                                <button name="check_stock" string="Check Stock" type="object" />              
                                <button name="raise_planning" string="Production Planning" type="object" attrs="{'invisible':[('all_send_to_planning','=',1)]}"/>              
                                <button name="raise_bmr_requisition" string="Send BMR Request" type="object" attrs="{'invisible':[('all_send_to_request','=',1)]}"/>
                                <field name='grid_id' widget= 'one2many_list' attrs="{'readonly':[('state','in',('production_slip_confirmed','partially_confirmed','confirm','rejected'))]}">
                                    <tree editable='bottom' create='false' delete= "false">
                                        <field name="product_id" on_change="onchange_product(product_id)" options="{'no_create': True, 'no_open': True}" readonly='True'/>
                                        <field name="specification_id" options="{'no_create': True, 'no_open': True}" readonly= 'True' />
                                        <field name="uom_id" options="{'no_create': True, 'no_open': True}" readonly= 'True' />
                                        <field name="description" readonly= 'True' /> 
                                        <field name="store_qty" />                       
                                        <field name='ordered_qty' readonly= 'True'/>    
                                        <field name="quantity" readonly= 'True'/>                        
                                        <field name='total_scheduled_qty' />                                    
                                        <field name='total_dispatched_qty' />    
                                        <field name="req_date" readonly= 'True'/>
                                        <field name="scheduled_date" />
                                        <field name="scheduled_qty" />                                        
                                        <field name='balance_qty' />
                                        <field name="bmr_status" />
                                        <field name="planning_status" />
                                        <field name="planning_done" />  
                                        <field name="remarks" />
                                        <field name="bmr_flag" invisible="True"/>
                                        <field name="planning_flag" invisible="True"/>
<!--                                         <field name="batch_no" invisible= 'True'/> -->
<!--                                         <field name="mfg_date" invisible= 'True'/> -->
<!--                                         <field name="exp_date" invisible= 'True'/> -->
<!--                                         <field name="tarrif_id" invisible= 'True'/> -->
<!--                                         <field name="mrp" invisible= 'True'/> -->
                                        <field name="total" invisible= 'True'/>
<!--                                         <field name="total1" invisible= 'True'/> -->
                                        <field name="total_ordered_qty" invisible= 'True'/>
                                        <field name="so_line_grid_id" invisible= 'True'/>
                                        <field name="unit_price" invisible= 'True'/>
                                    </tree>
                                </field>
                            </page>
                            <page string="Remarks">
                                <group>
                                    <field name='reference_no' attrs="{'readonly':[('state','in',('production_slip_confirmed','partially_confirmed','confirm','rejected'))]}"/>
                                    <field name="remarks" attrs="{'readonly':[('state','in',('production_slip_confirmed','partially_confirmed','confirm','rejected'))]}"/>
                                </group>
                            </page>
                        </notebook>
                </form>
            </field>
        </record>
        
        <record model="ir.ui.view" id="view_prakruti_production_slip_tree">
            <field name="name">Prakruti Production Slip Tree</field>
            <field name="model">prakruti.production_slip</field>
            <field name="arch" type="xml">
                <tree string="Prakruti Dispatch" colors="orange:state =='partially_confirmed';brown:state =='production_slip_confirmed';red:state =='rejected';green:state =='confirm';violet:state =='partial_order';" create= "false">
                    <field name="slip_no"/>
                    <field name='slip_date'/>
                    <field name='order_no'/>
                    <field name='order_date'/>
                    <field name='customer_id' />
                    <field name='state'/>
                    <field name='revised_status' />
                </tree>
            </field>
        </record>
        
        <record model="ir.actions.act_window" id="prakruti_production_slip_action">
            <field name="name">Prakruti Production Slip</field>
            <field name="res_model">prakruti.production_slip</field>
            <field name="view_type">form</field>
            <field name="view_mode">tree,form,pivot</field>
        </record>
        
        <menuitem name="Production" id="prakruti_production_slip_main_menu" sequence="6" web_icon="prakruti,static/src/img/icons/mfg.png"/>
        <menuitem name="Production Transaction" id="prakruti_production_slip_main_sub_menu" parent="prakruti_production_slip_main_menu" sequence="1"/>
        <menuitem name="Production Slip" id="prakruti_production_slip_sub_menu1" parent="prakruti_production_slip_main_sub_menu" action="prakruti_production_slip_action" sequence="1" groups="group_prakruti_production_slip_read_only,group_prakruti_production_slip_edit,group_prakruti_production_slip_create,group_prakruti_production_slip_delete"/>
    
    </data>
</openerp>
