id,name,model_id:id,group_id:id,perm_read,perm_write,perm_create,perm_unlink

access_dispatch_report,report_access_dispatch_report,model_dispatch_report,prakruti_qweb_reports.group_dispatch_readonly,1,0,0,0

access_pending_purchase_order_report,report_access_pending_purchase_order_report,model_pending_purchase_order_report,prakruti_qweb_reports.group_pending_purchase_order_report_readonly,1,0,0,0

access_logistics_po_tracking_report,report_access_logistics_po_tracking_report,model_logistics_po_tracking_report,prakruti_qweb_reports.group_logistics_po_tracking_report_readonly,1,0,0,0

access_logistics_invoice_tracking_report,report_access_logistics_invoice_tracking_report,model_logistics_invoice_tracking_report,prakruti_qweb_reports.group_logistics_invoice_tracking_report_readonly,1,0,0,0

access_store_issue_report,report_access_store_issue_report,model_store_issue_report,prakruti_qweb_reports.group_store_issue_report_readonly,1,0,0,0

access_sales_order_statement_report,report_access_sales_order_statement_report,model_sales_order_statement_report,prakruti_qweb_reports.group_sales_order_statement_report_readonly,1,0,0,0

access_sales_order_report,report_access_sales_order_report,model_sales_order_report,prakruti_qweb_reports.group_sales_order_report_readonly,1,0,0,0

access_product_date_wise_report,report_access_product_date_wise_report,model_product_date_wise_report,prakruti_qweb_reports.group_product_date_wise_report_readonly,1,0,0,0

access_store_inward_report,report_access_store_inward_report,model_store_inward_report,prakruti_qweb_reports.group_store_inward_report_readonly,1,0,0,0

access_product_current_stock_report,report_access_product_current_stock_report,model_product_current_stock_report,prakruti_qweb_reports.group_product_current_stock_report_readonly,1,0,0,0

access_vendor_wise_list_report,report_access_vendor_wise_list_report,model_vendor_wise_list_report,prakruti_qweb_reports.group_vendor_wise_list_report_readonly,1,0,0,0