<?xml version="1.0" encoding="utf-8"?>
<openerp>
<data noupdate="0">    
    
    
   
     <record model="ir.module.category" id="module_prakruti_qweb_reports_readonly">
        <field name="name"> Reports</field>
        <field name="description"> Reports</field>
        <field name="sequence">20</field>
      </record>

      <record id="group_dispatch_readonly" model="res.groups">
        <field name="name">Monthly Dispatch Summary Report</field>
        <field name="category_id" ref="module_prakruti_qweb_reports_readonly"/>
    </record>

    
    
      <record id="group_logistics_invoice_tracking_report_readonly" model="res.groups">
        <field name="name">Invoice Tracking Report </field>
        <field name="category_id" ref="module_prakruti_qweb_reports_readonly"/>
       
    </record>

    
    
      <record id="group_logistics_po_tracking_report_readonly" model="res.groups">
        <field name="name">PO Logistics Tracking Report </field>
        <field name="category_id" ref="module_prakruti_qweb_reports_readonly"/>
    </record>
    
    
    
    
      <record id="group_pending_purchase_order_report_readonly" model="res.groups">
        <field name="name">Pending Purchase Order Report </field>
        <field name="category_id" ref="module_prakruti_qweb_reports_readonly"/>
    </record>
    
    
    
      <record id="group_sales_order_report_readonly" model="res.groups">
        <field name="name">Pending Sales Order Report </field>
        <field name="category_id" ref="module_prakruti_qweb_reports_readonly"/>
    </record>
    
    
    
      <record id="group_sales_order_statement_report_readonly" model="res.groups">
        <field name="name"> Sales Statement Report</field>
        <field name="category_id" ref="module_prakruti_qweb_reports_readonly"/>
    </record>
    
    
    
      <record id="group_store_inward_report_readonly" model="res.groups">
        <field name="name"> Store Inward Report </field>
        <field name="category_id" ref="module_prakruti_qweb_reports_readonly"/>
    </record>
    
    
    
      <record id="group_store_issue_report_readonly" model="res.groups">
        <field name="name"> Store Issue Summary Report</field>
        <field name="category_id" ref="module_prakruti_qweb_reports_readonly"/>
    </record>
    
    
      <record id="group_vendor_wise_list_report_readonly" model="res.groups">
        <field name="name">Vendor Wise Report</field>
        <field name="category_id" ref="module_prakruti_qweb_reports_readonly"/>
    </record>
    
    
      <record id="group_product_current_stock_report_readonly" model="res.groups">
        <field name="name">Product Current Availble Stock</field>
        <field name="category_id" ref="module_prakruti_qweb_reports_readonly"/>
    </record>
    
    
    
    
      <record id="group_product_date_wise_report_readonly" model="res.groups">
        <field name="name">Product Date Wise Report </field>
        <field name="category_id" ref="module_prakruti_qweb_reports_readonly"/>
    </record>
    
    
</data>
</openerp>
