<?xml version="1.0"?>
<openerp>
    <data>
        <report 
            id="action_report_product_current_stock" 
            model="product.product" 
            string="Product Current Stock"
            report_type="qweb-pdf"
            name="prakruti_qweb_reports.report_product_current_stock" 
            file="prakruti_qweb_reports.report_prakruti_product_current_stock"	    
            menu="False"
        />
        <report 
            id="action_report_product_date_wise" 
            model="product.product" 
            string="Product Date Wise Stock"
            report_type="qweb-pdf"
            name="prakruti_qweb_reports.report_product_date_wise" 
            file="prakruti_qweb_reports.report_prakruti_product_date_wise"	    
            menu="False"
        />
        
	
        <report 
            id="action_report_logistics_po_tracking" 
            model="prakruti.logistics_po_tracking" 
            string="PO Tracking Stock"
            report_type="qweb-pdf"
            name="prakruti_qweb_reports.report_logistics_po_tracking" 
            file="prakruti_qweb_reports.report_prakruti_logistics_po_tracking"	    
            menu="False"
        />
        
	
        <report 
            id="action_report_logistics_invoice_tracking" 
            model="prakruti.logistics_invoice_tracking" 
            string="Invoice TrackingStock"
            report_type="qweb-pdf"
            name="prakruti_qweb_reports.report_logistics_invoice_tracking" 
            file="prakruti_qweb_reports.report_prakruti_logistics_invoice_tracking"	    
            menu="False"
        />
        
	
        <report 
            id="action_report_dispatch" 
            model="prakruti.dispatch" 
            string=" Monthly Dispatch Summary Report "
            report_type="qweb-pdf"
            name="prakruti_qweb_reports.report_dispatch" 
            file="prakruti_qweb_reports.report_prakruti_dispatch"	    
            menu="False"
            />
        
	
        <report 
            id="action_report_store_issue" 
            model="prakruti.store_issue" 
            string=" Store Issue Summary Report "
            report_type="qweb-pdf"
            name="prakruti_qweb_reports.report_store_issue" 
            file="prakruti_qweb_reports.report_prakruti_store_issue"	    
            menu="False"
            />
        
	
        <report 
            id="action_report_sales_order" 
            model="prakruti.sales_order" 
            string=" Pending Sales Order Report "
            report_type="qweb-pdf"
            name="prakruti_qweb_reports.report_sales_order" 
            file="prakruti_qweb_reports.report_prakruti_sales_order"	    
            menu="False"
            />
        
	
        <report 
            id="action_report_vendor_wise_list" 
            model="res.partner" 
            string="Vendor Wise Report"
            report_type="qweb-pdf"
            name="prakruti_qweb_reports.report_vendor_wise_list" 
            file="prakruti_qweb_reports.report_prakruti_vendor_wise_list"    
            menu="False"
        />
        
	
        <report 
            id="action_report_pending_purchase_order" 
            model="prakruti.purchase_order" 
            string="Pending Purchase Order Report"
            report_type="qweb-pdf"
            name="prakruti_qweb_reports.report_pending_purchase_order" 
            file="prakruti_qweb_reports.report_prakruti_pending_purchase_order"    
            menu="False"
        />
        
	
        <report 
            id="action_report_store_inward" 
            model="prakruti.grn_inspection_details" 
            string="Store Inward Report"
            report_type="qweb-pdf"
            name="prakruti_qweb_reports.report_store_inward" 
            file="prakruti_qweb_reports.report_prakruti_store_inward"    
            menu="False"
        />
        
	
        <report 
            id="action_report_sales_order_statement" 
            model="prakruti.sales_order" 
            string=" Sales Statement Report "
            report_type="qweb-pdf"
            name="prakruti_qweb_reports.report_sales_order_statement" 
            file="prakruti_qweb_reports.report_prakruti_sales_order_statement"	    
            menu="False"
            />
    </data>
</openerp>
