<?xml version="1.0" encoding="utf-8"?>
<openerp>
 <data>
   <!--======= Purchase Order Tracking Details ======= -->
<!--     Search View     -->
        <record model="ir.ui.view" id="view_prakruti_logistics_po_tracking_search">
            <field name="name">prakruti.logistics_po_tracking.search</field>
            <field name="model">prakruti.logistics_po_tracking</field>
            <field name="arch" type="xml">
                <search string="Product Wise Search">
                    <field name="product_id"/>
                    <field name="po_no" />
                    <field name="order_date" />
                    <field name="vendor_id" />
                    <field name="tracking_number" />
                    <field name="expected_date" />
                    <field name="actual_date" />
                    <field name="status" />
                </search>
            </field>
        </record>
     <record model="ir.ui.view" id="view_prakruti_logistics_po_tracking_pivot">
            <field name="name">prakruti.logistics_po_tracking.pivot</field>
            <field name="model">prakruti.logistics_po_tracking</field>
            <field name="arch" type="xml">
                <pivot string=" Purchase Order Tracking " display_quantity="True">
                    <field name="tracking_number" type="row"/>
                    <field name="status"/>
                    <field name="vendor_id"/>   
                </pivot>
            </field>
        </record>
        
        <!-- Form view of Purchase Order Tracking Details -->
        <record model="ir.ui.view" id="view_prakruti_logistics_po_tracking_form">
            <field name="name">prakruti.logistics.po.tracking.form</field>
            <field name="model">prakruti.logistics_po_tracking</field>
            <field name="arch" type="xml">
                <form string="Purchase Order Tracking Details" create="false">  
                        <header position="inside">
                            <button name="order_in_transit" string="Proceed" type="object" attrs="{'invisible':['|',('state','=','reject'),('status', 'in', ('in_transit','deliver'))]}"/>
                            <button name="confirm_to_gate_pass" string="Gate Pass" type="object" attrs="{'invisible':['|',('state','=','reject'),('status', 'in', ('open','deliver'))]}"/>
                            <field name='state' widget='statusbar'/>
                        </header>
                        <group name="prakruti_logistics_po_tracking">
                            <group colspan="2" col="6" string="PO Details">
                                <field name="po_no"  />
                                <field name="order_date" readonly="True"/>
                                <field name="vendor_id" readonly="True"/>                                
                            </group>
                            <group colspan="2" col="6" string="Tracking Details">
                                <field name="tracking_number" attrs="{'readonly':[('status', 'in', ('in_transit','deliver'))]}"/>
                                <field name="status" readonly="True"/><br/><br/>                                
                                <field name="expected_date" attrs="{'readonly':[('status', 'in', ('in_transit','deliver'))]}"/>
                                <field name="actual_date" attrs="{'readonly':[('status', 'in', ('open','deliver'))]}"/>
                                <field name="vendor_accepted_delivery_date" attrs="{'readonly':[('status', 'in', ('open'))]}"/>
                                <field name="tracking_date" invisible="True"/>
                            </group>
                            <group colspan="2" col="6">
                                <field name="vehicle_no"  attrs="{'readonly':[('status', 'in', ('in_transit','deliver'))]}"/>
                                <field name="transport_name" attrs="{'readonly':[('status', 'in', ('in_transit','deliver'))]}"/>
                            </group>
                        </group>
                        <group name="purchase_order_details">                                  
                            <field name ="purchase_type" invisible="True"/>                              
                            <field name='pr_no' invisible= "True"/>
                            <field name='qa_no' invisible= "True"/>
                            <field name='qo_no' invisible= "True"/>
                            <field name='req_no' invisible= "True"/>
                            <field name="request_date" invisible= "True"/>
                            <field name="company_address" invisible= "True"/>
                            <field name='vendor_reference' invisible= "True"/>
                            <field name='dispatch_through' invisible= "True"/>
                            <field name='amount_untaxed' invisible= "True"/> 
                            <field name='frieght_charges_applied' invisible= "True"/>
                            <field name='frieght_charges' invisible= "True"/>  
                            <field name='packing_charges' invisible= "True"/>  
                            <field name='additional_charges' invisible= "True"/>
                            <field name="excise_id" invisible= "True"/>
                            <field name='excise_duty' invisible= "True"/>
                            <field name='total_discount' invisible= "True"/>
                            <field name='total_tax' invisible= "True"/>
                            <field name='total_excise_duty' invisible= "True"/>
                            <field name='grand_total' invisible= "True"/>
                            <field name="payment" invisible= "True"/>                                     
                            <field name='destination' invisible= "True"/>
                            <field name='other_reference' invisible= "True"/>
                            <field name="maintanence_manager" invisible= "True"/>                                   
                            <field name="purchase_manager"  invisible= "True"/>
                            <field name="stores_incharge"  invisible= "True"/>
                            <field name='terms_of_delivery' invisible= "True"/>
                            <field name='remarks' invisible= "True"/>
                            <field name='flag_count_display_product' invisible="True"/>
                        </group>
                        <notebook>
                            <page string="Product Details">
                                <field name='order_line'>
                                    <tree editable='bottom' create= "false" delete="false">
                                        <field name='product_id' readonly="True"/>
                                        <field name="no_of_packings" readonly="True"/>
                                        <field name="pack_per_qty" readonly="True"/>
                                        <field name="extra_packing" readonly="True"/>
                                        <field name='quantity' readonly="True"/>
                                        <field name='remarks' />
                                        <field name='description' invisible= "True"/>
                                        <field name='scheduled_date' invisible= "True"/>
                                        <field name='unit_price' invisible= "True"/>
                                        <field name='uom_id' invisible= "True"/>
                                        <field name='discount' invisible= "True"/>
                                        <field name='tax_id'  invisible= "True"/>
                                        <field name='tax_price' invisible= "True"/>
                                        <field name='subtotal' invisible= "True"/>
                                        <field name='status' invisible= "True"/>
                                        <field name="purchase_line_common_id" invisible= "True"/>  
                                    </tree>
                                </field>
                            </page>
                            <page string="Payment Details" invisible= "True">
                                <group>
                                    <group colspan="2" col="6">
                                        <field name='any_adv_payment'/>
                                        <field name='advance_payment_type' />
                                        <group string="Cash Details" >
                                            <field name='cash_amount' />
                                            <field name='cash_remarks' />
                                        </group>
                                        <group string="Cheque Details" >
                                            <field name='cheque_amount' />
                                            <field name='cheque_no' />
                                            <field name='cheque_remarks' />
                                        </group>
                                        <group string="Draft Details" >
                                            <field name='draft_amount' />
                                            <field name='draft_no' />
                                            <field name='draft_remarks' />
                                        </group>
                                    </group>
                                </group>
                            </page> 
                        </notebook>
                        <group colspan="4" col="4" string= "CheckList">
                            <field name='invoice_no_check' attrs="{'readonly':[('status', 'in', 'deliver')]}"/>
                            <field name='dc_no_inward_check' attrs="{'readonly':[('status', 'in', 'deliver')]}"/>
                            <field name='mod_vat_copy_collected_check' attrs="{'readonly':[('status', 'in', 'deliver')]}"/>
                            <field name='po_no_check' attrs="{'readonly':[('status', 'in', 'deliver')]}"/>
                            <field name='does_lr_copy_received_check' attrs="{'readonly':[('status', 'in', 'deliver')]}"/>
                        </group>  
                </form>
            </field>
        </record>
    
     
        <!-- Tree view of Purchase Order Tracking Details -->
        <record model="ir.ui.view" id="view_prakruti_logistics_po_tracking_tree">
            <field name="name">prakruti.logistics.po.tracking.tree</field>
            <field name="model">prakruti.logistics_po_tracking</field>
            <field name="arch" type="xml">
                <tree string="Purchase Order Tracking Details" create="false">
                    <field name="po_no" />
                    <field name="order_date" />
                    <field name="vendor_id" />
                    <field name="tracking_number" />
                    <field name="expected_date" />
                    <field name="actual_date" />
                    <field name="status" />
                </tree>
            </field>
        </record> 
        
        

        <!-- Action for Purchase Order Tracking Details -->
        <record model="ir.actions.act_window" id="prakruti_logistics_po_tracking_action">
            <field name="name">Purchase Order Tracking Details</field>
            <field name="res_model">prakruti.logistics_po_tracking</field>
            <field name="view_type">form</field>
            <field name="view_mode">tree,form,pivot</field>
        </record>
	
        
        <!--  Main Menu for Purchase Order Tracking Details       -->
        <menuitem name="Logistic" id="prakruti_logistics_po_tracking_main_menu" sequence="7"  web_icon="prakruti,static/src/img/icons/logistics.png"/>
	
        <!--  Main Sub Menu for Purchase Order Tracking Details       -->
        <menuitem name="PO/Invoice Tracking" id="prakruti_logistics_po_tracking_main_sub_menu" parent="prakruti_logistics_po_tracking_main_menu" sequence="1" />
        
        <!--  Sub Menu for Purchase Order Tracking Details       -->
        <menuitem name="PO Tracking" id="prakruti_logistics_po_tracking_sub_menu" 
                  action="prakruti_logistics_po_tracking_action" 
                  parent="prakruti_logistics_po_tracking_main_sub_menu" 
                  groups="group_prakruti_logistics_po_tracking_read_only,group_prakruti_logistics_po_tracking_edit,group_prakruti_logistics_po_tracking_create,group_prakruti_logistics_po_tracking_delete"
                  />

        
   

</data>
</openerp>
