<openerp>
    <data>

        <record id="view_partner_property_form" model="ir.ui.view">
            <field name="name">res.partner.product.property.form.inherit</field>
            <field name="model">res.partner</field>
            <field name="inherit_id" ref="base.view_partner_form"/>
            <field name="groups_id" eval="[(4, ref('product.group_sale_pricelist'))]"/>
            <field name="arch" type="xml"> 
                <group name="sale">
                    <field name="property_product_pricelist" groups="product.group_sale_pricelist" attrs="{'invisible': [('is_company','=',False),('parent_id','!=',False)]}"/>
                    <div name="parent_pricelists" groups="product.group_sale_pricelist" colspan="2" attrs="{'invisible': ['|',('is_company','=',True),('parent_id','=',False)]}">
                        <p>Pricelists are managed on <button name="open_commercial_entity" type="object" string="the parent company" class="oe_link"/></p>
                    </div>
                </group>
            </field>
        </record>

    </data>
</openerp>
