<?xml version="1.0" encoding="utf-8"?>
<openerp>
<data noupdate="1">
    

    
     
    
        <!-- ACCESS RIGHTS FOR MAIN PLANT -->
    <record model="ir.module.category" id="module_prakruti_main_plant">
        <field name="name">Main Plant</field>
        <field name="description">Prakruti Main Plant screen Rights</field>
        <field name="sequence">29</field>
    </record>
    
    <record id="group_prakruti_main_plant_read_only" model="res.groups">
        <field name="name">Read</field>
        <field name="category_id" ref="module_prakruti_main_plant"/>
    </record>
    
    <record id="group_prakruti_main_plant_edit" model="res.groups">
        <field name="name">Edit</field>
        <field name="category_id" ref="module_prakruti_main_plant"/>
    </record>
    
    <record id="group_prakruti_main_plant_create" model="res.groups">
        <field name="name">Create</field>
        <field name="category_id" ref="module_prakruti_main_plant"/>
    </record>
    
    <record id="group_prakruti_main_plant_delete" model="res.groups">
        <field name="name">Delete</field>
        <field name="category_id" ref="module_prakruti_main_plant"/>
    </record>      
    
    
    
    
    
     <!-- ACCESS RIGHTS FOR SUB PLANT -->
    <record model="ir.module.category" id="module_prakruti_sub_plant">
        <field name="name">Sub Plant</field>
        <field name="description">Prakruti Sub Plant screen Rights</field>
        <field name="sequence">29</field>
    </record>
    
    <record id="group_prakruti_sub_plant_read_only" model="res.groups">
        <field name="name">Read</field>
        <field name="category_id" ref="module_prakruti_sub_plant"/>
    </record>
    
    <record id="group_prakruti_sub_plant_edit" model="res.groups">
        <field name="name">Edit</field>
        <field name="category_id" ref="module_prakruti_sub_plant"/>
    </record>
    
    <record id="group_prakruti_sub_plant_create" model="res.groups">
        <field name="name">Create</field>
        <field name="category_id" ref="module_prakruti_sub_plant"/>
    </record>
    
    <record id="group_prakruti_sub_plant_delete" model="res.groups">
        <field name="name">Delete</field>
        <field name="category_id" ref="module_prakruti_sub_plant"/>
    </record>    
    
    
    
    
       
     <!-- ACCESS RIGHTS FOR SIEVE MATTER -->
    <record model="ir.module.category" id="module_prakruti_sieve_master">
        <field name="name">Sieve Master</field>
        <field name="description">Prakruti Sieve Master screen Rights</field>
        <field name="sequence">29</field>
    </record>
    
    <record id="group_prakruti_sieve_master_read_only" model="res.groups">
        <field name="name">Read</field>
        <field name="category_id" ref="module_prakruti_sieve_master"/>
    </record>
    
    <record id="group_prakruti_sieve_master_edit" model="res.groups">
        <field name="name">Edit</field>
        <field name="category_id" ref="module_prakruti_sieve_master"/>
    </record>
    
    <record id="group_prakruti_sieve_master_create" model="res.groups">
        <field name="name">Create</field>
        <field name="category_id" ref="module_prakruti_sieve_master"/>
    </record>
    
    <record id="group_prakruti_sieve_master_delete" model="res.groups">
        <field name="name">Delete</field>
        <field name="category_id" ref="module_prakruti_sieve_master"/>
    </record>   
    
    
    
    
    
     <!-- ACCESS RIGHTS FOR MESH MASTER -->
    <record model="ir.module.category" id="module_prakruti_mesh_master">
        <field name="name">Mesh Master</field>
        <field name="description">Prakruti Mesh Master screen Rights</field>
        <field name="sequence">29</field>
    </record>
    
    <record id="group_prakruti_mesh_master_read_only" model="res.groups">
        <field name="name">Read</field>
        <field name="category_id" ref="module_prakruti_mesh_master"/>
    </record>
    
    <record id="group_prakruti_mesh_master_edit" model="res.groups">
        <field name="name">Edit</field>
        <field name="category_id" ref="module_prakruti_mesh_master"/>
    </record>
    
    <record id="group_prakruti_mesh_master_create" model="res.groups">
        <field name="name">Create</field>
        <field name="category_id" ref="module_prakruti_mesh_master"/>
    </record>
    
    <record id="group_prakruti_mesh_master_delete" model="res.groups">
        <field name="name">Delete</field>
        <field name="category_id" ref="module_prakruti_mesh_master"/>
    </record>    
    
    
    
      
       
       
     <!-- ACCESS RIGHTS FOR MANAGE PARAMETERS-->
    <record model="ir.module.category" id="module_prakruti_manage_parameters">
        <field name="name">Manage Parameters</field>
        <field name="description">Prakruti Manage Parameters screen Rights</field>
        <field name="sequence">29</field>
    </record>
    
    <record id="group_prakruti_manage_parameters_read_only" model="res.groups">
        <field name="name">Read</field>
        <field name="category_id" ref="module_prakruti_manage_parameters"/>
    </record>
    
    <record id="group_prakruti_manage_parameters_edit" model="res.groups">
        <field name="name">Edit</field>
        <field name="category_id" ref="module_prakruti_manage_parameters"/>
    </record>
    
    <record id="group_prakruti_manage_parameters_create" model="res.groups">
        <field name="name">Create</field>
        <field name="category_id" ref="module_prakruti_manage_parameters"/>
    </record>
    
    <record id="group_prakruti_manage_parameters_delete" model="res.groups">
        <field name="name">Delete</field>
        <field name="category_id" ref="module_prakruti_manage_parameters"/>
    </record>    
    
    
    
    <!-- ACCESS RIGHTS FOR BATCH PARAMETERS-->
    <record model="ir.module.category" id="module_prakruti_batch_master">
        <field name="name">Batch Master</field>
        <field name="description">Prakruti Batch Master screen Rights</field>
        <field name="sequence">29</field>
    </record>
    
    <record id="group_prakruti_batch_master_read_only" model="res.groups">
        <field name="name">Read</field>
        <field name="category_id" ref="module_prakruti_batch_master"/>
    </record>
    
    <record id="group_prakruti_batch_master_edit" model="res.groups">
        <field name="name">Edit</field>
        <field name="category_id" ref="module_prakruti_batch_master"/>
    </record>
    
    <record id="group_prakruti_batch_master_create" model="res.groups">
        <field name="name">Create</field>
        <field name="category_id" ref="module_prakruti_batch_master"/>
    </record>
    
    <record id="group_prakruti_batch_master_delete" model="res.groups">
        <field name="name">Delete</field>
        <field name="category_id" ref="module_prakruti_batch_master"/>
    </record>    
    
        
    
    
        
     <!-- ACCESS RIGHTS FOR Machine-->
    <record model="ir.module.category" id="module_prakruti_machine">
        <field name="name"> Machine</field>
        <field name="description">Prakruti  Machine screen Rights</field>
        <field name="sequence">29</field>
    </record>
    
    <record id="group_prakruti_machine_read_only" model="res.groups">
        <field name="name">Read</field>
        <field name="category_id" ref="module_prakruti_machine"/>
    </record>
    
    <record id="group_prakruti_machine_edit" model="res.groups">
        <field name="name">Edit</field>
        <field name="category_id" ref="module_prakruti_machine"/>
    </record>
    
    <record id="group_prakruti_machine_create" model="res.groups">
        <field name="name">Create</field>
        <field name="category_id" ref="module_prakruti_machine"/>
    </record>
    
    <record id="group_prakruti_machine_delete" model="res.groups">
        <field name="name">Delete</field>
        <field name="category_id" ref="module_prakruti_machine"/>
    </record>    
    
    
    
     <!-- ACCESS RIGHTS FOR BREAK DOWN ITEM-->
    <record model="ir.module.category" id="module_prakruti_breakdown_item">
        <field name="name">Break Down Item</field>
        <field name="description">Prakruti Break Down Item screen Rights</field>
        <field name="sequence">29</field>
    </record>
    
    <record id="group_prakruti_breakdown_item_read_only" model="res.groups">
        <field name="name">Read</field>
        <field name="category_id" ref="module_prakruti_breakdown_item"/>
    </record>
    
    <record id="group_prakruti_breakdown_item_edit" model="res.groups">
        <field name="name">Edit</field>
        <field name="category_id" ref="module_prakruti_breakdown_item"/>
    </record>
    
    <record id="group_prakruti_breakdown_item_create" model="res.groups">
        <field name="name">Create</field>
        <field name="category_id" ref="module_prakruti_breakdown_item"/>
    </record>
    
    <record id="group_prakruti_breakdown_item_delete" model="res.groups">
        <field name="name">Delete</field>
        <field name="category_id" ref="module_prakruti_breakdown_item"/>
    </record>    
    
    
    
    
        
     <!-- ACCESS RIGHTS FOR Extraction Charges-->
    <record model="ir.module.category" id="module_prakruti_extraction_changes">
        <field name="name">Extraction Charges</field>
        <field name="description">Prakruti Extraction Charges screen Rights</field>
        <field name="sequence">29</field>
    </record>
    
    <record id="group_prakruti_extraction_changes_read_only" model="res.groups">
        <field name="name">Read</field>
        <field name="category_id" ref="module_prakruti_extraction_changes"/>
    </record>
    
    <record id="group_prakruti_extraction_changes_edit" model="res.groups">
        <field name="name">Edit</field>
        <field name="category_id" ref="module_prakruti_extraction_changes"/>
    </record>
    
    <record id="group_prakruti_extraction_changes_create" model="res.groups">
        <field name="name">Create</field>
        <field name="category_id" ref="module_prakruti_extraction_changes"/>
    </record>
    
    <record id="group_prakruti_extraction_changes_delete" model="res.groups">
        <field name="name">Delete</field>
        <field name="category_id" ref="module_prakruti_extraction_changes"/>
    </record>    
    
      
        
     <!-- ACCESS RIGHTS FOR STAGE-->
    <record model="ir.module.category" id="module_prakruti_stage">
        <field name="name">Stage</field>
        <field name="description">Prakruti Stage screen Rights</field>
        <field name="sequence">29</field>
    </record>
    
    <record id="group_prakruti_stage_read_only" model="res.groups">
        <field name="name">Read</field>
        <field name="category_id" ref="module_prakruti_stage"/>
    </record>
    
    <record id="group_prakruti_stage_edit" model="res.groups">
        <field name="name">Edit</field>
        <field name="category_id" ref="module_prakruti_stage"/>
    </record>
    
    <record id="group_prakruti_stage_create" model="res.groups">
        <field name="name">Create</field>
        <field name="category_id" ref="module_prakruti_stage"/>
    </record>
    
    <record id="group_prakruti_stage_delete" model="res.groups">
        <field name="name">Delete</field>
        <field name="category_id" ref="module_prakruti_stage"/>
    </record>    
    
        
     <!-- ACCESS RIGHTS FOR BOM SYRUP-->
    <record model="ir.module.category" id="module_prakruti_syrup">
        <field name="name">BOM Syrup</field>
        <field name="description">Prakruti Syrup screen Rights</field>
        <field name="sequence">29</field>
    </record>
    
    <record id="group_prakruti_syrup_read_only" model="res.groups">
        <field name="name">Read</field>
        <field name="category_id" ref="module_prakruti_syrup"/>
    </record>
    
    <record id="group_prakruti_syrup_edit" model="res.groups">
        <field name="name">Edit</field>
        <field name="category_id" ref="module_prakruti_syrup"/>
    </record>
    
    <record id="group_prakruti_syrup_create" model="res.groups">
        <field name="name">Create</field>
        <field name="category_id" ref="module_prakruti_syrup"/>
    </record>
    
    <record id="group_prakruti_syrup_delete" model="res.groups">
        <field name="name">Delete</field>
        <field name="category_id" ref="module_prakruti_syrup"/>
    </record>  
<!--      ACCESS RIGHTS FOR BILL OF MATERIAL--> -->

    <record model="ir.module.category" id="module_prakruti_bill_of_material">
        <field name="name">BOM Production</field>
        <field name="description">Prakruti BOM Production Rights</field>
        <field name="sequence">43</field>
      </record>

    <record id="group_prakruti_bill_of_material_read_only" model="res.groups">
        <field name="name">Read</field>
        <field name="category_id" ref="module_prakruti_bill_of_material"/>
    </record>

    <record id="group_prakruti_bill_of_material_edit" model="res.groups">
        <field name="name">Edit</field>
        <field name="category_id" ref="module_prakruti_bill_of_material"/>
    </record>

    <record id="group_prakruti_bill_of_material_create" model="res.groups">
        <field name="name">Create</field>
        <field name="category_id" ref="module_prakruti_bill_of_material"/>
    </record>

    <record id="group_prakruti_bill_of_material_delete" model="res.groups">
        <field name="name">Delete</field>
        <field name="category_id" ref="module_prakruti_bill_of_material"/>
    </record>
    
    
     <!-- ACCESS RIGHTS FOR BOM TABLET-->
    <record model="ir.module.category" id="module_prakruti_tablet">
        <field name="name">BOM Tablet</field>
        <field name="description">Prakruti Tablet screen Rights</field>
        <field name="sequence">29</field>
    </record>
    
    <record id="group_prakruti_tablet_read_only" model="res.groups">
        <field name="name">Read</field>
        <field name="category_id" ref="module_prakruti_tablet"/>
    </record>
    
    <record id="group_prakruti_tablet_edit" model="res.groups">
        <field name="name">Edit</field>
        <field name="category_id" ref="module_prakruti_tablet"/>
    </record>
    
    <record id="group_prakruti_tablet_create" model="res.groups">
        <field name="name">Create</field>
        <field name="category_id" ref="module_prakruti_tablet"/>
    </record>
    
    <record id="group_prakruti_tablet_delete" model="res.groups">
        <field name="name">Delete</field>
        <field name="category_id" ref="module_prakruti_tablet"/>
    </record>  
    
    
     <!-- ACCESS RIGHTS FOR PRODUCTION SYRUP-->
    <record model="ir.module.category" id="module_prakruti_syrup_production">
        <field name="name">Production Syrup</field>
        <field name="description">Prakruti Production Syrup screen Rights</field>
        <field name="sequence">29</field>
    </record>
    
    <record id="group_prakruti_syrup_production_read_only" model="res.groups">
        <field name="name">Read</field>
        <field name="category_id" ref="module_prakruti_syrup_production"/>
    </record>
    
    <record id="group_prakruti_syrup_production_edit" model="res.groups">
        <field name="name">Edit</field>
        <field name="category_id" ref="module_prakruti_syrup_production"/>
    </record>
    
    <record id="group_prakruti_syrup_production_create" model="res.groups">
        <field name="name">Create</field>
        <field name="category_id" ref="module_prakruti_syrup_production"/>
    </record>
    
    <record id="group_prakruti_syrup_production_delete" model="res.groups">
        <field name="name">Delete</field>
        <field name="category_id" ref="module_prakruti_syrup_production"/>
    </record>  
    
    
    
     
    <!--PRAKRUTI PRODUCTION -->
  <record model="ir.module.category" id="module_prakruti_production">
        <field name="name">Extraction Production</field>
        <field name="description">Prakruti Production Rights</field>
        <field name="sequence">30</field>
      </record>
    
      <record id="group_prakruti_production_read_only" model="res.groups">
        <field name="name">Read</field>
        <field name="category_id" ref="module_prakruti_production"/>
    </record>
    
     <record id="group_prakruti_production_create" model="res.groups">
        <field name="name">Create</field>
        <field name="category_id" ref="module_prakruti_production"/>
    </record>
    
    <record id="group_prakruti_production_edit" model="res.groups">
        <field name="name">Edit</field>
        <field name="category_id" ref="module_prakruti_production"/>
    </record>
    
     
    
     <record id="group_prakruti_production_delete" model="res.groups">
        <field name="name">Delete</field>
        <field name="category_id" ref="module_prakruti_production"/>
    </record>
    
    
     
    <!--PRAKRUTI TABLET PRODUCTION -->
  <record model="ir.module.category" id="module_prakruti_tablet_production">
        <field name="name">Tablet Production</field>
        <field name="description">Prakruti Tablet Production Rights</field>
        <field name="sequence">80</field>
      </record>
    
      <record id="group_prakruti_tablet_production_read_only" model="res.groups">
        <field name="name">Read</field>
        <field name="category_id" ref="module_prakruti_tablet_production"/>
    </record>
    
     <record id="group_prakruti_tablet_production_create" model="res.groups">
        <field name="name">Create</field>
        <field name="category_id" ref="module_prakruti_tablet_production"/>
    </record>
    
    <record id="group_prakruti_tablet_production_edit" model="res.groups">
        <field name="name">Edit</field>
        <field name="category_id" ref="module_prakruti_tablet_production"/>
    </record>
    
     
    
     <record id="group_prakruti_tablet_production_delete" model="res.groups">
        <field name="name">Delete</field>
        <field name="category_id" ref="module_prakruti_tablet_production"/>
    </record>

    
        <!--PRAKRUTI PTN  qc-->
  <record model="ir.module.category" id="module_prakruti_production_transfer_note_qc">
        <field name="name"> Production Transfer Note QC</field>
        <field name="description">Prakruti Production Transfer Note QC Rights</field>
        <field name="sequence">80</field>
      </record>
    
      <record id="group_prakruti_production_transfer_note_qc_read_only" model="res.groups">
        <field name="name">Read</field>
        <field name="category_id" ref="module_prakruti_production_transfer_note_qc"/>
    </record>
    
     <record id="group_prakruti_production_transfer_note_qc_create" model="res.groups">
        <field name="name">Create</field>
        <field name="category_id" ref="module_prakruti_production_transfer_note_qc"/>
    </record>
    
    <record id="group_prakruti_production_transfer_note_qc_edit" model="res.groups">
        <field name="name">Edit</field>
        <field name="category_id" ref="module_prakruti_production_transfer_note_qc"/>
    </record>
    
     <record id="group_prakruti_production_transfer_note_qc_delete" model="res.groups">
        <field name="name">Delete</field>
        <field name="category_id" ref="module_prakruti_production_transfer_note_qc"/>
    </record>
      
    <!--PRAKRUTI INWARD -->
  <record model="ir.module.category" id="module_prakruti_production_inward">
        <field name="name"> Production Inward</field>
        <field name="description">Prakruti Production Inward Rights</field>
        <field name="sequence">80</field>
      </record>
    
      <record id="group_prakruti_production_inward_read_only" model="res.groups">
        <field name="name">Read</field>
        <field name="category_id" ref="module_prakruti_production_inward"/>
    </record>
    
     <record id="group_prakruti_production_inward_create" model="res.groups">
        <field name="name">Create</field>
        <field name="category_id" ref="module_prakruti_production_inward"/>
    </record>
    
    <record id="group_prakruti_production_inward_edit" model="res.groups">
        <field name="name">Edit</field>
        <field name="category_id" ref="module_prakruti_production_inward"/>
    </record>
    
     <record id="group_prakruti_production_inward_delete" model="res.groups">
        <field name="name">Delete</field>
        <field name="category_id" ref="module_prakruti_production_inward"/>
    </record>
    
    
     <!--PRAKRUTI PTN -->
  <record model="ir.module.category" id="module_prakruti_production_transfer_note">
        <field name="name"> Production Transfer Note  </field>
        <field name="description">Prakruti Production Transfer Note  Rights</field>
        <field name="sequence">80</field>
      </record>
    
      <record id="group_prakruti_production_transfer_note_read_only" model="res.groups">
        <field name="name">Read</field>
        <field name="category_id" ref="module_prakruti_production_transfer_note"/>
    </record>
    
     <record id="group_prakruti_production_transfer_note_create" model="res.groups">
        <field name="name">Create</field>
        <field name="category_id" ref="module_prakruti_production_transfer_note"/>
    </record>
    
    <record id="group_prakruti_production_transfer_note_edit" model="res.groups">
        <field name="name">Edit</field>
        <field name="category_id" ref="module_prakruti_production_transfer_note"/>
    </record>
    
     <record id="group_prakruti_production_transfer_note_delete" model="res.groups">
        <field name="name">Delete</field>
        <field name="category_id" ref="module_prakruti_production_transfer_note"/>
    </record>
    
     <!--PRAKRUTI PTN HA -->
  <record model="ir.module.category" id="module_prakruti_production_transfer_note_ha">
        <field name="name"> Production Transfer Note QC HA</field>
        <field name="description">Prakruti Production Transfer Note QC HA Rights</field>
        <field name="sequence">80</field>
      </record>
    
      <record id="group_prakruti_production_transfer_note_ha_read_only" model="res.groups">
        <field name="name">Read</field>
        <field name="category_id" ref="module_prakruti_production_transfer_note_ha"/>
    </record>
    
     <record id="group_prakruti_production_transfer_note_ha_create" model="res.groups">
        <field name="name">Create</field>
        <field name="category_id" ref="module_prakruti_production_transfer_note_ha"/>
    </record>
    
    <record id="group_prakruti_production_transfer_note_ha_edit" model="res.groups">
        <field name="name">Edit</field>
        <field name="category_id" ref="module_prakruti_production_transfer_note_ha"/>
    </record>
    
     <record id="group_prakruti_production_transfer_note_ha_delete" model="res.groups">
        <field name="name">Delete</field>
        <field name="category_id" ref="module_prakruti_production_transfer_note_ha"/>
    </record>
    
      <!--PRAKRUTI Destruction -->
  <record model="ir.module.category" id="module_prakruti_destruction_note">
        <field name="name"> Production Destruction </field>
        <field name="description">Prakruti Production Destruction Rights</field>
        <field name="sequence">80</field>
      </record>
    
      <record id="group_prakruti_destruction_note_read_only" model="res.groups">
        <field name="name">Read</field>
        <field name="category_id" ref="module_prakruti_destruction_note"/>
    </record>
    
     <record id="group_prakruti_destruction_note_create" model="res.groups">
        <field name="name">Create</field>
        <field name="category_id" ref="module_prakruti_destruction_note"/>
    </record>
    
    <record id="group_prakruti_destruction_note_edit" model="res.groups">
        <field name="name">Edit</field>
        <field name="category_id" ref="module_prakruti_destruction_note"/>
    </record>
    
     <record id="group_prakruti_destruction_note_delete" model="res.groups">
        <field name="name">Delete</field>
        <field name="category_id" ref="module_prakruti_destruction_note"/>
    </record>

       <!--PRAKRUTI Process Order -->
  <record model="ir.module.category" id="module_prakruti_process_order">
        <field name="name"> Process Order </field>
        <field name="description">Prakruti  Process OrderRights</field>
        <field name="sequence">80</field>
      </record>
    
      <record id="group_prakruti_process_order_read_only" model="res.groups">
        <field name="name">Read</field>
        <field name="category_id" ref="module_prakruti_process_order"/>
    </record>
    
     <record id="group_prakruti_process_order_create" model="res.groups">
        <field name="name">Create</field>
        <field name="category_id" ref="module_prakruti_process_order"/>
    </record>
    
    <record id="group_prakruti_process_order_edit" model="res.groups">
        <field name="name">Edit</field>
        <field name="category_id" ref="module_prakruti_process_order"/>
    </record>
    
     <record id="group_prakruti_process_order_delete" model="res.groups">
        <field name="name">Delete</field>
        <field name="category_id" ref="module_prakruti_process_order"/>
    </record>
    
   <!--PRAKRUTI Shift Master -->
  <record model="ir.module.category" id="module_prakruti_shift_master">
        <field name="name"> Shift Master</field>
        <field name="description">Prakruti Shift Master</field>
        <field name="sequence">80</field>
      </record>
    
      <record id="group_prakruti_shift_master_read_only" model="res.groups">
        <field name="name">Read</field>
        <field name="category_id" ref="module_prakruti_shift_master"/>
    </record>
    
     <record id="group_prakruti_shift_master_edit" model="res.groups">
        <field name="name">Edit</field>
        <field name="category_id" ref="module_prakruti_shift_master"/>
    </record>
    
    <record id="group_prakruti_shift_master_create" model="res.groups">
        <field name="name">Create</field>
        <field name="category_id" ref="module_prakruti_shift_master"/>
    </record>
     <record id="group_prakruti_shift_master_delete" model="res.groups">
        <field name="name">Delete</field>
        <field name="category_id" ref="module_prakruti_shift_master"/>
    </record>


    
       <!--PRAKRUTI Shift Assignment -->
  <record model="ir.module.category" id="module_prakruti_shift_assignment">
        <field name="name"> Shift Assignment</field>
        <field name="description">Prakruti Shift Assignment Rights</field>
        <field name="sequence">80</field>
      </record>
    
      <record id="group_prakruti_shift_assignment_read_only" model="res.groups">
        <field name="name">Read</field>
        <field name="category_id" ref="module_prakruti_shift_assignment"/>
    </record>
    
     <record id="group_prakruti_shift_assignment_create" model="res.groups">
        <field name="name">Create</field>
        <field name="category_id" ref="module_prakruti_shift_assignment"/>
    </record>
    
    <record id="group_prakruti_shift_assignment_edit" model="res.groups">
        <field name="name">Edit</field>
        <field name="category_id" ref="module_prakruti_shift_assignment"/>
    </record>
     <record id="group_prakruti_shift_assignment_delete" model="res.groups">
        <field name="name">Delete</field>
        <field name="category_id" ref="module_prakruti_shift_assignment"/>
    </record>

    
    
       <!--PRAKRUTI Standard Product -->
  <record model="ir.module.category" id="module_prakruti_standard_product">
        <field name="name"> Standard Product</field>
        <field name="description">Prakruti Standard Product Rights</field>
        <field name="sequence">80</field>
      </record>
    
      <record id="group_prakruti_standard_product_read_only" model="res.groups">
        <field name="name">Read</field>
        <field name="category_id" ref="module_prakruti_standard_product"/>
    </record>
    
     <record id="group_prakruti_standard_product_create" model="res.groups">
        <field name="name">Create</field>
        <field name="category_id" ref="module_prakruti_standard_product"/>
    </record>
    
    <record id="group_prakruti_standard_product_edit" model="res.groups">
        <field name="name">Edit</field>
        <field name="category_id" ref="module_prakruti_standard_product"/>
    </record>
     <record id="group_prakruti_standard_product_delete" model="res.groups">
        <field name="name">Delete</field>
        <field name="category_id" ref="module_prakruti_standard_product"/>
    </record>

</data>
</openerp>
