<?xml version="1.0" encoding="utf-8"?>
<openerp>
<data>
<template id="report_production_transfernote_document">
<t t-name="prakruti_production.report_production_transfernote_document">
    <div class="page" style=" width: 215mm; height: 260mm; border:2px solid black; ">
        <table style="width: 214mm; border:1px solid black;">
            <tr>
                <td style="font-size:20px" align="center"><b>PRAKRUTI PRODUCTS PVT LIMITED</b></td>
            </tr>
            <tr>
                <td align="center"><p>Regd. Off: Sagar Complex, Maruti Temple Road, Karwar - 581301</p></td>
            </tr>
            <tr>
                <td align="center"><p>Factory: B 1/2, Navagadde, Agsoor, Ankola - 581314</p></td>
            </tr>          
        </table>
                        
        <table style="width: 214mm; border:1px solid black;">
            <tr>
                <td align="center"><b>PRODUCTION TRANSFER NOTE</b></td>
            </tr>         
        </table>
                        
        <table style="width: 214mm; border:1px solid black;">
            <tr>
                <td align="right" >PTN No:  <span class="inline" t-field="o.ptn_no"/></td>
            </tr>
            <tr>
                <td align="right">Date:   <span class="inline" t-field="o.date"/></td>
            </tr>
        </table>
        <table align="left" style="width: 107mm; border:1px solid black;">
       
            <tr>
                <td  align="left"> <b>From:</b><br/><span class="inline" t-field="o.dept_from"/></td>
           
             <table align="right" style="width: 107mm; border:1px solid black">
                    <tr>
                        <td  align="left"> <b>To:</b><br/><span class="inline" t-field="o.dept_to"/></td>
                        
                    </tr>
             </table>
             </tr>
        </table>
        <table style="width: 214mm; border:1px solid white;">
           
            <tr>
                <td  align="left"> Reference If Any:</td>
                <td><span class="inline" t-field="o.ref_if_any"/></td>
            </tr>
            
        </table>
           <tr>
                <td><p><b>Take the receipt of the following materials</b></p></td>
            </tr>                  
        <table class="table table-condensed" style="border:1px solid black; border-collapse: collapse;">
            <thead>
                <tr>
                    <th class="text-center" style="border: 1px solid #000000;"><strong>Sl.No</strong></th>
                    <th class="text-center" style="border: 1px solid #000000;"><strong>Name of the Products</strong></th>
                    <th class="text-center" style="border: 1px solid #000000;"><strong>QC Status</strong></th>
                    <th class="text-center" style="border: 1px solid #000000;"><strong>Packing Details</strong></th>
                    <th class="text-center" style="border: 1px solid #000000;"><strong>UOM</strong></th>
                    <th class="text-center" style="border: 1px solid #000000;"><strong>Remarks</strong></th>
            
                </tr>
            </thead>
            
                <tr t-foreach="o.grid_id" t-as="line">
                    <td class="col-xs-1" style="border: 1px solid #000000;">
                        <span t-esc="line_index+1"/>
                    </td>
                    <td style="border: 1px solid #000000;">
                        <span t-field="line.product_id"/>
                    </td>
                    <td style="border: 1px solid #000000;">
                        <span t-field="line.qc_status"/>
                    </td>
                    <td style="border: 1px solid #000000;">
                        <span t-field="line.packing_style"/>
                    </td>
                    <td style="border: 1px solid #000000;">
                        <span t-field="line.uom_id"/>
                    </td>
                    <td style="border: 1px solid #000000;">
                        <span t-field="line.remarks"/>
                    </td>
                </tr>
            </table>
                            
                        
            <table style="width: 214mm; border:1px solid black;">
                <tr>
                    <td align="left"  style="width: 214mm; height:10mm; border:1px;"><strong>Prepared By:      </strong><span class="inline" t-field="o.prepared_by"/></td>
                    <td align="center"  style="width: 214mm; height:10mm; border:1px;"><strong>Stores Incharge:    </strong><span class="inline" t-field="o.store_incharge"/></td>
                    <td align="right" style="width: 214mm; height:10mm; border:1px;"><strong>Approved By:   </strong><span class="inline" t-field="o.approved_by"/></td>
                </tr> 

            </table>
            
            <table style="width: 214mm; border:1px solid black;">
                <tr>
                    <td align="left"><b>Doc No:</b>PPPL - PRD -F - 001</td>
                    <td align="center"><b>Rev. No.:</b><span class="inline" t-field="o.rev_no"/></td>
                    <td align="right"><b>Date:</b><span class="inline" t-field="o.date"/></td>
                </tr>
            </table>
        </div>
    </t>
</template>
                
               
<template id="report_production_transfernote">
    <t t-call="report.html_container">
        <t t-foreach="docs" t-as="o">
            <t t-call="prakruti_production.report_production_transfernote_document" />
            </t>
        </t>
</template>

</data>
</openerp>
